##################################################################################
# Grid of water world sub-Neptune atmospheric escape models 
#   wind-ae (Broome+2025)
#
# Atmosphere Composition
#  HI: 1.12e-01
#  OI: 8.88e-01
#
# Parameters:
#   Mp: planet mass (M_earth)
#   Rp: planet radius (R_earth)
#   grav: planet gravity (m/s^2)
#   Teq: equilibrium temperature (K)
#   a: semi-major axis (au)
#   Fxuv: total XUV flux at planet's orbit (Fuv_earth)
#   mstar: stellar mass (Msun)
#   lstar: stellar luminosity (Lsun)
#   Mdot: atmospheric mass-loss rate (kg/s)
#   Mdot_OW17: atmospheric mass-loss rate from Owen & Wu 2017 (kg/s) [IGNORE FOR NOW]
#   ramp_to: 0- ramp success, else- ramp failed
#   run_wind: sim.run_wind() output. 0- wind launched, else- wind failed
#   rochelim: 0- planet outside Roche limit, 1- planet within Roche limit
#
# Created: November 03, 2025
# Units: SI, astronomical
# Pure H2O atmosphere, no conductive or bolometric heat/cool, static bcs.
##################################################################################

Mp	Rp	grav	Teq	a	Fxuv	mstar	lstar	Mdot	MdotOW17	ramp_to	run_wind	rochelim
0.20000	0.61678	5.150000	400	0.01644	7.33145e-02	0.100	0.00115	0.00000e+00	6.06290e+07	10	1	1
0.20000	0.61678	5.150000	400	0.01644	9.82388e-01	0.100	0.00115	0.00000e+00	6.06290e+07	10	1	1
0.20000	0.61678	5.150000	400	0.01644	1.31636e+01	0.100	0.00115	0.00000e+00	6.06290e+07	10	1	1
0.20000	0.61678	5.150000	400	0.01644	1.76388e+02	0.100	0.00115	0.00000e+00	6.06290e+07	10	1	1
0.20000	0.61678	5.150000	400	0.01644	2.36354e+03	0.100	0.00115	0.00000e+00	6.06290e+07	10	1	1
0.20000	0.61678	5.150000	400	0.04070	7.33145e-02	0.220	0.00707	0.00000e+00	4.35730e+07	10	1	1
0.20000	0.61678	5.150000	400	0.04070	9.82388e-01	0.220	0.00707	0.00000e+00	4.35730e+07	10	1	1
0.20000	0.61678	5.150000	400	0.04070	1.31636e+01	0.220	0.00707	0.00000e+00	4.35730e+07	10	1	1
0.20000	0.61678	5.150000	400	0.04070	1.76388e+02	0.220	0.00707	0.00000e+00	4.35730e+07	10	1	1
0.20000	0.61678	5.150000	400	0.04070	2.36354e+03	0.220	0.00707	0.00000e+00	4.35730e+07	10	1	1
0.20000	0.61678	5.150000	400	0.05815	7.33145e-02	0.300	0.01442	0.00000e+00	2.28167e+07	10	1	1
0.20000	0.61678	5.150000	400	0.05815	9.82388e-01	0.300	0.01442	0.00000e+00	2.28167e+07	10	1	1
0.20000	0.61678	5.150000	400	0.05815	1.31636e+01	0.300	0.01442	0.00000e+00	2.28167e+07	10	1	1
0.20000	0.61678	5.150000	400	0.05815	1.76388e+02	0.300	0.01442	0.00000e+00	2.28167e+07	10	1	1
0.20000	0.61678	5.150000	400	0.05815	2.36354e+03	0.300	0.01442	0.00000e+00	2.28167e+07	10	1	1
0.20000	0.61678	5.150000	400	0.14646	7.33145e-02	0.550	0.09151	0.00000e+00	3.44783e+06	10	1	1
0.20000	0.61678	5.150000	400	0.14646	9.82388e-01	0.550	0.09151	0.00000e+00	3.44783e+06	10	1	1
0.20000	0.61678	5.150000	400	0.14646	1.31636e+01	0.550	0.09151	0.00000e+00	3.44783e+06	10	1	1
0.20000	0.61678	5.150000	400	0.14646	1.76388e+02	0.550	0.09151	0.00000e+00	3.44783e+06	10	1	1
0.20000	0.61678	5.150000	400	0.14646	2.36354e+03	0.550	0.09151	0.00000e+00	3.44783e+06	10	1	1
0.20000	0.61678	5.150000	400	0.48417	7.33145e-02	1.000	1.00000	0.00000e+00	3.07888e+05	10	1	1
0.20000	0.61678	5.150000	400	0.48417	9.82388e-01	1.000	1.00000	0.00000e+00	3.07888e+05	10	1	1
0.20000	0.61678	5.150000	400	0.48417	1.31636e+01	1.000	1.00000	0.00000e+00	3.07888e+05	10	1	1
0.20000	0.61678	5.150000	400	0.48417	1.76388e+02	1.000	1.00000	0.00000e+00	3.07888e+05	10	1	1
0.20000	0.61678	5.150000	400	0.48417	2.36354e+03	1.000	1.00000	0.00000e+00	3.07888e+05	10	1	1
0.20000	0.61678	5.150000	675	0.00577	7.33145e-02	0.100	0.00115	0.00000e+00	8.27775e+08	10	1	1
0.20000	0.61678	5.150000	675	0.00577	9.82388e-01	0.100	0.00115	0.00000e+00	8.27775e+08	10	1	1
0.20000	0.61678	5.150000	675	0.00577	1.31636e+01	0.100	0.00115	0.00000e+00	8.27775e+08	10	1	1
0.20000	0.61678	5.150000	675	0.00577	1.76388e+02	0.100	0.00115	0.00000e+00	8.27775e+08	10	1	1
0.20000	0.61678	5.150000	675	0.00577	2.36354e+03	0.100	0.00115	0.00000e+00	8.27775e+08	10	1	1
0.20000	0.61678	5.150000	675	0.01429	7.33145e-02	0.220	0.00707	1.30161e+04	4.42566e+08	1	0	0
0.20000	0.61678	5.150000	675	0.01429	9.82388e-01	0.220	0.00707	1.58269e+05	4.42566e+08	1	0	0
0.20000	0.61678	5.150000	675	0.01429	1.31636e+01	0.220	0.00707	1.37038e+06	4.42566e+08	1	0	0
0.20000	0.61678	5.150000	675	0.01429	1.76388e+02	0.220	0.00707	5.94499e+06	4.42566e+08	1	0	0
0.20000	0.61678	5.150000	675	0.01429	2.36354e+03	0.220	0.00707	2.23300e+07	4.42566e+08	1	0	0
0.20000	0.61678	5.150000	675	0.02042	7.33145e-02	0.300	0.01442	0.00000e+00	2.18656e+08	10	1	1
0.20000	0.61678	5.150000	675	0.02042	9.82388e-01	0.300	0.01442	0.00000e+00	2.18656e+08	10	1	1
0.20000	0.61678	5.150000	675	0.02042	1.31636e+01	0.300	0.01442	0.00000e+00	2.18656e+08	10	1	1
0.20000	0.61678	5.150000	675	0.02042	1.76388e+02	0.300	0.01442	0.00000e+00	2.18656e+08	10	1	1
0.20000	0.61678	5.150000	675	0.02042	2.36354e+03	0.300	0.01442	2.23300e+07	2.18656e+08	1	0	0
0.20000	0.61678	5.150000	675	0.05143	7.33145e-02	0.550	0.09151	0.00000e+00	3.01359e+07	10	1	1
0.20000	0.61678	5.150000	675	0.05143	9.82388e-01	0.550	0.09151	0.00000e+00	3.01359e+07	10	1	1
0.20000	0.61678	5.150000	675	0.05143	1.31636e+01	0.550	0.09151	0.00000e+00	3.01359e+07	10	1	1
0.20000	0.61678	5.150000	675	0.05143	1.76388e+02	0.550	0.09151	0.00000e+00	3.01359e+07	10	1	1
0.20000	0.61678	5.150000	675	0.05143	2.36354e+03	0.550	0.09151	0.00000e+00	3.01359e+07	10	1	1
0.20000	0.61678	5.150000	675	0.17002	7.33145e-02	1.000	1.00000	0.00000e+00	2.56358e+06	10	1	1
0.20000	0.61678	5.150000	675	0.17002	9.82388e-01	1.000	1.00000	0.00000e+00	2.56358e+06	10	1	1
0.20000	0.61678	5.150000	675	0.17002	1.31636e+01	1.000	1.00000	0.00000e+00	2.56358e+06	10	1	1
0.20000	0.61678	5.150000	675	0.17002	1.76388e+02	1.000	1.00000	0.00000e+00	2.56358e+06	10	1	1
0.20000	0.61678	5.150000	675	0.17002	2.36354e+03	1.000	1.00000	0.00000e+00	2.56358e+06	10	1	1
0.20000	0.61678	5.150000	950	0.00291	7.33145e-02	0.100	0.00115	0.00000e+00	1.42671e+10	10	1	1
0.20000	0.61678	5.150000	950	0.00291	9.82388e-01	0.100	0.00115	0.00000e+00	1.42671e+10	10	1	1
0.20000	0.61678	5.150000	950	0.00291	1.31636e+01	0.100	0.00115	0.00000e+00	1.42671e+10	10	1	1
0.20000	0.61678	5.150000	950	0.00291	1.76388e+02	0.100	0.00115	0.00000e+00	1.42671e+10	10	1	1
0.20000	0.61678	5.150000	950	0.00291	2.36354e+03	0.100	0.00115	0.00000e+00	1.42671e+10	10	1	1
0.20000	0.61678	5.150000	950	0.00722	7.33145e-02	0.220	0.00707	0.00000e+00	2.69788e+09	10	1	1
0.20000	0.61678	5.150000	950	0.00722	9.82388e-01	0.220	0.00707	0.00000e+00	2.69788e+09	10	1	1
0.20000	0.61678	5.150000	950	0.00722	1.31636e+01	0.220	0.00707	0.00000e+00	2.69788e+09	10	1	1
0.20000	0.61678	5.150000	950	0.00722	1.76388e+02	0.220	0.00707	0.00000e+00	2.69788e+09	10	1	1
0.20000	0.61678	5.150000	950	0.00722	2.36354e+03	0.220	0.00707	0.00000e+00	2.69788e+09	10	1	1
0.20000	0.61678	5.150000	950	0.01031	7.33145e-02	0.300	0.01442	0.00000e+00	1.16540e+09	10	1	1
0.20000	0.61678	5.150000	950	0.01031	9.82388e-01	0.300	0.01442	0.00000e+00	1.16540e+09	10	1	1
0.20000	0.61678	5.150000	950	0.01031	1.31636e+01	0.300	0.01442	0.00000e+00	1.16540e+09	10	1	1
0.20000	0.61678	5.150000	950	0.01031	1.76388e+02	0.300	0.01442	0.00000e+00	1.16540e+09	10	1	1
0.20000	0.61678	5.150000	950	0.01031	2.36354e+03	0.300	0.01442	0.00000e+00	1.16540e+09	10	1	1
0.20000	0.61678	5.150000	950	0.02597	7.33145e-02	0.550	0.09151	1.30161e+04	1.33847e+08	1	0	0
0.20000	0.61678	5.150000	950	0.02597	9.82388e-01	0.550	0.09151	1.58269e+05	1.33847e+08	1	0	0
0.20000	0.61678	5.150000	950	0.02597	1.31636e+01	0.550	0.09151	1.37038e+06	1.33847e+08	1	0	0
0.20000	0.61678	5.150000	950	0.02597	1.76388e+02	0.550	0.09151	3.72597e+06	1.33847e+08	0	0	0
0.20000	0.61678	5.150000	950	0.02597	2.36354e+03	0.550	0.09151	9.54622e+06	1.33847e+08	0	0	0
0.20000	0.61678	5.150000	950	0.08584	7.33145e-02	1.000	1.00000	1.30161e+04	1.04822e+07	1	0	0
0.20000	0.61678	5.150000	950	0.08584	9.82388e-01	1.000	1.00000	1.58269e+05	1.04822e+07	1	0	0
0.20000	0.61678	5.150000	950	0.08584	1.31636e+01	1.000	1.00000	1.37038e+06	1.04822e+07	1	0	0
0.20000	0.61678	5.150000	950	0.08584	1.76388e+02	1.000	1.00000	5.94499e+06	1.04822e+07	1	0	0
0.20000	0.61678	5.150000	950	0.08584	2.36354e+03	1.000	1.00000	2.23300e+07	1.04822e+07	1	0	0
0.20000	0.61678	5.150000	1225	0.00175	7.33145e-02	0.100	0.00115	0.00000e+00	7.47957e+10	10	1	1
0.20000	0.61678	5.150000	1225	0.00175	9.82388e-01	0.100	0.00115	0.00000e+00	7.47957e+10	10	1	1
0.20000	0.61678	5.150000	1225	0.00175	1.31636e+01	0.100	0.00115	0.00000e+00	7.47957e+10	10	1	1
0.20000	0.61678	5.150000	1225	0.00175	1.76388e+02	0.100	0.00115	0.00000e+00	7.47957e+10	10	1	1
0.20000	0.61678	5.150000	1225	0.00175	2.36354e+03	0.100	0.00115	0.00000e+00	7.47957e+10	10	1	1
0.20000	0.61678	5.150000	1225	0.00434	7.33145e-02	0.220	0.00707	0.00000e+00	1.87131e+10	10	1	1
0.20000	0.61678	5.150000	1225	0.00434	9.82388e-01	0.220	0.00707	0.00000e+00	1.87131e+10	10	1	1
0.20000	0.61678	5.150000	1225	0.00434	1.31636e+01	0.220	0.00707	0.00000e+00	1.87131e+10	10	1	1
0.20000	0.61678	5.150000	1225	0.00434	1.76388e+02	0.220	0.00707	0.00000e+00	1.87131e+10	10	1	1
0.20000	0.61678	5.150000	1225	0.00434	2.36354e+03	0.220	0.00707	0.00000e+00	1.87131e+10	10	1	1
0.20000	0.61678	5.150000	1225	0.00620	7.33145e-02	0.300	0.01442	0.00000e+00	5.62436e+09	10	1	1
0.20000	0.61678	5.150000	1225	0.00620	9.82388e-01	0.300	0.01442	0.00000e+00	5.62436e+09	10	1	1
0.20000	0.61678	5.150000	1225	0.00620	1.31636e+01	0.300	0.01442	0.00000e+00	5.62436e+09	10	1	1
0.20000	0.61678	5.150000	1225	0.00620	1.76388e+02	0.300	0.01442	0.00000e+00	5.62436e+09	10	1	1
0.20000	0.61678	5.150000	1225	0.00620	2.36354e+03	0.300	0.01442	0.00000e+00	5.62436e+09	10	1	1
0.20000	0.61678	5.150000	1225	0.01562	7.33145e-02	0.550	0.09151	0.00000e+00	4.47064e+08	10	1	1
0.20000	0.61678	5.150000	1225	0.01562	9.82388e-01	0.550	0.09151	0.00000e+00	4.47064e+08	10	1	1
0.20000	0.61678	5.150000	1225	0.01562	1.31636e+01	0.550	0.09151	0.00000e+00	4.47064e+08	10	1	1
0.20000	0.61678	5.150000	1225	0.01562	1.76388e+02	0.550	0.09151	0.00000e+00	4.47064e+08	10	1	1
0.20000	0.61678	5.150000	1225	0.01562	2.36354e+03	0.550	0.09151	0.00000e+00	4.47064e+08	10	1	1
0.20000	0.61678	5.150000	1225	0.05162	7.33145e-02	1.000	1.00000	1.30161e+04	3.07062e+07	1	0	0
0.20000	0.61678	5.150000	1225	0.05162	9.82388e-01	1.000	1.00000	1.58269e+05	3.07062e+07	1	0	0
0.20000	0.61678	5.150000	1225	0.05162	1.31636e+01	1.000	1.00000	1.37038e+06	3.07062e+07	1	0	0
0.20000	0.61678	5.150000	1225	0.05162	1.76388e+02	1.000	1.00000	5.94499e+06	3.07062e+07	1	0	0
0.20000	0.61678	5.150000	1225	0.05162	2.36354e+03	1.000	1.00000	2.23300e+07	3.07062e+07	1	0	0
0.20000	0.61678	5.150000	1500	0.00117	7.33145e-02	0.100	0.00115	0.00000e+00	8.33909e+09	10	1	1
0.20000	0.61678	5.150000	1500	0.00117	9.82388e-01	0.100	0.00115	0.00000e+00	8.33909e+09	10	1	1
0.20000	0.61678	5.150000	1500	0.00117	1.31636e+01	0.100	0.00115	0.00000e+00	8.33909e+09	10	1	1
0.20000	0.61678	5.150000	1500	0.00117	1.76388e+02	0.100	0.00115	0.00000e+00	8.33909e+09	10	1	1
0.20000	0.61678	5.150000	1500	0.00117	2.36354e+03	0.100	0.00115	0.00000e+00	8.33909e+09	10	1	1
0.20000	0.61678	5.150000	1500	0.00289	7.33145e-02	0.220	0.00707	0.00000e+00	1.34920e+12	10	1	1
0.20000	0.61678	5.150000	1500	0.00289	9.82388e-01	0.220	0.00707	0.00000e+00	1.34920e+12	10	1	1
0.20000	0.61678	5.150000	1500	0.00289	1.31636e+01	0.220	0.00707	0.00000e+00	1.34920e+12	10	1	1
0.20000	0.61678	5.150000	1500	0.00289	1.76388e+02	0.220	0.00707	0.00000e+00	1.34920e+12	10	1	1
0.20000	0.61678	5.150000	1500	0.00289	2.36354e+03	0.220	0.00707	0.00000e+00	1.34920e+12	10	1	1
0.20000	0.61678	5.150000	1500	0.00414	7.33145e-02	0.300	0.01442	0.00000e+00	4.11515e+10	10	1	1
0.20000	0.61678	5.150000	1500	0.00414	9.82388e-01	0.300	0.01442	0.00000e+00	4.11515e+10	10	1	1
0.20000	0.61678	5.150000	1500	0.00414	1.31636e+01	0.300	0.01442	0.00000e+00	4.11515e+10	10	1	1
0.20000	0.61678	5.150000	1500	0.00414	1.76388e+02	0.300	0.01442	0.00000e+00	4.11515e+10	10	1	1
0.20000	0.61678	5.150000	1500	0.00414	2.36354e+03	0.300	0.01442	0.00000e+00	4.11515e+10	10	1	1
0.20000	0.61678	5.150000	1500	0.01041	7.33145e-02	0.550	0.09151	0.00000e+00	1.33436e+09	10	1	1
0.20000	0.61678	5.150000	1500	0.01041	9.82388e-01	0.550	0.09151	0.00000e+00	1.33436e+09	10	1	1
0.20000	0.61678	5.150000	1500	0.01041	1.31636e+01	0.550	0.09151	0.00000e+00	1.33436e+09	10	1	1
0.20000	0.61678	5.150000	1500	0.01041	1.76388e+02	0.550	0.09151	0.00000e+00	1.33436e+09	10	1	1
0.20000	0.61678	5.150000	1500	0.01041	2.36354e+03	0.550	0.09151	0.00000e+00	1.33436e+09	10	1	1
0.20000	0.61678	5.150000	1500	0.03443	7.33145e-02	1.000	1.00000	1.30161e+04	7.45554e+07	1	0	0
0.20000	0.61678	5.150000	1500	0.03443	9.82388e-01	1.000	1.00000	1.58269e+05	7.45554e+07	1	0	0
0.20000	0.61678	5.150000	1500	0.03443	1.31636e+01	1.000	1.00000	1.37038e+06	7.45554e+07	1	0	0
0.20000	0.61678	5.150000	1500	0.03443	1.76388e+02	1.000	1.00000	5.94499e+06	7.45554e+07	1	0	0
0.20000	0.61678	5.150000	1500	0.03443	2.36354e+03	1.000	1.00000	2.23300e+07	7.45554e+07	1	0	0
0.20000	0.52019	7.240000	400	0.01644	7.33145e-02	0.100	0.00115	2.73029e+03	2.96036e+07	0	0	0
0.20000	0.52019	7.240000	400	0.01644	9.82388e-01	0.100	0.00115	3.50032e+04	2.96036e+07	0	0	0
0.20000	0.52019	7.240000	400	0.01644	1.31636e+01	0.100	0.00115	3.60544e+05	2.96036e+07	0	0	0
0.20000	0.52019	7.240000	400	0.01644	1.76388e+02	0.100	0.00115	2.00959e+06	2.96036e+07	0	0	0
0.20000	0.52019	7.240000	400	0.01644	2.36354e+03	0.100	0.00115	6.01948e+06	2.96036e+07	0	0	0
0.20000	0.52019	7.240000	400	0.04070	7.33145e-02	0.220	0.00707	2.49505e+03	2.16717e+07	0	0	0
0.20000	0.52019	7.240000	400	0.04070	9.82388e-01	0.220	0.00707	3.23396e+04	2.16717e+07	0	0	0
0.20000	0.52019	7.240000	400	0.04070	1.31636e+01	0.220	0.00707	3.41619e+05	2.16717e+07	0	0	0
0.20000	0.52019	7.240000	400	0.04070	1.76388e+02	0.220	0.00707	1.94031e+06	2.16717e+07	0	0	0
0.20000	0.52019	7.240000	400	0.04070	2.36354e+03	0.220	0.00707	6.05781e+06	2.16717e+07	0	0	0
0.20000	0.52019	7.240000	400	0.05815	7.33145e-02	0.300	0.01442	2.46136e+03	1.13951e+07	0	0	0
0.20000	0.52019	7.240000	400	0.05815	9.82388e-01	0.300	0.01442	3.20094e+04	1.13951e+07	0	0	0
0.20000	0.52019	7.240000	400	0.05815	1.31636e+01	0.300	0.01442	3.39432e+05	1.13951e+07	0	0	0
0.20000	0.52019	7.240000	400	0.05815	1.76388e+02	0.300	0.01442	1.93278e+06	1.13951e+07	0	0	0
0.20000	0.52019	7.240000	400	0.05815	2.36354e+03	0.300	0.01442	6.05371e+06	1.13951e+07	0	0	0
0.20000	0.52019	7.240000	400	0.14646	7.33145e-02	0.550	0.09151	2.43069e+03	1.73391e+06	0	0	0
0.20000	0.52019	7.240000	400	0.14646	9.82388e-01	0.550	0.09151	3.17312e+04	1.73391e+06	0	0	0
0.20000	0.52019	7.240000	400	0.14646	1.31636e+01	0.550	0.09151	3.37864e+05	1.73391e+06	0	0	0
0.20000	0.52019	7.240000	400	0.14646	1.76388e+02	0.550	0.09151	1.92885e+06	1.73391e+06	0	0	0
0.20000	0.52019	7.240000	400	0.14646	2.36354e+03	0.550	0.09151	5.97758e+06	1.73391e+06	0	0	0
0.20000	0.52019	7.240000	400	0.48417	7.33145e-02	1.000	1.00000	2.41943e+03	1.55443e+05	0	0	0
0.20000	0.52019	7.240000	400	0.48417	9.82388e-01	1.000	1.00000	3.16333e+04	1.55443e+05	0	0	0
0.20000	0.52019	7.240000	400	0.48417	1.31636e+01	1.000	1.00000	3.37500e+05	1.55443e+05	0	0	0
0.20000	0.52019	7.240000	400	0.48417	1.76388e+02	1.000	1.00000	1.93149e+06	1.55443e+05	0	0	0
0.20000	0.52019	7.240000	400	0.48417	2.36354e+03	1.000	1.00000	6.03859e+06	1.55443e+05	0	0	0
0.20000	0.52019	7.240000	675	0.00577	7.33145e-02	0.100	0.00115	1.11690e+04	3.62096e+08	0	0	1
0.20000	0.52019	7.240000	675	0.00577	9.82388e-01	0.100	0.00115	0.00000e+00	3.62096e+08	10	1	1
0.20000	0.52019	7.240000	675	0.00577	1.31636e+01	0.100	0.00115	0.00000e+00	3.62096e+08	10	1	1
0.20000	0.52019	7.240000	675	0.00577	1.76388e+02	0.100	0.00115	0.00000e+00	3.62096e+08	10	1	1
0.20000	0.52019	7.240000	675	0.00577	2.36354e+03	0.100	0.00115	0.00000e+00	3.62096e+08	10	1	1
0.20000	0.52019	7.240000	675	0.01429	7.33145e-02	0.220	0.00707	3.23121e+03	2.11228e+08	0	0	0
0.20000	0.52019	7.240000	675	0.01429	9.82388e-01	0.220	0.00707	4.08857e+04	2.11228e+08	0	0	0
0.20000	0.52019	7.240000	675	0.01429	1.31636e+01	0.220	0.00707	4.04728e+05	2.11228e+08	0	0	0
0.20000	0.52019	7.240000	675	0.01429	1.76388e+02	0.220	0.00707	2.17214e+06	2.11228e+08	0	0	0
0.20000	0.52019	7.240000	675	0.01429	2.36354e+03	0.220	0.00707	6.14604e+06	2.11228e+08	0	0	0
0.20000	0.52019	7.240000	675	0.02042	7.33145e-02	0.300	0.01442	2.85719e+03	1.06022e+08	0	0	0
0.20000	0.52019	7.240000	675	0.02042	9.82388e-01	0.300	0.01442	3.64908e+04	1.06022e+08	0	0	0
0.20000	0.52019	7.240000	675	0.02042	1.31636e+01	0.300	0.01442	3.71706e+05	1.06022e+08	0	0	0
0.20000	0.52019	7.240000	675	0.02042	1.76388e+02	0.300	0.01442	2.05106e+06	1.06022e+08	0	0	0
0.20000	0.52019	7.240000	675	0.02042	2.36354e+03	0.300	0.01442	6.13402e+06	1.06022e+08	0	0	0
0.20000	0.52019	7.240000	675	0.05143	7.33145e-02	0.550	0.09151	2.56388e+03	1.49676e+07	0	0	0
0.20000	0.52019	7.240000	675	0.05143	9.82388e-01	0.550	0.09151	3.24723e+04	1.49676e+07	0	0	0
0.20000	0.52019	7.240000	675	0.05143	1.31636e+01	0.550	0.09151	3.46568e+05	1.49676e+07	0	0	0
0.20000	0.52019	7.240000	675	0.05143	1.76388e+02	0.550	0.09151	1.94330e+06	1.49676e+07	0	0	0
0.20000	0.52019	7.240000	675	0.05143	2.36354e+03	0.550	0.09151	5.98622e+06	1.49676e+07	0	0	0
0.20000	0.52019	7.240000	675	0.17002	7.33145e-02	1.000	1.00000	2.46809e+03	1.28880e+06	0	0	0
0.20000	0.52019	7.240000	675	0.17002	9.82388e-01	1.000	1.00000	3.16915e+04	1.28880e+06	0	0	0
0.20000	0.52019	7.240000	675	0.17002	1.31636e+01	1.000	1.00000	3.39812e+05	1.28880e+06	0	0	0
0.20000	0.52019	7.240000	675	0.17002	1.76388e+02	1.000	1.00000	1.92889e+06	1.28880e+06	0	0	0
0.20000	0.52019	7.240000	675	0.17002	2.36354e+03	1.000	1.00000	5.96998e+06	1.28880e+06	0	0	0
0.20000	0.52019	7.240000	950	0.00291	7.33145e-02	0.100	0.00115	0.00000e+00	3.87147e+09	10	1	1
0.20000	0.52019	7.240000	950	0.00291	9.82388e-01	0.100	0.00115	0.00000e+00	3.87147e+09	10	1	1
0.20000	0.52019	7.240000	950	0.00291	1.31636e+01	0.100	0.00115	0.00000e+00	3.87147e+09	10	1	1
0.20000	0.52019	7.240000	950	0.00291	1.76388e+02	0.100	0.00115	0.00000e+00	3.87147e+09	10	1	1
0.20000	0.52019	7.240000	950	0.00291	2.36354e+03	0.100	0.00115	0.00000e+00	3.87147e+09	10	1	1
0.20000	0.52019	7.240000	950	0.00722	7.33145e-02	0.220	0.00707	0.00000e+00	1.16878e+09	10	1	1
0.20000	0.52019	7.240000	950	0.00722	9.82388e-01	0.220	0.00707	0.00000e+00	1.16878e+09	10	1	1
0.20000	0.52019	7.240000	950	0.00722	1.31636e+01	0.220	0.00707	0.00000e+00	1.16878e+09	10	1	1
0.20000	0.52019	7.240000	950	0.00722	1.76388e+02	0.220	0.00707	0.00000e+00	1.16878e+09	10	1	1
0.20000	0.52019	7.240000	950	0.00722	2.36354e+03	0.220	0.00707	0.00000e+00	1.16878e+09	10	1	1
0.20000	0.52019	7.240000	950	0.01031	7.33145e-02	0.300	0.01442	5.39189e+03	5.30921e+08	0	0	1
0.20000	0.52019	7.240000	950	0.01031	9.82388e-01	0.300	0.01442	0.00000e+00	5.30921e+08	10	1	1
0.20000	0.52019	7.240000	950	0.01031	1.31636e+01	0.300	0.01442	0.00000e+00	5.30921e+08	10	1	1
0.20000	0.52019	7.240000	950	0.01031	1.76388e+02	0.300	0.01442	0.00000e+00	5.30921e+08	10	1	1
0.20000	0.52019	7.240000	950	0.01031	2.36354e+03	0.300	0.01442	0.00000e+00	5.30921e+08	10	1	1
0.20000	0.52019	7.240000	950	0.02597	7.33145e-02	0.550	0.09151	3.10803e+03	6.50246e+07	0	0	0
0.20000	0.52019	7.240000	950	0.02597	9.82388e-01	0.550	0.09151	3.60498e+04	6.50246e+07	0	0	0
0.20000	0.52019	7.240000	950	0.02597	1.31636e+01	0.550	0.09151	3.93866e+05	6.50246e+07	0	0	0
0.20000	0.52019	7.240000	950	0.02597	1.76388e+02	0.550	0.09151	2.03876e+06	6.50246e+07	0	0	0
0.20000	0.52019	7.240000	950	0.02597	2.36354e+03	0.550	0.09151	6.11335e+06	6.50246e+07	0	0	0
0.20000	0.52019	7.240000	950	0.08584	7.33145e-02	1.000	1.00000	2.64073e+03	5.23412e+06	0	0	0
0.20000	0.52019	7.240000	950	0.08584	9.82388e-01	1.000	1.00000	3.20209e+04	5.23412e+06	0	0	0
0.20000	0.52019	7.240000	950	0.08584	1.31636e+01	1.000	1.00000	3.52888e+05	5.23412e+06	0	0	0
0.20000	0.52019	7.240000	950	0.08584	1.76388e+02	1.000	1.00000	1.93380e+06	5.23412e+06	0	0	0
0.20000	0.52019	7.240000	950	0.08584	2.36354e+03	1.000	1.00000	6.00052e+06	5.23412e+06	0	0	0
0.20000	0.52019	7.240000	1225	0.00175	7.33145e-02	0.100	0.00115	0.00000e+00	9.34744e+13	10	1	1
0.20000	0.52019	7.240000	1225	0.00175	9.82388e-01	0.100	0.00115	0.00000e+00	9.34744e+13	10	1	1
0.20000	0.52019	7.240000	1225	0.00175	1.31636e+01	0.100	0.00115	0.00000e+00	9.34744e+13	10	1	1
0.20000	0.52019	7.240000	1225	0.00175	1.76388e+02	0.100	0.00115	0.00000e+00	9.34744e+13	10	1	1
0.20000	0.52019	7.240000	1225	0.00175	2.36354e+03	0.100	0.00115	0.00000e+00	9.34744e+13	10	1	1
0.20000	0.52019	7.240000	1225	0.00434	7.33145e-02	0.220	0.00707	0.00000e+00	6.18293e+09	10	1	1
0.20000	0.52019	7.240000	1225	0.00434	9.82388e-01	0.220	0.00707	0.00000e+00	6.18293e+09	10	1	1
0.20000	0.52019	7.240000	1225	0.00434	1.31636e+01	0.220	0.00707	0.00000e+00	6.18293e+09	10	1	1
0.20000	0.52019	7.240000	1225	0.00434	1.76388e+02	0.220	0.00707	0.00000e+00	6.18293e+09	10	1	1
0.20000	0.52019	7.240000	1225	0.00434	2.36354e+03	0.220	0.00707	0.00000e+00	6.18293e+09	10	1	1
0.20000	0.52019	7.240000	1225	0.00620	7.33145e-02	0.300	0.01442	0.00000e+00	2.22878e+09	10	1	1
0.20000	0.52019	7.240000	1225	0.00620	9.82388e-01	0.300	0.01442	0.00000e+00	2.22878e+09	10	1	1
0.20000	0.52019	7.240000	1225	0.00620	1.31636e+01	0.300	0.01442	0.00000e+00	2.22878e+09	10	1	1
0.20000	0.52019	7.240000	1225	0.00620	1.76388e+02	0.300	0.01442	0.00000e+00	2.22878e+09	10	1	1
0.20000	0.52019	7.240000	1225	0.00620	2.36354e+03	0.300	0.01442	0.00000e+00	2.22878e+09	10	1	1
0.20000	0.52019	7.240000	1225	0.01562	7.33145e-02	0.550	0.09151	0.00000e+00	2.09289e+08	10	1	1
0.20000	0.52019	7.240000	1225	0.01562	9.82388e-01	0.550	0.09151	0.00000e+00	2.09289e+08	10	1	1
0.20000	0.52019	7.240000	1225	0.01562	1.31636e+01	0.550	0.09151	0.00000e+00	2.09289e+08	10	1	1
0.20000	0.52019	7.240000	1225	0.01562	1.76388e+02	0.550	0.09151	0.00000e+00	2.09289e+08	10	1	1
0.20000	0.52019	7.240000	1225	0.01562	2.36354e+03	0.550	0.09151	0.00000e+00	2.09289e+08	10	1	1
0.20000	0.52019	7.240000	1225	0.05162	7.33145e-02	1.000	1.00000	3.14325e+03	1.51822e+07	0	0	0
0.20000	0.52019	7.240000	1225	0.05162	9.82388e-01	1.000	1.00000	3.29792e+04	1.51822e+07	0	0	0
0.20000	0.52019	7.240000	1225	0.05162	1.31636e+01	1.000	1.00000	3.96983e+05	1.51822e+07	0	0	0
0.20000	0.52019	7.240000	1225	0.05162	1.76388e+02	1.000	1.00000	1.95551e+06	1.51822e+07	0	0	0
0.20000	0.52019	7.240000	1225	0.05162	2.36354e+03	1.000	1.00000	6.12275e+06	1.51822e+07	0	0	0
0.20000	0.52019	7.240000	1500	0.00117	7.33145e-02	0.100	0.00115	0.00000e+00	1.09898e+10	10	1	1
0.20000	0.52019	7.240000	1500	0.00117	9.82388e-01	0.100	0.00115	0.00000e+00	1.09898e+10	10	1	1
0.20000	0.52019	7.240000	1500	0.00117	1.31636e+01	0.100	0.00115	0.00000e+00	1.09898e+10	10	1	1
0.20000	0.52019	7.240000	1500	0.00117	1.76388e+02	0.100	0.00115	0.00000e+00	1.09898e+10	10	1	1
0.20000	0.52019	7.240000	1500	0.00117	2.36354e+03	0.100	0.00115	0.00000e+00	1.09898e+10	10	1	1
0.20000	0.52019	7.240000	1500	0.00289	7.33145e-02	0.220	0.00707	0.00000e+00	6.41676e+10	10	1	1
0.20000	0.52019	7.240000	1500	0.00289	9.82388e-01	0.220	0.00707	0.00000e+00	6.41676e+10	10	1	1
0.20000	0.52019	7.240000	1500	0.00289	1.31636e+01	0.220	0.00707	0.00000e+00	6.41676e+10	10	1	1
0.20000	0.52019	7.240000	1500	0.00289	1.76388e+02	0.220	0.00707	0.00000e+00	6.41676e+10	10	1	1
0.20000	0.52019	7.240000	1500	0.00289	2.36354e+03	0.220	0.00707	0.00000e+00	6.41676e+10	10	1	1
0.20000	0.52019	7.240000	1500	0.00414	7.33145e-02	0.300	0.01442	0.00000e+00	1.08002e+10	10	1	1
0.20000	0.52019	7.240000	1500	0.00414	9.82388e-01	0.300	0.01442	0.00000e+00	1.08002e+10	10	1	1
0.20000	0.52019	7.240000	1500	0.00414	1.31636e+01	0.300	0.01442	0.00000e+00	1.08002e+10	10	1	1
0.20000	0.52019	7.240000	1500	0.00414	1.76388e+02	0.300	0.01442	0.00000e+00	1.08002e+10	10	1	1
0.20000	0.52019	7.240000	1500	0.00414	2.36354e+03	0.300	0.01442	0.00000e+00	1.08002e+10	10	1	1
0.20000	0.52019	7.240000	1500	0.01041	7.33145e-02	0.550	0.09151	0.00000e+00	5.86623e+08	10	1	1
0.20000	0.52019	7.240000	1500	0.01041	9.82388e-01	0.550	0.09151	0.00000e+00	5.86623e+08	10	1	1
0.20000	0.52019	7.240000	1500	0.01041	1.31636e+01	0.550	0.09151	0.00000e+00	5.86623e+08	10	1	1
0.20000	0.52019	7.240000	1500	0.01041	1.76388e+02	0.550	0.09151	0.00000e+00	5.86623e+08	10	1	1
0.20000	0.52019	7.240000	1500	0.01041	2.36354e+03	0.550	0.09151	0.00000e+00	5.86623e+08	10	1	1
0.20000	0.52019	7.240000	1500	0.03443	7.33145e-02	1.000	1.00000	2.74998e+03	3.63594e+07	0	0	0
0.20000	0.52019	7.240000	1500	0.03443	9.82388e-01	1.000	1.00000	3.52340e+04	3.63594e+07	0	0	0
0.20000	0.52019	7.240000	1500	0.03443	1.31636e+01	1.000	1.00000	5.27277e+05	3.63594e+07	0	0	0
0.20000	0.52019	7.240000	1500	0.03443	1.76388e+02	1.000	1.00000	2.01601e+06	3.63594e+07	0	0	0
0.20000	0.52019	7.240000	1500	0.03443	2.36354e+03	1.000	1.00000	6.52727e+06	3.63594e+07	0	0	0
0.20000	0.37409	14.000000	400	0.01644	7.33145e-02	0.100	0.00115	5.67484e+02	7.51697e+06	0	0	0
0.20000	0.37409	14.000000	400	0.01644	9.82388e-01	0.100	0.00115	7.46449e+03	7.51697e+06	0	0	0
0.20000	0.37409	14.000000	400	0.01644	1.31636e+01	0.100	0.00115	8.77379e+04	7.51697e+06	0	0	0
0.20000	0.37409	14.000000	400	0.01644	1.76388e+02	0.100	0.00115	0.00000e+00	7.51697e+06	10	1	1
0.20000	0.37409	14.000000	400	0.01644	2.36354e+03	0.100	0.00115	0.00000e+00	7.51697e+06	10	1	1
0.20000	0.37409	14.000000	400	0.04070	7.33145e-02	0.220	0.00707	5.47620e+02	5.65000e+06	0	0	0
0.20000	0.37409	14.000000	400	0.04070	9.82388e-01	0.220	0.00707	7.22588e+03	5.65000e+06	0	0	0
0.20000	0.37409	14.000000	400	0.04070	1.31636e+01	0.220	0.00707	8.56903e+04	5.65000e+06	0	0	0
0.20000	0.37409	14.000000	400	0.04070	1.76388e+02	0.220	0.00707	6.59529e+05	5.65000e+06	0	0	0
0.20000	0.37409	14.000000	400	0.04070	2.36354e+03	0.220	0.00707	2.61717e+06	5.65000e+06	0	0	0
0.20000	0.37409	14.000000	400	0.05815	7.33145e-02	0.300	0.01442	5.44609e+02	2.98875e+06	0	0	0
0.20000	0.37409	14.000000	400	0.05815	9.82388e-01	0.300	0.01442	7.19422e+03	2.98875e+06	0	0	0
0.20000	0.37409	14.000000	400	0.05815	1.31636e+01	0.300	0.01442	8.54553e+04	2.98875e+06	0	0	0
0.20000	0.37409	14.000000	400	0.05815	1.76388e+02	0.300	0.01442	6.58481e+05	2.98875e+06	0	0	0
0.20000	0.37409	14.000000	400	0.05815	2.36354e+03	0.300	0.01442	0.00000e+00	2.98875e+06	10	1	1
0.20000	0.37409	14.000000	400	0.14646	7.33145e-02	0.550	0.09151	0.00000e+00	4.59473e+05	10	1	1
0.20000	0.37409	14.000000	400	0.14646	9.82388e-01	0.550	0.09151	7.16224e+03	4.59473e+05	0	0	0
0.20000	0.37409	14.000000	400	0.14646	1.31636e+01	0.550	0.09151	8.52759e+04	4.59473e+05	0	0	0
0.20000	0.37409	14.000000	400	0.14646	1.76388e+02	0.550	0.09151	6.58137e+05	4.59473e+05	0	0	0
0.20000	0.37409	14.000000	400	0.14646	2.36354e+03	0.550	0.09151	0.00000e+00	4.59473e+05	10	1	1
0.20000	0.37409	14.000000	400	0.48417	7.33145e-02	1.000	1.00000	0.00000e+00	4.14329e+04	10	1	1
0.20000	0.37409	14.000000	400	0.48417	9.82388e-01	1.000	1.00000	7.15654e+03	4.14329e+04	0	0	0
0.20000	0.37409	14.000000	400	0.48417	1.31636e+01	1.000	1.00000	8.52789e+04	4.14329e+04	0	0	0
0.20000	0.37409	14.000000	400	0.48417	1.76388e+02	1.000	1.00000	6.59250e+05	4.14329e+04	0	0	0
0.20000	0.37409	14.000000	400	0.48417	2.36354e+03	1.000	1.00000	2.63499e+06	4.14329e+04	0	0	0
0.20000	0.37409	14.000000	675	0.00577	7.33145e-02	0.100	0.00115	0.00000e+00	7.97267e+07	10	1	1
0.20000	0.37409	14.000000	675	0.00577	9.82388e-01	0.100	0.00115	0.00000e+00	7.97267e+07	10	1	1
0.20000	0.37409	14.000000	675	0.00577	1.31636e+01	0.100	0.00115	0.00000e+00	7.97267e+07	10	1	1
0.20000	0.37409	14.000000	675	0.00577	1.76388e+02	0.100	0.00115	0.00000e+00	7.97267e+07	10	1	1
0.20000	0.37409	14.000000	675	0.00577	2.36354e+03	0.100	0.00115	0.00000e+00	7.97267e+07	10	1	1
0.20000	0.37409	14.000000	675	0.01429	7.33145e-02	0.220	0.00707	7.37652e+02	5.19763e+07	1	0	0
0.20000	0.37409	14.000000	675	0.01429	9.82388e-01	0.220	0.00707	7.90943e+03	5.19763e+07	0	0	0
0.20000	0.37409	14.000000	675	0.01429	1.31636e+01	0.220	0.00707	9.19998e+04	5.19763e+07	0	0	0
0.20000	0.37409	14.000000	675	0.01429	1.76388e+02	0.220	0.00707	6.92145e+05	5.19763e+07	0	0	0
0.20000	0.37409	14.000000	675	0.01429	2.36354e+03	0.220	0.00707	2.64631e+06	5.19763e+07	0	0	0
0.20000	0.37409	14.000000	675	0.02042	7.33145e-02	0.300	0.01442	5.77219e+02	2.66601e+07	0	0	0
0.20000	0.37409	14.000000	675	0.02042	9.82388e-01	0.300	0.01442	7.58640e+03	2.66601e+07	0	0	0
0.20000	0.37409	14.000000	675	0.02042	1.31636e+01	0.300	0.01442	8.88647e+04	2.66601e+07	0	0	0
0.20000	0.37409	14.000000	675	0.02042	1.76388e+02	0.300	0.01442	6.75147e+05	2.66601e+07	0	0	0
0.20000	0.37409	14.000000	675	0.02042	2.36354e+03	0.300	0.01442	2.62827e+06	2.66601e+07	0	0	0
0.20000	0.37409	14.000000	675	0.05143	7.33145e-02	0.550	0.09151	5.48761e+02	3.89423e+06	0	0	0
0.20000	0.37409	14.000000	675	0.05143	9.82388e-01	0.550	0.09151	7.23862e+03	3.89423e+06	0	0	0
0.20000	0.37409	14.000000	675	0.05143	1.31636e+01	0.550	0.09151	8.57877e+04	3.89423e+06	0	0	0
0.20000	0.37409	14.000000	675	0.05143	1.76388e+02	0.550	0.09151	6.59940e+05	3.89423e+06	0	0	0
0.20000	0.37409	14.000000	675	0.05143	2.36354e+03	0.550	0.09151	2.61733e+06	3.89423e+06	0	0	0
0.20000	0.37409	14.000000	675	0.17002	7.33145e-02	1.000	1.00000	5.40432e+02	3.41357e+05	0	0	0
0.20000	0.37409	14.000000	675	0.17002	9.82388e-01	1.000	1.00000	7.16311e+03	3.41357e+05	0	0	0
0.20000	0.37409	14.000000	675	0.17002	1.31636e+01	1.000	1.00000	0.00000e+00	3.41357e+05	10	1	1
0.20000	0.37409	14.000000	675	0.17002	1.76388e+02	1.000	1.00000	0.00000e+00	3.41357e+05	10	1	1
0.20000	0.37409	14.000000	675	0.17002	2.36354e+03	1.000	1.00000	0.00000e+00	3.41357e+05	10	1	1
0.20000	0.37409	14.000000	950	0.00291	7.33145e-02	0.100	0.00115	0.00000e+00	5.43092e+08	10	1	1
0.20000	0.37409	14.000000	950	0.00291	9.82388e-01	0.100	0.00115	0.00000e+00	5.43092e+08	10	1	1
0.20000	0.37409	14.000000	950	0.00291	1.31636e+01	0.100	0.00115	0.00000e+00	5.43092e+08	10	1	1
0.20000	0.37409	14.000000	950	0.00291	1.76388e+02	0.100	0.00115	0.00000e+00	5.43092e+08	10	1	1
0.20000	0.37409	14.000000	950	0.00291	2.36354e+03	0.100	0.00115	0.00000e+00	5.43092e+08	10	1	1
0.20000	0.37409	14.000000	950	0.00722	7.33145e-02	0.220	0.00707	0.00000e+00	2.54379e+08	10	1	1
0.20000	0.37409	14.000000	950	0.00722	9.82388e-01	0.220	0.00707	0.00000e+00	2.54379e+08	10	1	1
0.20000	0.37409	14.000000	950	0.00722	1.31636e+01	0.220	0.00707	0.00000e+00	2.54379e+08	10	1	1
0.20000	0.37409	14.000000	950	0.00722	1.76388e+02	0.220	0.00707	0.00000e+00	2.54379e+08	10	1	1
0.20000	0.37409	14.000000	950	0.00722	2.36354e+03	0.220	0.00707	0.00000e+00	2.54379e+08	10	1	1
0.20000	0.37409	14.000000	950	0.01031	7.33145e-02	0.300	0.01442	0.00000e+00	1.22915e+08	10	1	1
0.20000	0.37409	14.000000	950	0.01031	9.82388e-01	0.300	0.01442	0.00000e+00	1.22915e+08	10	1	1
0.20000	0.37409	14.000000	950	0.01031	1.31636e+01	0.300	0.01442	0.00000e+00	1.22915e+08	10	1	1
0.20000	0.37409	14.000000	950	0.01031	1.76388e+02	0.300	0.01442	0.00000e+00	1.22915e+08	10	1	1
0.20000	0.37409	14.000000	950	0.01031	2.36354e+03	0.300	0.01442	0.00000e+00	1.22915e+08	10	1	1
0.20000	0.37409	14.000000	950	0.02597	7.33145e-02	0.550	0.09151	5.74398e+02	1.63948e+07	0	0	0
0.20000	0.37409	14.000000	950	0.02597	9.82388e-01	0.550	0.09151	7.55101e+03	1.63948e+07	0	0	0
0.20000	0.37409	14.000000	950	0.02597	1.31636e+01	0.550	0.09151	8.85343e+04	1.63948e+07	0	0	0
0.20000	0.37409	14.000000	950	0.02597	1.76388e+02	0.550	0.09151	6.73398e+05	1.63948e+07	0	0	0
0.20000	0.37409	14.000000	950	0.02597	2.36354e+03	0.550	0.09151	2.62791e+06	1.63948e+07	0	0	0
0.20000	0.37409	14.000000	950	0.08584	7.33145e-02	1.000	1.00000	5.44716e+02	1.37249e+06	0	0	0
0.20000	0.37409	14.000000	950	0.08584	9.82388e-01	1.000	1.00000	7.19530e+03	1.37249e+06	0	0	0
0.20000	0.37409	14.000000	950	0.08584	1.31636e+01	1.000	1.00000	8.54708e+04	1.37249e+06	0	0	0
0.20000	0.37409	14.000000	950	0.08584	1.76388e+02	1.000	1.00000	6.58653e+05	1.37249e+06	0	0	0
0.20000	0.37409	14.000000	950	0.08584	2.36354e+03	1.000	1.00000	7.12713e+06	1.37249e+06	1	0	0
0.20000	0.37409	14.000000	1225	0.00175	7.33145e-02	0.100	0.00115	0.00000e+00	5.56061e+09	10	1	1
0.20000	0.37409	14.000000	1225	0.00175	9.82388e-01	0.100	0.00115	0.00000e+00	5.56061e+09	10	1	1
0.20000	0.37409	14.000000	1225	0.00175	1.31636e+01	0.100	0.00115	0.00000e+00	5.56061e+09	10	1	1
0.20000	0.37409	14.000000	1225	0.00175	1.76388e+02	0.100	0.00115	0.00000e+00	5.56061e+09	10	1	1
0.20000	0.37409	14.000000	1225	0.00175	2.36354e+03	0.100	0.00115	0.00000e+00	5.56061e+09	10	1	1
0.20000	0.37409	14.000000	1225	0.00434	7.33145e-02	0.220	0.00707	0.00000e+00	1.01835e+09	10	1	1
0.20000	0.37409	14.000000	1225	0.00434	9.82388e-01	0.220	0.00707	0.00000e+00	1.01835e+09	10	1	1
0.20000	0.37409	14.000000	1225	0.00434	1.31636e+01	0.220	0.00707	0.00000e+00	1.01835e+09	10	1	1
0.20000	0.37409	14.000000	1225	0.00434	1.76388e+02	0.220	0.00707	0.00000e+00	1.01835e+09	10	1	1
0.20000	0.37409	14.000000	1225	0.00434	2.36354e+03	0.220	0.00707	0.00000e+00	1.01835e+09	10	1	1
0.20000	0.37409	14.000000	1225	0.00620	7.33145e-02	0.300	0.01442	0.00000e+00	4.38584e+08	10	1	1
0.20000	0.37409	14.000000	1225	0.00620	9.82388e-01	0.300	0.01442	0.00000e+00	4.38584e+08	10	1	1
0.20000	0.37409	14.000000	1225	0.00620	1.31636e+01	0.300	0.01442	0.00000e+00	4.38584e+08	10	1	1
0.20000	0.37409	14.000000	1225	0.00620	1.76388e+02	0.300	0.01442	0.00000e+00	4.38584e+08	10	1	1
0.20000	0.37409	14.000000	1225	0.00620	2.36354e+03	0.300	0.01442	0.00000e+00	4.38584e+08	10	1	1
0.20000	0.37409	14.000000	1225	0.01562	7.33145e-02	0.550	0.09151	0.00000e+00	5.01868e+07	10	1	1
0.20000	0.37409	14.000000	1225	0.01562	9.82388e-01	0.550	0.09151	0.00000e+00	5.01868e+07	10	1	1
0.20000	0.37409	14.000000	1225	0.01562	1.31636e+01	0.550	0.09151	0.00000e+00	5.01868e+07	10	1	1
0.20000	0.37409	14.000000	1225	0.01562	1.76388e+02	0.550	0.09151	0.00000e+00	5.01868e+07	10	1	1
0.20000	0.37409	14.000000	1225	0.01562	2.36354e+03	0.550	0.09151	0.00000e+00	5.01868e+07	10	1	1
0.20000	0.37409	14.000000	1225	0.05162	7.33145e-02	1.000	1.00000	7.37652e+02	3.92440e+06	1	0	0
0.20000	0.37409	14.000000	1225	0.05162	9.82388e-01	1.000	1.00000	7.28625e+03	3.92440e+06	0	0	0
0.20000	0.37409	14.000000	1225	0.05162	1.31636e+01	1.000	1.00000	8.61707e+04	3.92440e+06	0	0	0
0.20000	0.37409	14.000000	1225	0.05162	1.76388e+02	1.000	1.00000	6.61630e+05	3.92440e+06	0	0	0
0.20000	0.37409	14.000000	1225	0.05162	2.36354e+03	1.000	1.00000	2.61828e+06	3.92440e+06	0	0	0
0.20000	0.37409	14.000000	1500	0.00117	7.33145e-02	0.100	0.00115	0.00000e+00	1.25386e+11	10	1	1
0.20000	0.37409	14.000000	1500	0.00117	9.82388e-01	0.100	0.00115	0.00000e+00	1.25386e+11	10	1	1
0.20000	0.37409	14.000000	1500	0.00117	1.31636e+01	0.100	0.00115	0.00000e+00	1.25386e+11	10	1	1
0.20000	0.37409	14.000000	1500	0.00117	1.76388e+02	0.100	0.00115	0.00000e+00	1.25386e+11	10	1	1
0.20000	0.37409	14.000000	1500	0.00117	2.36354e+03	0.100	0.00115	0.00000e+00	1.25386e+11	10	1	1
0.20000	0.37409	14.000000	1500	0.00289	7.33145e-02	0.220	0.00707	0.00000e+00	4.39066e+09	10	1	1
0.20000	0.37409	14.000000	1500	0.00289	9.82388e-01	0.220	0.00707	0.00000e+00	4.39066e+09	10	1	1
0.20000	0.37409	14.000000	1500	0.00289	1.31636e+01	0.220	0.00707	0.00000e+00	4.39066e+09	10	1	1
0.20000	0.37409	14.000000	1500	0.00289	1.76388e+02	0.220	0.00707	0.00000e+00	4.39066e+09	10	1	1
0.20000	0.37409	14.000000	1500	0.00289	2.36354e+03	0.220	0.00707	0.00000e+00	4.39066e+09	10	1	1
0.20000	0.37409	14.000000	1500	0.00414	7.33145e-02	0.300	0.01442	0.00000e+00	1.47840e+09	10	1	1
0.20000	0.37409	14.000000	1500	0.00414	9.82388e-01	0.300	0.01442	0.00000e+00	1.47840e+09	10	1	1
0.20000	0.37409	14.000000	1500	0.00414	1.31636e+01	0.300	0.01442	0.00000e+00	1.47840e+09	10	1	1
0.20000	0.37409	14.000000	1500	0.00414	1.76388e+02	0.300	0.01442	0.00000e+00	1.47840e+09	10	1	1
0.20000	0.37409	14.000000	1500	0.00414	2.36354e+03	0.300	0.01442	0.00000e+00	1.47840e+09	10	1	1
0.20000	0.37409	14.000000	1500	0.01041	7.33145e-02	0.550	0.09151	0.00000e+00	1.29946e+08	10	1	1
0.20000	0.37409	14.000000	1500	0.01041	9.82388e-01	0.550	0.09151	0.00000e+00	1.29946e+08	10	1	1
0.20000	0.37409	14.000000	1500	0.01041	1.31636e+01	0.550	0.09151	0.00000e+00	1.29946e+08	10	1	1
0.20000	0.37409	14.000000	1500	0.01041	1.76388e+02	0.550	0.09151	0.00000e+00	1.29946e+08	10	1	1
0.20000	0.37409	14.000000	1500	0.01041	2.36354e+03	0.550	0.09151	0.00000e+00	1.29946e+08	10	1	1
0.20000	0.37409	14.000000	1500	0.03443	7.33145e-02	1.000	1.00000	5.69034e+02	9.21672e+06	0	0	0
0.20000	0.37409	14.000000	1500	0.03443	9.82388e-01	1.000	1.00000	7.48388e+03	9.21672e+06	0	0	0
0.20000	0.37409	14.000000	1500	0.03443	1.31636e+01	1.000	1.00000	8.79160e+04	9.21672e+06	0	0	0
0.20000	0.37409	14.000000	1500	0.03443	1.76388e+02	1.000	1.00000	8.90978e+05	9.21672e+06	1	0	0
0.20000	0.37409	14.000000	1500	0.03443	2.36354e+03	1.000	1.00000	7.12713e+06	9.21672e+06	1	0	0
0.20000	0.25555	30.000000	400	0.01644	7.33145e-02	0.100	0.00115	1.22608e+02	1.57229e+06	0	0	0
0.20000	0.25555	30.000000	400	0.01644	9.82388e-01	0.100	0.00115	1.61588e+03	1.57229e+06	0	0	0
0.20000	0.25555	30.000000	400	0.01644	1.31636e+01	0.100	0.00115	1.97992e+04	1.57229e+06	0	0	0
0.20000	0.25555	30.000000	400	0.01644	1.76388e+02	0.100	0.00115	1.86003e+05	1.57229e+06	0	0	0
0.20000	0.25555	30.000000	400	0.01644	2.36354e+03	0.100	0.00115	9.96214e+05	1.57229e+06	0	0	0
0.20000	0.25555	30.000000	400	0.04070	7.33145e-02	0.220	0.00707	1.20776e+02	1.20581e+06	0	0	0
0.20000	0.25555	30.000000	400	0.04070	9.82388e-01	0.220	0.00707	1.59370e+03	1.20581e+06	0	0	0
0.20000	0.25555	30.000000	400	0.04070	1.31636e+01	0.220	0.00707	1.95945e+04	1.20581e+06	0	0	0
0.20000	0.25555	30.000000	400	0.04070	1.76388e+02	0.220	0.00707	1.84781e+05	1.20581e+06	0	0	0
0.20000	0.25555	30.000000	400	0.04070	2.36354e+03	0.220	0.00707	9.95031e+05	1.20581e+06	0	0	0
0.20000	0.25555	30.000000	400	0.05815	7.33145e-02	0.300	0.01442	1.20371e+02	6.40859e+05	0	0	0
0.20000	0.25555	30.000000	400	0.05815	9.82388e-01	0.300	0.01442	1.59003e+03	6.40859e+05	0	0	0
0.20000	0.25555	30.000000	400	0.05815	1.31636e+01	0.300	0.01442	1.95712e+04	6.40859e+05	0	0	0
0.20000	0.25555	30.000000	400	0.05815	1.76388e+02	0.300	0.01442	1.84657e+05	6.40859e+05	0	0	0
0.20000	0.25555	30.000000	400	0.05815	2.36354e+03	0.300	0.01442	9.94887e+05	6.40859e+05	0	0	0
0.20000	0.25555	30.000000	400	0.14646	7.33145e-02	0.550	0.09151	1.19021e+02	9.93264e+04	0	0	0
0.20000	0.25555	30.000000	400	0.14646	9.82388e-01	0.550	0.09151	1.58463e+03	9.93264e+04	0	0	0
0.20000	0.25555	30.000000	400	0.14646	1.31636e+01	0.550	0.09151	1.95526e+04	9.93264e+04	0	0	0
0.20000	0.25555	30.000000	400	0.14646	1.76388e+02	0.550	0.09151	1.84836e+05	9.93264e+04	0	0	0
0.20000	0.25555	30.000000	400	0.14646	2.36354e+03	0.550	0.09151	0.00000e+00	9.93264e+04	10	1	1
0.20000	0.25555	30.000000	400	0.48417	7.33145e-02	1.000	1.00000	0.00000e+00	8.99887e+03	10	1	1
0.20000	0.25555	30.000000	400	0.48417	9.82388e-01	1.000	1.00000	1.58307e+03	8.99887e+03	0	0	0
0.20000	0.25555	30.000000	400	0.48417	1.31636e+01	1.000	1.00000	1.95516e+04	8.99887e+03	0	0	0
0.20000	0.25555	30.000000	400	0.48417	1.76388e+02	1.000	1.00000	1.84778e+05	8.99887e+03	0	0	0
0.20000	0.25555	30.000000	400	0.48417	2.36354e+03	1.000	1.00000	0.00000e+00	8.99887e+03	10	1	1
0.20000	0.25555	30.000000	675	0.00577	7.33145e-02	0.100	0.00115	0.00000e+00	1.51148e+07	10	1	1
0.20000	0.25555	30.000000	675	0.00577	9.82388e-01	0.100	0.00115	0.00000e+00	1.51148e+07	10	1	1
0.20000	0.25555	30.000000	675	0.00577	1.31636e+01	0.100	0.00115	0.00000e+00	1.51148e+07	10	1	1
0.20000	0.25555	30.000000	675	0.00577	1.76388e+02	0.100	0.00115	0.00000e+00	1.51148e+07	10	1	1
0.20000	0.25555	30.000000	675	0.00577	2.36354e+03	0.100	0.00115	0.00000e+00	1.51148e+07	10	1	1
0.20000	0.25555	30.000000	675	0.01429	7.33145e-02	0.220	0.00707	0.00000e+00	1.06239e+07	10	1	1
0.20000	0.25555	30.000000	675	0.01429	9.82388e-01	0.220	0.00707	0.00000e+00	1.06239e+07	10	1	1
0.20000	0.25555	30.000000	675	0.01429	1.31636e+01	0.220	0.00707	0.00000e+00	1.06239e+07	10	1	1
0.20000	0.25555	30.000000	675	0.01429	1.76388e+02	0.220	0.00707	0.00000e+00	1.06239e+07	10	1	1
0.20000	0.25555	30.000000	675	0.01429	2.36354e+03	0.220	0.00707	0.00000e+00	1.06239e+07	10	1	1
0.20000	0.25555	30.000000	675	0.02042	7.33145e-02	0.300	0.01442	0.00000e+00	5.53608e+06	10	1	1
0.20000	0.25555	30.000000	675	0.02042	9.82388e-01	0.300	0.01442	1.62653e+03	5.53608e+06	0	0	0
0.20000	0.25555	30.000000	675	0.02042	1.31636e+01	0.300	0.01442	1.99119e+04	5.53608e+06	0	0	0
0.20000	0.25555	30.000000	675	0.02042	1.76388e+02	0.300	0.01442	1.86759e+05	5.53608e+06	0	0	0
0.20000	0.25555	30.000000	675	0.02042	2.36354e+03	0.300	0.01442	9.97157e+05	5.53608e+06	0	0	0
0.20000	0.25555	30.000000	675	0.05143	7.33145e-02	0.550	0.09151	1.20903e+02	8.29781e+05	0	0	0
0.20000	0.25555	30.000000	675	0.05143	9.82388e-01	0.550	0.09151	1.59503e+03	8.29781e+05	0	0	0
0.20000	0.25555	30.000000	675	0.05143	1.31636e+01	0.550	0.09151	1.96042e+04	8.29781e+05	0	0	0
0.20000	0.25555	30.000000	675	0.05143	1.76388e+02	0.550	0.09151	1.84831e+05	8.29781e+05	0	0	0
0.20000	0.25555	30.000000	675	0.05143	2.36354e+03	0.550	0.09151	9.95041e+05	8.29781e+05	0	0	0
0.20000	0.25555	30.000000	675	0.17002	7.33145e-02	1.000	1.00000	1.19142e+02	7.37641e+04	0	0	0
0.20000	0.25555	30.000000	675	0.17002	9.82388e-01	1.000	1.00000	1.58485e+03	7.37641e+04	0	0	0
0.20000	0.25555	30.000000	675	0.17002	1.31636e+01	1.000	1.00000	1.95530e+04	7.37641e+04	0	0	0
0.20000	0.25555	30.000000	675	0.17002	1.76388e+02	1.000	1.00000	1.84721e+05	7.37641e+04	0	0	0
0.20000	0.25555	30.000000	675	0.17002	2.36354e+03	1.000	1.00000	0.00000e+00	7.37641e+04	10	1	1
0.20000	0.25555	30.000000	950	0.00291	7.33145e-02	0.100	0.00115	0.00000e+00	8.11137e+07	10	1	1
0.20000	0.25555	30.000000	950	0.00291	9.82388e-01	0.100	0.00115	0.00000e+00	8.11137e+07	10	1	1
0.20000	0.25555	30.000000	950	0.00291	1.31636e+01	0.100	0.00115	0.00000e+00	8.11137e+07	10	1	1
0.20000	0.25555	30.000000	950	0.00291	1.76388e+02	0.100	0.00115	0.00000e+00	8.11137e+07	10	1	1
0.20000	0.25555	30.000000	950	0.00291	2.36354e+03	0.100	0.00115	0.00000e+00	8.11137e+07	10	1	1
0.20000	0.25555	30.000000	950	0.00722	7.33145e-02	0.220	0.00707	0.00000e+00	4.78725e+07	10	1	1
0.20000	0.25555	30.000000	950	0.00722	9.82388e-01	0.220	0.00707	0.00000e+00	4.78725e+07	10	1	1
0.20000	0.25555	30.000000	950	0.00722	1.31636e+01	0.220	0.00707	0.00000e+00	4.78725e+07	10	1	1
0.20000	0.25555	30.000000	950	0.00722	1.76388e+02	0.220	0.00707	0.00000e+00	4.78725e+07	10	1	1
0.20000	0.25555	30.000000	950	0.00722	2.36354e+03	0.220	0.00707	0.00000e+00	4.78725e+07	10	1	1
0.20000	0.25555	30.000000	950	0.01031	7.33145e-02	0.300	0.01442	0.00000e+00	2.40814e+07	10	1	1
0.20000	0.25555	30.000000	950	0.01031	9.82388e-01	0.300	0.01442	0.00000e+00	2.40814e+07	10	1	1
0.20000	0.25555	30.000000	950	0.01031	1.31636e+01	0.300	0.01442	0.00000e+00	2.40814e+07	10	1	1
0.20000	0.25555	30.000000	950	0.01031	1.76388e+02	0.300	0.01442	0.00000e+00	2.40814e+07	10	1	1
0.20000	0.25555	30.000000	950	0.01031	2.36354e+03	0.300	0.01442	0.00000e+00	2.40814e+07	10	1	1
0.20000	0.25555	30.000000	950	0.02597	7.33145e-02	0.550	0.09151	1.23188e+02	3.41119e+06	0	0	0
0.20000	0.25555	30.000000	950	0.02597	9.82388e-01	0.550	0.09151	2.39594e+03	3.41119e+06	1	0	0
0.20000	0.25555	30.000000	950	0.02597	1.31636e+01	0.550	0.09151	2.43413e+04	3.41119e+06	1	0	0
0.20000	0.25555	30.000000	950	0.02597	1.76388e+02	0.550	0.09151	2.13935e+05	3.41119e+06	1	0	0
0.20000	0.25555	30.000000	950	0.02597	2.36354e+03	0.550	0.09151	1.21432e+06	3.41119e+06	1	0	0
0.20000	0.25555	30.000000	950	0.08584	7.33145e-02	1.000	1.00000	1.20388e+02	2.94237e+05	0	0	0
0.20000	0.25555	30.000000	950	0.08584	9.82388e-01	1.000	1.00000	2.39594e+03	2.94237e+05	1	0	0
0.20000	0.25555	30.000000	950	0.08584	1.31636e+01	1.000	1.00000	2.43413e+04	2.94237e+05	1	0	0
0.20000	0.25555	30.000000	950	0.08584	1.76388e+02	1.000	1.00000	2.13935e+05	2.94237e+05	1	0	0
0.20000	0.25555	30.000000	950	0.08584	2.36354e+03	1.000	1.00000	1.21432e+06	2.94237e+05	1	0	0
0.20000	0.25555	30.000000	1225	0.00175	7.33145e-02	0.100	0.00115	0.00000e+00	3.97906e+08	10	1	1
0.20000	0.25555	30.000000	1225	0.00175	9.82388e-01	0.100	0.00115	0.00000e+00	3.97906e+08	10	1	1
0.20000	0.25555	30.000000	1225	0.00175	1.31636e+01	0.100	0.00115	0.00000e+00	3.97906e+08	10	1	1
0.20000	0.25555	30.000000	1225	0.00175	1.76388e+02	0.100	0.00115	0.00000e+00	3.97906e+08	10	1	1
0.20000	0.25555	30.000000	1225	0.00175	2.36354e+03	0.100	0.00115	0.00000e+00	3.97906e+08	10	1	1
0.20000	0.25555	30.000000	1225	0.00434	7.33145e-02	0.220	0.00707	0.00000e+00	1.63958e+08	10	1	1
0.20000	0.25555	30.000000	1225	0.00434	9.82388e-01	0.220	0.00707	0.00000e+00	1.63958e+08	10	1	1
0.20000	0.25555	30.000000	1225	0.00434	1.31636e+01	0.220	0.00707	0.00000e+00	1.63958e+08	10	1	1
0.20000	0.25555	30.000000	1225	0.00434	1.76388e+02	0.220	0.00707	0.00000e+00	1.63958e+08	10	1	1
0.20000	0.25555	30.000000	1225	0.00434	2.36354e+03	0.220	0.00707	0.00000e+00	1.63958e+08	10	1	1
0.20000	0.25555	30.000000	1225	0.00620	7.33145e-02	0.300	0.01442	0.00000e+00	7.76714e+07	10	1	1
0.20000	0.25555	30.000000	1225	0.00620	9.82388e-01	0.300	0.01442	0.00000e+00	7.76714e+07	10	1	1
0.20000	0.25555	30.000000	1225	0.00620	1.31636e+01	0.300	0.01442	0.00000e+00	7.76714e+07	10	1	1
0.20000	0.25555	30.000000	1225	0.00620	1.76388e+02	0.300	0.01442	0.00000e+00	7.76714e+07	10	1	1
0.20000	0.25555	30.000000	1225	0.00620	2.36354e+03	0.300	0.01442	0.00000e+00	7.76714e+07	10	1	1
0.20000	0.25555	30.000000	1225	0.01562	7.33145e-02	0.550	0.09151	0.00000e+00	1.00722e+07	10	1	1
0.20000	0.25555	30.000000	1225	0.01562	9.82388e-01	0.550	0.09151	0.00000e+00	1.00722e+07	10	1	1
0.20000	0.25555	30.000000	1225	0.01562	1.31636e+01	0.550	0.09151	0.00000e+00	1.00722e+07	10	1	1
0.20000	0.25555	30.000000	1225	0.01562	1.76388e+02	0.550	0.09151	0.00000e+00	1.00722e+07	10	1	1
0.20000	0.25555	30.000000	1225	0.01562	2.36354e+03	0.550	0.09151	0.00000e+00	1.00722e+07	10	1	1
0.20000	0.25555	30.000000	1225	0.05162	7.33145e-02	1.000	1.00000	1.06279e+02	8.32013e+05	1	0	0
0.20000	0.25555	30.000000	1225	0.05162	9.82388e-01	1.000	1.00000	2.39594e+03	8.32013e+05	1	0	0
0.20000	0.25555	30.000000	1225	0.05162	1.31636e+01	1.000	1.00000	2.43413e+04	8.32013e+05	1	0	0
0.20000	0.25555	30.000000	1225	0.05162	1.76388e+02	1.000	1.00000	2.13935e+05	8.32013e+05	1	0	0
0.20000	0.25555	30.000000	1225	0.05162	2.36354e+03	1.000	1.00000	1.21432e+06	8.32013e+05	1	0	0
0.20000	0.25555	30.000000	1500	0.00117	7.33145e-02	0.100	0.00115	0.00000e+00	3.08111e+09	10	1	1
0.20000	0.25555	30.000000	1500	0.00117	9.82388e-01	0.100	0.00115	0.00000e+00	3.08111e+09	10	1	1
0.20000	0.25555	30.000000	1500	0.00117	1.31636e+01	0.100	0.00115	0.00000e+00	3.08111e+09	10	1	1
0.20000	0.25555	30.000000	1500	0.00117	1.76388e+02	0.100	0.00115	0.00000e+00	3.08111e+09	10	1	1
0.20000	0.25555	30.000000	1500	0.00117	2.36354e+03	0.100	0.00115	0.00000e+00	3.08111e+09	10	1	1
0.20000	0.25555	30.000000	1500	0.00289	7.33145e-02	0.220	0.00707	0.00000e+00	5.11712e+08	10	1	1
0.20000	0.25555	30.000000	1500	0.00289	9.82388e-01	0.220	0.00707	0.00000e+00	5.11712e+08	10	1	1
0.20000	0.25555	30.000000	1500	0.00289	1.31636e+01	0.220	0.00707	0.00000e+00	5.11712e+08	10	1	1
0.20000	0.25555	30.000000	1500	0.00289	1.76388e+02	0.220	0.00707	0.00000e+00	5.11712e+08	10	1	1
0.20000	0.25555	30.000000	1500	0.00289	2.36354e+03	0.220	0.00707	0.00000e+00	5.11712e+08	10	1	1
0.20000	0.25555	30.000000	1500	0.00414	7.33145e-02	0.300	0.01442	0.00000e+00	2.18462e+08	10	1	1
0.20000	0.25555	30.000000	1500	0.00414	9.82388e-01	0.300	0.01442	0.00000e+00	2.18462e+08	10	1	1
0.20000	0.25555	30.000000	1500	0.00414	1.31636e+01	0.300	0.01442	0.00000e+00	2.18462e+08	10	1	1
0.20000	0.25555	30.000000	1500	0.00414	1.76388e+02	0.300	0.01442	0.00000e+00	2.18462e+08	10	1	1
0.20000	0.25555	30.000000	1500	0.00414	2.36354e+03	0.300	0.01442	0.00000e+00	2.18462e+08	10	1	1
0.20000	0.25555	30.000000	1500	0.01041	7.33145e-02	0.550	0.09151	0.00000e+00	2.47313e+07	10	1	1
0.20000	0.25555	30.000000	1500	0.01041	9.82388e-01	0.550	0.09151	0.00000e+00	2.47313e+07	10	1	1
0.20000	0.25555	30.000000	1500	0.01041	1.31636e+01	0.550	0.09151	0.00000e+00	2.47313e+07	10	1	1
0.20000	0.25555	30.000000	1500	0.01041	1.76388e+02	0.550	0.09151	0.00000e+00	2.47313e+07	10	1	1
0.20000	0.25555	30.000000	1500	0.01041	2.36354e+03	0.550	0.09151	0.00000e+00	2.47313e+07	10	1	1
0.20000	0.25555	30.000000	1500	0.03443	7.33145e-02	1.000	1.00000	1.22739e+02	1.92536e+06	0	0	0
0.20000	0.25555	30.000000	1500	0.03443	9.82388e-01	1.000	1.00000	2.39594e+03	1.92536e+06	1	0	0
0.20000	0.25555	30.000000	1500	0.03443	1.31636e+01	1.000	1.00000	8.36801e+01	1.92536e+06	1	0	0
0.20000	0.25555	30.000000	1500	0.03443	1.76388e+02	1.000	1.00000	2.13935e+05	1.92536e+06	1	0	0
0.20000	0.25555	30.000000	1500	0.03443	2.36354e+03	1.000	1.00000	1.21432e+06	1.92536e+06	1	0	0
2.00000	1.95043	5.150000	400	0.01644	7.33145e-02	0.100	0.00115	7.09874e+03	6.79039e+07	1	0	0
2.00000	1.95043	5.150000	400	0.01644	9.82388e-01	0.100	0.00115	6.98630e+04	6.79039e+07	0	0	0
2.00000	1.95043	5.150000	400	0.01644	1.31636e+01	0.100	0.00115	7.24600e+05	6.79039e+07	0	0	0
2.00000	1.95043	5.150000	400	0.01644	1.76388e+02	0.100	0.00115	4.50248e+06	6.79039e+07	0	0	0
2.00000	1.95043	5.150000	400	0.01644	2.36354e+03	0.100	0.00115	2.10666e+07	6.79039e+07	0	0	0
2.00000	1.95043	5.150000	400	0.04070	7.33145e-02	0.220	0.00707	4.78207e+03	4.59441e+07	0	0	0
2.00000	1.95043	5.150000	400	0.04070	9.82388e-01	0.220	0.00707	5.94532e+04	4.59441e+07	0	0	0
2.00000	1.95043	5.150000	400	0.04070	1.31636e+01	0.220	0.00707	6.19029e+05	4.59441e+07	0	0	0
2.00000	1.95043	5.150000	400	0.04070	1.76388e+02	0.220	0.00707	4.05300e+06	4.59441e+07	0	0	0
2.00000	1.95043	5.150000	400	0.04070	2.36354e+03	0.220	0.00707	2.05652e+07	4.59441e+07	0	0	0
2.00000	1.95043	5.150000	400	0.05815	7.33145e-02	0.300	0.01442	4.66487e+03	2.37476e+07	0	0	0
2.00000	1.95043	5.150000	400	0.05815	9.82388e-01	0.300	0.01442	5.79560e+04	2.37476e+07	0	0	0
2.00000	1.95043	5.150000	400	0.05815	1.31636e+01	0.300	0.01442	6.04318e+05	2.37476e+07	0	0	0
2.00000	1.95043	5.150000	400	0.05815	1.76388e+02	0.300	0.01442	4.00490e+06	2.37476e+07	0	0	0
2.00000	1.95043	5.150000	400	0.05815	2.36354e+03	0.300	0.01442	2.05215e+07	2.37476e+07	0	0	0
2.00000	1.95043	5.150000	400	0.14646	7.33145e-02	0.550	0.09151	4.51845e+03	3.51217e+06	0	0	0
2.00000	1.95043	5.150000	400	0.14646	9.82388e-01	0.550	0.09151	5.62507e+04	3.51217e+06	0	0	0
2.00000	1.95043	5.150000	400	0.14646	1.31636e+01	0.550	0.09151	5.89740e+05	3.51217e+06	0	0	0
2.00000	1.95043	5.150000	400	0.14646	1.76388e+02	0.550	0.09151	6.59810e+06	3.51217e+06	1	0	0
2.00000	1.95043	5.150000	400	0.14646	2.36354e+03	0.550	0.09151	2.81433e+07	3.51217e+06	1	0	0
2.00000	1.95043	5.150000	400	0.48417	7.33145e-02	1.000	1.00000	4.40761e+03	3.09936e+05	0	0	0
2.00000	1.95043	5.150000	400	0.48417	9.82388e-01	1.000	1.00000	5.57853e+04	3.09936e+05	0	0	0
2.00000	1.95043	5.150000	400	0.48417	1.31636e+01	1.000	1.00000	5.87455e+05	3.09936e+05	0	0	0
2.00000	1.95043	5.150000	400	0.48417	1.76388e+02	1.000	1.00000	3.97653e+06	3.09936e+05	0	0	0
2.00000	1.95043	5.150000	400	0.48417	2.36354e+03	1.000	1.00000	2.08691e+07	3.09936e+05	0	0	0
2.00000	1.95043	5.150000	675	0.00577	7.33145e-02	0.100	0.00115	0.00000e+00	1.42898e+09	10	1	1
2.00000	1.95043	5.150000	675	0.00577	9.82388e-01	0.100	0.00115	0.00000e+00	1.42898e+09	10	1	1
2.00000	1.95043	5.150000	675	0.00577	1.31636e+01	0.100	0.00115	0.00000e+00	1.42898e+09	10	1	1
2.00000	1.95043	5.150000	675	0.00577	1.76388e+02	0.100	0.00115	0.00000e+00	1.42898e+09	10	1	1
2.00000	1.95043	5.150000	675	0.00577	2.36354e+03	0.100	0.00115	0.00000e+00	1.42898e+09	10	1	1
2.00000	1.95043	5.150000	675	0.01429	7.33145e-02	0.220	0.00707	7.25531e+03	5.36480e+08	1	0	0
2.00000	1.95043	5.150000	675	0.01429	9.82388e-01	0.220	0.00707	9.12730e+04	5.36480e+08	0	0	0
2.00000	1.95043	5.150000	675	0.01429	1.31636e+01	0.220	0.00707	9.35227e+05	5.36480e+08	0	0	0
2.00000	1.95043	5.150000	675	0.01429	1.76388e+02	0.220	0.00707	5.48518e+06	5.36480e+08	0	0	0
2.00000	1.95043	5.150000	675	0.01429	2.36354e+03	0.220	0.00707	2.24165e+07	5.36480e+08	0	0	0
2.00000	1.95043	5.150000	675	0.02042	7.33145e-02	0.300	0.01442	6.00420e+03	2.50762e+08	0	0	0
2.00000	1.95043	5.150000	675	0.02042	9.82388e-01	0.300	0.01442	7.52291e+04	2.50762e+08	0	0	0
2.00000	1.95043	5.150000	675	0.02042	1.31636e+01	0.300	0.01442	7.78555e+05	2.50762e+08	0	0	0
2.00000	1.95043	5.150000	675	0.02042	1.76388e+02	0.300	0.01442	4.75448e+06	2.50762e+08	0	0	0
2.00000	1.95043	5.150000	675	0.02042	2.36354e+03	0.300	0.01442	2.13926e+07	2.50762e+08	0	0	0
2.00000	1.95043	5.150000	675	0.05143	7.33145e-02	0.550	0.09151	4.82646e+03	3.19180e+07	0	0	0
2.00000	1.95043	5.150000	675	0.05143	9.82388e-01	0.550	0.09151	6.00268e+04	3.19180e+07	0	0	0
2.00000	1.95043	5.150000	675	0.05143	1.31636e+01	0.550	0.09151	6.24669e+05	3.19180e+07	0	0	0
2.00000	1.95043	5.150000	675	0.05143	1.76388e+02	0.550	0.09151	4.07373e+06	3.19180e+07	0	0	0
2.00000	1.95043	5.150000	675	0.05143	2.36354e+03	0.550	0.09151	2.09884e+07	3.19180e+07	0	0	0
2.00000	1.95043	5.150000	675	0.17002	7.33145e-02	1.000	1.00000	4.52427e+03	2.61402e+06	0	0	0
2.00000	1.95043	5.150000	675	0.17002	9.82388e-01	1.000	1.00000	5.63055e+04	2.61402e+06	0	0	0
2.00000	1.95043	5.150000	675	0.17002	1.31636e+01	1.000	1.00000	5.90110e+05	2.61402e+06	0	0	0
2.00000	1.95043	5.150000	675	0.17002	1.76388e+02	1.000	1.00000	3.98249e+06	2.61402e+06	0	0	0
2.00000	1.95043	5.150000	675	0.17002	2.36354e+03	1.000	1.00000	2.08748e+07	2.61402e+06	0	0	0
2.00000	1.95043	5.150000	950	0.00291	7.33145e-02	0.100	0.00115	0.00000e+00	3.97309e+11	10	1	1
2.00000	1.95043	5.150000	950	0.00291	9.82388e-01	0.100	0.00115	0.00000e+00	3.97309e+11	10	1	1
2.00000	1.95043	5.150000	950	0.00291	1.31636e+01	0.100	0.00115	0.00000e+00	3.97309e+11	10	1	1
2.00000	1.95043	5.150000	950	0.00291	1.76388e+02	0.100	0.00115	0.00000e+00	3.97309e+11	10	1	1
2.00000	1.95043	5.150000	950	0.00291	2.36354e+03	0.100	0.00115	0.00000e+00	3.97309e+11	10	1	1
2.00000	1.95043	5.150000	950	0.00722	7.33145e-02	0.220	0.00707	0.00000e+00	4.87118e+09	10	1	1
2.00000	1.95043	5.150000	950	0.00722	9.82388e-01	0.220	0.00707	0.00000e+00	4.87118e+09	10	1	1
2.00000	1.95043	5.150000	950	0.00722	1.31636e+01	0.220	0.00707	0.00000e+00	4.87118e+09	10	1	1
2.00000	1.95043	5.150000	950	0.00722	1.76388e+02	0.220	0.00707	0.00000e+00	4.87118e+09	10	1	1
2.00000	1.95043	5.150000	950	0.00722	2.36354e+03	0.220	0.00707	0.00000e+00	4.87118e+09	10	1	1
2.00000	1.95043	5.150000	950	0.01031	7.33145e-02	0.300	0.01442	1.62986e+04	1.68812e+09	0	0	0
2.00000	1.95043	5.150000	950	0.01031	9.82388e-01	0.300	0.01442	2.00344e+05	1.68812e+09	0	0	0
2.00000	1.95043	5.150000	950	0.01031	1.31636e+01	0.300	0.01442	1.86342e+06	1.68812e+09	0	0	0
2.00000	1.95043	5.150000	950	0.01031	1.76388e+02	0.300	0.01442	9.26254e+06	1.68812e+09	0	0	0
2.00000	1.95043	5.150000	950	0.01031	2.36354e+03	0.300	0.01442	3.03524e-01	1.68812e+09	1	0	0
2.00000	1.95043	5.150000	950	0.02597	7.33145e-02	0.550	0.09151	7.62495e+03	1.52494e+08	1	0	0
2.00000	1.95043	5.150000	950	0.02597	9.82388e-01	0.550	0.09151	7.36190e+04	1.52494e+08	0	0	0
2.00000	1.95043	5.150000	950	0.02597	1.31636e+01	0.550	0.09151	7.62469e+05	1.52494e+08	0	0	0
2.00000	1.95043	5.150000	950	0.02597	1.76388e+02	0.550	0.09151	4.67897e+06	1.52494e+08	0	0	0
2.00000	1.95043	5.150000	950	0.02597	2.36354e+03	0.550	0.09151	2.12931e+07	1.52494e+08	0	0	0
2.00000	1.95043	5.150000	950	0.08584	7.33145e-02	1.000	1.00000	4.66875e+03	1.09156e+07	0	0	0
2.00000	1.95043	5.150000	950	0.08584	9.82388e-01	1.000	1.00000	5.80054e+04	1.09156e+07	0	0	0
2.00000	1.95043	5.150000	950	0.08584	1.31636e+01	1.000	1.00000	6.04794e+05	1.09156e+07	0	0	0
2.00000	1.95043	5.150000	950	0.08584	1.76388e+02	1.000	1.00000	4.00638e+06	1.09156e+07	0	0	0
2.00000	1.95043	5.150000	950	0.08584	2.36354e+03	1.000	1.00000	2.09156e+07	1.09156e+07	0	0	0
2.00000	1.95043	5.150000	1225	0.00175	7.33145e-02	0.100	0.00115	0.00000e+00	4.13296e+09	10	1	1
2.00000	1.95043	5.150000	1225	0.00175	9.82388e-01	0.100	0.00115	0.00000e+00	4.13296e+09	10	1	1
2.00000	1.95043	5.150000	1225	0.00175	1.31636e+01	0.100	0.00115	0.00000e+00	4.13296e+09	10	1	1
2.00000	1.95043	5.150000	1225	0.00175	1.76388e+02	0.100	0.00115	0.00000e+00	4.13296e+09	10	1	1
2.00000	1.95043	5.150000	1225	0.00175	2.36354e+03	0.100	0.00115	0.00000e+00	4.13296e+09	10	1	1
2.00000	1.95043	5.150000	1225	0.00434	7.33145e-02	0.220	0.00707	0.00000e+00	3.49116e+11	10	1	1
2.00000	1.95043	5.150000	1225	0.00434	9.82388e-01	0.220	0.00707	0.00000e+00	3.49116e+11	10	1	1
2.00000	1.95043	5.150000	1225	0.00434	1.31636e+01	0.220	0.00707	0.00000e+00	3.49116e+11	10	1	1
2.00000	1.95043	5.150000	1225	0.00434	1.76388e+02	0.220	0.00707	0.00000e+00	3.49116e+11	10	1	1
2.00000	1.95043	5.150000	1225	0.00434	2.36354e+03	0.220	0.00707	0.00000e+00	3.49116e+11	10	1	1
2.00000	1.95043	5.150000	1225	0.00620	7.33145e-02	0.300	0.01442	0.00000e+00	1.64991e+10	10	1	1
2.00000	1.95043	5.150000	1225	0.00620	9.82388e-01	0.300	0.01442	0.00000e+00	1.64991e+10	10	1	1
2.00000	1.95043	5.150000	1225	0.00620	1.31636e+01	0.300	0.01442	0.00000e+00	1.64991e+10	10	1	1
2.00000	1.95043	5.150000	1225	0.00620	1.76388e+02	0.300	0.01442	0.00000e+00	1.64991e+10	10	1	1
2.00000	1.95043	5.150000	1225	0.00620	2.36354e+03	0.300	0.01442	0.00000e+00	1.64991e+10	10	1	1
2.00000	1.95043	5.150000	1225	0.01562	7.33145e-02	0.550	0.09151	9.62910e+03	5.81942e+08	0	0	0
2.00000	1.95043	5.150000	1225	0.01562	9.82388e-01	0.550	0.09151	1.20688e+05	5.81942e+08	0	0	0
2.00000	1.95043	5.150000	1225	0.01562	1.31636e+01	0.550	0.09151	1.20577e+06	5.81942e+08	0	0	0
2.00000	1.95043	5.150000	1225	0.01562	1.76388e+02	0.550	0.09151	6.68734e+06	5.81942e+08	0	0	0
2.00000	1.95043	5.150000	1225	0.01562	2.36354e+03	0.550	0.09151	2.41652e+07	5.81942e+08	0	0	0
2.00000	1.95043	5.150000	1225	0.05162	7.33145e-02	1.000	1.00000	4.98837e+03	3.29972e+07	0	0	0
2.00000	1.95043	5.150000	1225	0.05162	9.82388e-01	1.000	1.00000	6.21263e+04	3.29972e+07	0	0	0
2.00000	1.95043	5.150000	1225	0.05162	1.31636e+01	1.000	1.00000	6.45952e+05	3.29972e+07	0	0	0
2.00000	1.95043	5.150000	1225	0.05162	1.76388e+02	1.000	1.00000	4.15630e+06	3.29972e+07	0	0	0
2.00000	1.95043	5.150000	1225	0.05162	2.36354e+03	1.000	1.00000	2.10833e+07	3.29972e+07	0	0	0
2.00000	1.95043	5.150000	1500	0.00117	7.33145e-02	0.100	0.00115	0.00000e+00	1.60389e+09	10	1	1
2.00000	1.95043	5.150000	1500	0.00117	9.82388e-01	0.100	0.00115	0.00000e+00	1.60389e+09	10	1	1
2.00000	1.95043	5.150000	1500	0.00117	1.31636e+01	0.100	0.00115	0.00000e+00	1.60389e+09	10	1	1
2.00000	1.95043	5.150000	1500	0.00117	1.76388e+02	0.100	0.00115	0.00000e+00	1.60389e+09	10	1	1
2.00000	1.95043	5.150000	1500	0.00117	2.36354e+03	0.100	0.00115	0.00000e+00	1.60389e+09	10	1	1
2.00000	1.95043	5.150000	1500	0.00289	7.33145e-02	0.220	0.00707	0.00000e+00	3.25079e+10	10	1	1
2.00000	1.95043	5.150000	1500	0.00289	9.82388e-01	0.220	0.00707	0.00000e+00	3.25079e+10	10	1	1
2.00000	1.95043	5.150000	1500	0.00289	1.31636e+01	0.220	0.00707	0.00000e+00	3.25079e+10	10	1	1
2.00000	1.95043	5.150000	1500	0.00289	1.76388e+02	0.220	0.00707	0.00000e+00	3.25079e+10	10	1	1
2.00000	1.95043	5.150000	1500	0.00289	2.36354e+03	0.220	0.00707	0.00000e+00	3.25079e+10	10	1	1
2.00000	1.95043	5.150000	1500	0.00414	7.33145e-02	0.300	0.01442	0.00000e+00	5.85357e+11	10	1	1
2.00000	1.95043	5.150000	1500	0.00414	9.82388e-01	0.300	0.01442	0.00000e+00	5.85357e+11	10	1	1
2.00000	1.95043	5.150000	1500	0.00414	1.31636e+01	0.300	0.01442	0.00000e+00	5.85357e+11	10	1	1
2.00000	1.95043	5.150000	1500	0.00414	1.76388e+02	0.300	0.01442	0.00000e+00	5.85357e+11	10	1	1
2.00000	1.95043	5.150000	1500	0.00414	2.36354e+03	0.300	0.01442	0.00000e+00	5.85357e+11	10	1	1
2.00000	1.95043	5.150000	1500	0.01041	7.33145e-02	0.550	0.09151	0.00000e+00	2.25171e+09	10	1	1
2.00000	1.95043	5.150000	1500	0.01041	9.82388e-01	0.550	0.09151	0.00000e+00	2.25171e+09	10	1	1
2.00000	1.95043	5.150000	1500	0.01041	1.31636e+01	0.550	0.09151	0.00000e+00	2.25171e+09	10	1	1
2.00000	1.95043	5.150000	1500	0.01041	1.76388e+02	0.550	0.09151	0.00000e+00	2.25171e+09	10	1	1
2.00000	1.95043	5.150000	1500	0.01041	2.36354e+03	0.550	0.09151	0.00000e+00	2.25171e+09	10	1	1
2.00000	1.95043	5.150000	1500	0.03443	7.33145e-02	1.000	1.00000	5.64762e+03	8.38428e+07	0	0	0
2.00000	1.95043	5.150000	1500	0.03443	9.82388e-01	1.000	1.00000	7.06494e+04	8.38428e+07	0	0	0
2.00000	1.95043	5.150000	1500	0.03443	1.31636e+01	1.000	1.00000	7.32577e+05	8.38428e+07	0	0	0
2.00000	1.95043	5.150000	1500	0.03443	1.76388e+02	1.000	1.00000	4.53966e+06	8.38428e+07	0	0	0
2.00000	1.95043	5.150000	1500	0.03443	2.36354e+03	1.000	1.00000	2.11155e+07	8.38428e+07	0	0	0
2.00000	1.64500	7.240000	400	0.01644	7.33145e-02	0.100	0.00115	2.87881e+03	3.24542e+07	0	0	0
2.00000	1.64500	7.240000	400	0.01644	9.82388e-01	0.100	0.00115	3.59542e+04	3.24542e+07	0	0	0
2.00000	1.64500	7.240000	400	0.01644	1.31636e+01	0.100	0.00115	3.81503e+05	3.24542e+07	0	0	0
2.00000	1.64500	7.240000	400	0.01644	1.76388e+02	0.100	0.00115	2.59861e+06	3.24542e+07	0	0	0
2.00000	1.64500	7.240000	400	0.01644	2.36354e+03	0.100	0.00115	1.35138e+07	3.24542e+07	0	0	0
2.00000	1.64500	7.240000	400	0.04070	7.33145e-02	0.220	0.00707	2.58069e+03	2.26424e+07	0	0	0
2.00000	1.64500	7.240000	400	0.04070	9.82388e-01	0.220	0.00707	3.19674e+04	2.26424e+07	0	0	0
2.00000	1.64500	7.240000	400	0.04070	1.31636e+01	0.220	0.00707	3.37225e+05	2.26424e+07	0	0	0
2.00000	1.64500	7.240000	400	0.04070	1.76388e+02	0.220	0.00707	2.36467e+06	2.26424e+07	0	0	0
2.00000	1.64500	7.240000	400	0.04070	2.36354e+03	0.220	0.00707	1.33414e+07	2.26424e+07	0	0	0
2.00000	1.64500	7.240000	400	0.05815	7.33145e-02	0.300	0.01442	2.53408e+03	1.17800e+07	0	0	0
2.00000	1.64500	7.240000	400	0.05815	9.82388e-01	0.300	0.01442	3.13556e+04	1.17800e+07	0	0	0
2.00000	1.64500	7.240000	400	0.05815	1.31636e+01	0.300	0.01442	3.30811e+05	1.17800e+07	0	0	0
2.00000	1.64500	7.240000	400	0.05815	1.76388e+02	0.300	0.01442	2.33916e+06	1.17800e+07	0	0	0
2.00000	1.64500	7.240000	400	0.05815	2.36354e+03	0.300	0.01442	1.33139e+07	1.17800e+07	0	0	0
2.00000	1.64500	7.240000	400	0.14646	7.33145e-02	0.550	0.09151	2.48413e+03	1.76096e+06	0	0	0
2.00000	1.64500	7.240000	400	0.14646	9.82388e-01	0.550	0.09151	3.06155e+04	1.76096e+06	0	0	0
2.00000	1.64500	7.240000	400	0.14646	1.31636e+01	0.550	0.09151	3.25303e+05	1.76096e+06	0	0	0
2.00000	1.64500	7.240000	400	0.14646	1.76388e+02	0.550	0.09151	2.31854e+06	1.76096e+06	0	0	0
2.00000	1.64500	7.240000	400	0.14646	2.36354e+03	0.550	0.09151	1.32066e+07	1.76096e+06	0	0	0
2.00000	1.64500	7.240000	400	0.48417	7.33145e-02	1.000	1.00000	2.45217e+03	1.56312e+05	0	0	0
2.00000	1.64500	7.240000	400	0.48417	9.82388e-01	1.000	1.00000	3.03521e+04	1.56312e+05	0	0	0
2.00000	1.64500	7.240000	400	0.48417	1.31636e+01	1.000	1.00000	3.23758e+05	1.56312e+05	0	0	0
2.00000	1.64500	7.240000	400	0.48417	1.76388e+02	1.000	1.00000	2.31648e+06	1.56312e+05	0	0	0
2.00000	1.64500	7.240000	400	0.48417	2.36354e+03	1.000	1.00000	1.32261e+07	1.56312e+05	0	0	0
2.00000	1.64500	7.240000	675	0.00577	7.33145e-02	0.100	0.00115	9.42462e+03	5.39698e+08	0	0	1
2.00000	1.64500	7.240000	675	0.00577	9.82388e-01	0.100	0.00115	0.00000e+00	5.39698e+08	10	1	1
2.00000	1.64500	7.240000	675	0.00577	1.31636e+01	0.100	0.00115	0.00000e+00	5.39698e+08	10	1	1
2.00000	1.64500	7.240000	675	0.00577	1.76388e+02	0.100	0.00115	0.00000e+00	5.39698e+08	10	1	1
2.00000	1.64500	7.240000	675	0.00577	2.36354e+03	0.100	0.00115	0.00000e+00	5.39698e+08	10	1	1
2.00000	1.64500	7.240000	675	0.01429	7.33145e-02	0.220	0.00707	3.43347e+03	2.46080e+08	0	0	0
2.00000	1.64500	7.240000	675	0.01429	9.82388e-01	0.220	0.00707	4.32626e+04	2.46080e+08	0	0	0
2.00000	1.64500	7.240000	675	0.01429	1.31636e+01	0.220	0.00707	4.61245e+05	2.46080e+08	0	0	0
2.00000	1.64500	7.240000	675	0.01429	1.76388e+02	0.220	0.00707	3.06881e+06	2.46080e+08	0	0	0
2.00000	1.64500	7.240000	675	0.01429	2.36354e+03	0.220	0.00707	1.42279e+07	2.46080e+08	0	0	0
2.00000	1.64500	7.240000	675	0.02042	7.33145e-02	0.300	0.01442	3.02478e+03	1.18396e+08	0	0	0
2.00000	1.64500	7.240000	675	0.02042	9.82388e-01	0.300	0.01442	3.78920e+04	1.18396e+08	0	0	0
2.00000	1.64500	7.240000	675	0.02042	1.31636e+01	0.300	0.01442	4.02953e+05	1.18396e+08	0	0	0
2.00000	1.64500	7.240000	675	0.02042	1.76388e+02	0.300	0.01442	2.72499e+06	1.18396e+08	0	0	0
2.00000	1.64500	7.240000	675	0.02042	2.36354e+03	0.300	0.01442	1.36894e+07	1.18396e+08	0	0	0
2.00000	1.64500	7.240000	675	0.05143	7.33145e-02	0.550	0.09151	2.67260e+03	1.56947e+07	0	0	0
2.00000	1.64500	7.240000	675	0.05143	9.82388e-01	0.550	0.09151	3.21982e+04	1.56947e+07	0	0	0
2.00000	1.64500	7.240000	675	0.05143	1.31636e+01	0.550	0.09151	3.50751e+05	1.56947e+07	0	0	0
2.00000	1.64500	7.240000	675	0.05143	1.76388e+02	0.550	0.09151	2.37565e+06	1.56947e+07	0	0	0
2.00000	1.64500	7.240000	675	0.05143	2.36354e+03	0.550	0.09151	1.33086e+07	1.56947e+07	0	0	0
2.00000	1.64500	7.240000	675	0.17002	7.33145e-02	1.000	1.00000	2.54359e+03	1.30999e+06	0	0	0
2.00000	1.64500	7.240000	675	0.17002	9.82388e-01	1.000	1.00000	3.06420e+04	1.30999e+06	0	0	0
2.00000	1.64500	7.240000	675	0.17002	1.31636e+01	1.000	1.00000	3.32073e+05	1.30999e+06	0	0	0
2.00000	1.64500	7.240000	675	0.17002	1.76388e+02	1.000	1.00000	2.31897e+06	1.30999e+06	0	0	0
2.00000	1.64500	7.240000	675	0.17002	2.36354e+03	1.000	1.00000	1.32227e+07	1.30999e+06	0	0	0
2.00000	1.64500	7.240000	950	0.00291	7.33145e-02	0.100	0.00115	0.00000e+00	4.23682e+10	10	1	1
2.00000	1.64500	7.240000	950	0.00291	9.82388e-01	0.100	0.00115	0.00000e+00	4.23682e+10	10	1	1
2.00000	1.64500	7.240000	950	0.00291	1.31636e+01	0.100	0.00115	0.00000e+00	4.23682e+10	10	1	1
2.00000	1.64500	7.240000	950	0.00291	1.76388e+02	0.100	0.00115	0.00000e+00	4.23682e+10	10	1	1
2.00000	1.64500	7.240000	950	0.00291	2.36354e+03	0.100	0.00115	0.00000e+00	4.23682e+10	10	1	1
2.00000	1.64500	7.240000	950	0.00722	7.33145e-02	0.220	0.00707	0.00000e+00	1.79282e+09	10	1	1
2.00000	1.64500	7.240000	950	0.00722	9.82388e-01	0.220	0.00707	0.00000e+00	1.79282e+09	10	1	1
2.00000	1.64500	7.240000	950	0.00722	1.31636e+01	0.220	0.00707	0.00000e+00	1.79282e+09	10	1	1
2.00000	1.64500	7.240000	950	0.00722	1.76388e+02	0.220	0.00707	0.00000e+00	1.79282e+09	10	1	1
2.00000	1.64500	7.240000	950	0.00722	2.36354e+03	0.220	0.00707	0.00000e+00	1.79282e+09	10	1	1
2.00000	1.64500	7.240000	950	0.01031	7.33145e-02	0.300	0.01442	5.45520e+03	7.03571e+08	0	0	0
2.00000	1.64500	7.240000	950	0.01031	9.82388e-01	0.300	0.01442	6.91791e+04	7.03571e+08	0	0	0
2.00000	1.64500	7.240000	950	0.01031	1.31636e+01	0.300	0.01442	7.26336e+05	7.03571e+08	0	0	0
2.00000	1.64500	7.240000	950	0.01031	1.76388e+02	0.300	0.01442	4.51670e+06	7.03571e+08	0	0	0
2.00000	1.64500	7.240000	950	0.01031	2.36354e+03	0.300	0.01442	1.67946e+07	7.03571e+08	0	0	0
2.00000	1.64500	7.240000	950	0.02597	7.33145e-02	0.550	0.09151	3.30107e+03	7.22443e+07	0	0	0
2.00000	1.64500	7.240000	950	0.02597	9.82388e-01	0.550	0.09151	3.73184e+04	7.22443e+07	0	0	0
2.00000	1.64500	7.240000	950	0.02597	1.31636e+01	0.550	0.09151	3.96630e+05	7.22443e+07	0	0	0
2.00000	1.64500	7.240000	950	0.02597	1.76388e+02	0.550	0.09151	2.68761e+06	7.22443e+07	0	0	0
2.00000	1.64500	7.240000	950	0.02597	2.36354e+03	0.550	0.09151	1.40489e+07	7.22443e+07	0	0	0
2.00000	1.64500	7.240000	950	0.08584	7.33145e-02	1.000	1.00000	2.76956e+03	5.41323e+06	0	0	0
2.00000	1.64500	7.240000	950	0.08584	9.82388e-01	1.000	1.00000	3.13761e+04	5.41323e+06	0	0	0
2.00000	1.64500	7.240000	950	0.08584	1.31636e+01	1.000	1.00000	3.65260e+05	5.41323e+06	0	0	0
2.00000	1.64500	7.240000	950	0.08584	1.76388e+02	1.000	1.00000	2.33995e+06	5.41323e+06	0	0	0
2.00000	1.64500	7.240000	950	0.08584	2.36354e+03	1.000	1.00000	1.33980e+07	5.41323e+06	0	0	0
2.00000	1.64500	7.240000	1225	0.00175	7.33145e-02	0.100	0.00115	0.00000e+00	5.61556e+09	10	1	1
2.00000	1.64500	7.240000	1225	0.00175	9.82388e-01	0.100	0.00115	0.00000e+00	5.61556e+09	10	1	1
2.00000	1.64500	7.240000	1225	0.00175	1.31636e+01	0.100	0.00115	0.00000e+00	5.61556e+09	10	1	1
2.00000	1.64500	7.240000	1225	0.00175	1.76388e+02	0.100	0.00115	0.00000e+00	5.61556e+09	10	1	1
2.00000	1.64500	7.240000	1225	0.00175	2.36354e+03	0.100	0.00115	0.00000e+00	5.61556e+09	10	1	1
2.00000	1.64500	7.240000	1225	0.00434	7.33145e-02	0.220	0.00707	0.00000e+00	2.46392e+10	10	1	1
2.00000	1.64500	7.240000	1225	0.00434	9.82388e-01	0.220	0.00707	0.00000e+00	2.46392e+10	10	1	1
2.00000	1.64500	7.240000	1225	0.00434	1.31636e+01	0.220	0.00707	0.00000e+00	2.46392e+10	10	1	1
2.00000	1.64500	7.240000	1225	0.00434	1.76388e+02	0.220	0.00707	0.00000e+00	2.46392e+10	10	1	1
2.00000	1.64500	7.240000	1225	0.00434	2.36354e+03	0.220	0.00707	0.00000e+00	2.46392e+10	10	1	1
2.00000	1.64500	7.240000	1225	0.00620	7.33145e-02	0.300	0.01442	0.00000e+00	4.52040e+09	10	1	1
2.00000	1.64500	7.240000	1225	0.00620	9.82388e-01	0.300	0.01442	0.00000e+00	4.52040e+09	10	1	1
2.00000	1.64500	7.240000	1225	0.00620	1.31636e+01	0.300	0.01442	0.00000e+00	4.52040e+09	10	1	1
2.00000	1.64500	7.240000	1225	0.00620	1.76388e+02	0.300	0.01442	0.00000e+00	4.52040e+09	10	1	1
2.00000	1.64500	7.240000	1225	0.00620	2.36354e+03	0.300	0.01442	0.00000e+00	4.52040e+09	10	1	1
2.00000	1.64500	7.240000	1225	0.01562	7.33145e-02	0.550	0.09151	4.08953e+03	2.57032e+08	0	0	0
2.00000	1.64500	7.240000	1225	0.01562	9.82388e-01	0.550	0.09151	5.17782e+04	2.57032e+08	0	0	0
2.00000	1.64500	7.240000	1225	0.01562	1.31636e+01	0.550	0.09151	5.50921e+05	2.57032e+08	0	0	0
2.00000	1.64500	7.240000	1225	0.01562	1.76388e+02	0.550	0.09151	3.57590e+06	2.57032e+08	0	0	0
2.00000	1.64500	7.240000	1225	0.01562	2.36354e+03	0.550	0.09151	1.66808e+07	2.57032e+08	1	0	0
2.00000	1.64500	7.240000	1225	0.05162	7.33145e-02	1.000	1.00000	3.33811e+03	1.61069e+07	0	0	0
2.00000	1.64500	7.240000	1225	0.05162	9.82388e-01	1.000	1.00000	3.30295e+04	1.61069e+07	0	0	0
2.00000	1.64500	7.240000	1225	0.05162	1.31636e+01	1.000	1.00000	4.47828e+05	1.61069e+07	0	0	0
2.00000	1.64500	7.240000	1225	0.05162	1.76388e+02	1.000	1.00000	2.41924e+06	1.61069e+07	0	0	0
2.00000	1.64500	7.240000	1225	0.05162	2.36354e+03	1.000	1.00000	1.40991e+07	1.61069e+07	0	0	0
2.00000	1.64500	7.240000	1500	0.00117	7.33145e-02	0.100	0.00115	0.00000e+00	1.59730e+09	10	1	1
2.00000	1.64500	7.240000	1500	0.00117	9.82388e-01	0.100	0.00115	0.00000e+00	1.59730e+09	10	1	1
2.00000	1.64500	7.240000	1500	0.00117	1.31636e+01	0.100	0.00115	0.00000e+00	1.59730e+09	10	1	1
2.00000	1.64500	7.240000	1500	0.00117	1.76388e+02	0.100	0.00115	0.00000e+00	1.59730e+09	10	1	1
2.00000	1.64500	7.240000	1500	0.00117	2.36354e+03	0.100	0.00115	0.00000e+00	1.59730e+09	10	1	1
2.00000	1.64500	7.240000	1500	0.00289	7.33145e-02	0.220	0.00707	0.00000e+00	9.64177e+10	10	1	1
2.00000	1.64500	7.240000	1500	0.00289	9.82388e-01	0.220	0.00707	0.00000e+00	9.64177e+10	10	1	1
2.00000	1.64500	7.240000	1500	0.00289	1.31636e+01	0.220	0.00707	0.00000e+00	9.64177e+10	10	1	1
2.00000	1.64500	7.240000	1500	0.00289	1.76388e+02	0.220	0.00707	0.00000e+00	9.64177e+10	10	1	1
2.00000	1.64500	7.240000	1500	0.00289	2.36354e+03	0.220	0.00707	0.00000e+00	9.64177e+10	10	1	1
2.00000	1.64500	7.240000	1500	0.00414	7.33145e-02	0.300	0.01442	0.00000e+00	1.47617e+11	10	1	1
2.00000	1.64500	7.240000	1500	0.00414	9.82388e-01	0.300	0.01442	0.00000e+00	1.47617e+11	10	1	1
2.00000	1.64500	7.240000	1500	0.00414	1.31636e+01	0.300	0.01442	0.00000e+00	1.47617e+11	10	1	1
2.00000	1.64500	7.240000	1500	0.00414	1.76388e+02	0.300	0.01442	0.00000e+00	1.47617e+11	10	1	1
2.00000	1.64500	7.240000	1500	0.00414	2.36354e+03	0.300	0.01442	0.00000e+00	1.47617e+11	10	1	1
2.00000	1.64500	7.240000	1500	0.01041	7.33145e-02	0.550	0.09151	0.00000e+00	8.61549e+08	10	1	1
2.00000	1.64500	7.240000	1500	0.01041	9.82388e-01	0.550	0.09151	0.00000e+00	8.61549e+08	10	1	1
2.00000	1.64500	7.240000	1500	0.01041	1.31636e+01	0.550	0.09151	0.00000e+00	8.61549e+08	10	1	1
2.00000	1.64500	7.240000	1500	0.01041	1.76388e+02	0.550	0.09151	0.00000e+00	8.61549e+08	10	1	1
2.00000	1.64500	7.240000	1500	0.01041	2.36354e+03	0.550	0.09151	0.00000e+00	8.61549e+08	10	1	1
2.00000	1.64500	7.240000	1500	0.03443	7.33145e-02	1.000	1.00000	2.90048e+03	3.99882e+07	0	0	0
2.00000	1.64500	7.240000	1500	0.03443	9.82388e-01	1.000	1.00000	3.62431e+04	3.99882e+07	0	0	0
2.00000	1.64500	7.240000	1500	0.03443	1.31636e+01	1.000	1.00000	6.52226e+05	3.99882e+07	0	0	0
2.00000	1.64500	7.240000	1500	0.03443	1.76388e+02	1.000	1.00000	2.61765e+06	3.99882e+07	0	0	0
2.00000	1.64500	7.240000	1500	0.03443	2.36354e+03	1.000	1.00000	1.35403e+07	3.99882e+07	0	0	0
2.00000	1.18296	14.000000	400	0.01644	7.33145e-02	0.100	0.00115	8.12660e+02	8.00098e+06	0	0	0
2.00000	1.18296	14.000000	400	0.01644	9.82388e-01	0.100	0.00115	9.86467e+03	8.00098e+06	0	0	0
2.00000	1.18296	14.000000	400	0.01644	1.31636e+01	0.100	0.00115	1.00086e+05	8.00098e+06	0	0	0
2.00000	1.18296	14.000000	400	0.01644	1.76388e+02	0.100	0.00115	6.91210e+05	8.00098e+06	0	0	0
2.00000	1.18296	14.000000	400	0.01644	2.36354e+03	0.100	0.00115	4.97724e+06	8.00098e+06	0	0	0
2.00000	1.18296	14.000000	400	0.04070	7.33145e-02	0.220	0.00707	7.26017e+02	5.82550e+06	0	0	0
2.00000	1.18296	14.000000	400	0.04070	9.82388e-01	0.220	0.00707	8.62044e+03	5.82550e+06	0	0	0
2.00000	1.18296	14.000000	400	0.04070	1.31636e+01	0.220	0.00707	8.49717e+04	5.82550e+06	0	0	0
2.00000	1.18296	14.000000	400	0.04070	1.76388e+02	0.220	0.00707	6.23090e+05	5.82550e+06	0	0	0
2.00000	1.18296	14.000000	400	0.04070	2.36354e+03	0.220	0.00707	4.89222e+06	5.82550e+06	0	0	0
2.00000	1.18296	14.000000	400	0.05815	7.33145e-02	0.300	0.01442	7.10225e+02	3.05935e+06	0	0	0
2.00000	1.18296	14.000000	400	0.05815	9.82388e-01	0.300	0.01442	8.40340e+03	3.05935e+06	0	0	0
2.00000	1.18296	14.000000	400	0.05815	1.31636e+01	0.300	0.01442	8.26924e+04	3.05935e+06	0	0	0
2.00000	1.18296	14.000000	400	0.05815	1.76388e+02	0.300	0.01442	6.15826e+05	3.05935e+06	0	0	0
2.00000	1.18296	14.000000	400	0.05815	2.36354e+03	0.300	0.01442	4.88354e+06	3.05935e+06	0	0	0
2.00000	1.18296	14.000000	400	0.14646	7.33145e-02	0.550	0.09151	6.82658e+02	4.64559e+05	0	0	0
2.00000	1.18296	14.000000	400	0.14646	9.82388e-01	0.550	0.09151	8.11082e+03	4.64559e+05	0	0	0
2.00000	1.18296	14.000000	400	0.14646	1.31636e+01	0.550	0.09151	8.03920e+04	4.64559e+05	0	0	0
2.00000	1.18296	14.000000	400	0.14646	1.76388e+02	0.550	0.09151	6.09933e+05	4.64559e+05	0	0	0
2.00000	1.18296	14.000000	400	0.14646	2.36354e+03	0.550	0.09151	4.87843e+06	4.64559e+05	0	0	0
2.00000	1.18296	14.000000	400	0.48417	7.33145e-02	1.000	1.00000	6.07926e+02	4.15986e+04	0	0	0
2.00000	1.18296	14.000000	400	0.48417	9.82388e-01	1.000	1.00000	7.95706e+03	4.15986e+04	0	0	0
2.00000	1.18296	14.000000	400	0.48417	1.31636e+01	1.000	1.00000	8.00217e+04	4.15986e+04	0	0	0
2.00000	1.18296	14.000000	400	0.48417	1.76388e+02	1.000	1.00000	6.09272e+05	4.15986e+04	0	0	0
2.00000	1.18296	14.000000	400	0.48417	2.36354e+03	1.000	1.00000	4.88169e+06	4.15986e+04	0	0	0
2.00000	1.18296	14.000000	675	0.00577	7.33145e-02	0.100	0.00115	0.00000e+00	1.00990e+08	10	1	1
2.00000	1.18296	14.000000	675	0.00577	9.82388e-01	0.100	0.00115	0.00000e+00	1.00990e+08	10	1	1
2.00000	1.18296	14.000000	675	0.00577	1.31636e+01	0.100	0.00115	0.00000e+00	1.00990e+08	10	1	1
2.00000	1.18296	14.000000	675	0.00577	1.76388e+02	0.100	0.00115	0.00000e+00	1.00990e+08	10	1	1
2.00000	1.18296	14.000000	675	0.00577	2.36354e+03	0.100	0.00115	0.00000e+00	1.00990e+08	10	1	1
2.00000	1.18296	14.000000	675	0.01429	7.33145e-02	0.220	0.00707	9.29550e+02	5.74688e+07	0	0	0
2.00000	1.18296	14.000000	675	0.01429	9.82388e-01	0.220	0.00707	1.15292e+04	5.74688e+07	0	0	0
2.00000	1.18296	14.000000	675	0.01429	1.31636e+01	0.220	0.00707	1.21887e+05	5.74688e+07	0	0	0
2.00000	1.18296	14.000000	675	0.01429	1.76388e+02	0.220	0.00707	8.35355e+05	5.74688e+07	0	0	0
2.00000	1.18296	14.000000	675	0.01429	2.36354e+03	0.220	0.00707	7.12713e+06	5.74688e+07	1	0	0
2.00000	1.18296	14.000000	675	0.02042	7.33145e-02	0.300	0.01442	8.47174e+02	2.87131e+07	1	0	0
2.00000	1.18296	14.000000	675	0.02042	9.82388e-01	0.300	0.01442	1.03740e+04	2.87131e+07	0	0	0
2.00000	1.18296	14.000000	675	0.02042	1.31636e+01	0.300	0.01442	1.06677e+05	2.87131e+07	0	0	0
2.00000	1.18296	14.000000	675	0.02042	1.76388e+02	0.300	0.01442	7.29342e+05	2.87131e+07	0	0	0
2.00000	1.18296	14.000000	675	0.02042	2.36354e+03	0.300	0.01442	5.03826e+06	2.87131e+07	0	0	0
2.00000	1.18296	14.000000	675	0.05143	7.33145e-02	0.550	0.09151	7.31660e+02	4.02505e+06	0	0	0
2.00000	1.18296	14.000000	675	0.05143	9.82388e-01	0.550	0.09151	8.70019e+03	4.02505e+06	0	0	0
2.00000	1.18296	14.000000	675	0.05143	1.31636e+01	0.550	0.09151	8.58610e+04	4.02505e+06	0	0	0
2.00000	1.18296	14.000000	675	0.05143	1.76388e+02	0.550	0.09151	6.26227e+05	4.02505e+06	0	0	0
2.00000	1.18296	14.000000	675	0.05143	2.36354e+03	0.550	0.09151	4.89589e+06	4.02505e+06	0	0	0
2.00000	1.18296	14.000000	675	0.17002	7.33145e-02	1.000	1.00000	6.84463e+02	3.45337e+05	0	0	0
2.00000	1.18296	14.000000	675	0.17002	9.82388e-01	1.000	1.00000	8.12326e+03	3.45337e+05	0	0	0
2.00000	1.18296	14.000000	675	0.17002	1.31636e+01	1.000	1.00000	8.04511e+04	3.45337e+05	0	0	0
2.00000	1.18296	14.000000	675	0.17002	1.76388e+02	1.000	1.00000	6.10059e+05	3.45337e+05	0	0	0
2.00000	1.18296	14.000000	675	0.17002	2.36354e+03	1.000	1.00000	4.87847e+06	3.45337e+05	0	0	0
2.00000	1.18296	14.000000	950	0.00291	7.33145e-02	0.100	0.00115	0.00000e+00	1.21996e+09	10	1	1
2.00000	1.18296	14.000000	950	0.00291	9.82388e-01	0.100	0.00115	0.00000e+00	1.21996e+09	10	1	1
2.00000	1.18296	14.000000	950	0.00291	1.31636e+01	0.100	0.00115	0.00000e+00	1.21996e+09	10	1	1
2.00000	1.18296	14.000000	950	0.00291	1.76388e+02	0.100	0.00115	0.00000e+00	1.21996e+09	10	1	1
2.00000	1.18296	14.000000	950	0.00291	2.36354e+03	0.100	0.00115	0.00000e+00	1.21996e+09	10	1	1
2.00000	1.18296	14.000000	950	0.00722	7.33145e-02	0.220	0.00707	0.00000e+00	3.26859e+08	10	1	1
2.00000	1.18296	14.000000	950	0.00722	9.82388e-01	0.220	0.00707	0.00000e+00	3.26859e+08	10	1	1
2.00000	1.18296	14.000000	950	0.00722	1.31636e+01	0.220	0.00707	0.00000e+00	3.26859e+08	10	1	1
2.00000	1.18296	14.000000	950	0.00722	1.76388e+02	0.220	0.00707	0.00000e+00	3.26859e+08	10	1	1
2.00000	1.18296	14.000000	950	0.00722	2.36354e+03	0.220	0.00707	0.00000e+00	3.26859e+08	10	1	1
2.00000	1.18296	14.000000	950	0.01031	7.33145e-02	0.300	0.01442	0.00000e+00	1.46390e+08	10	1	1
2.00000	1.18296	14.000000	950	0.01031	9.82388e-01	0.300	0.01442	0.00000e+00	1.46390e+08	10	1	1
2.00000	1.18296	14.000000	950	0.01031	1.31636e+01	0.300	0.01442	0.00000e+00	1.46390e+08	10	1	1
2.00000	1.18296	14.000000	950	0.01031	1.76388e+02	0.300	0.01442	0.00000e+00	1.46390e+08	10	1	1
2.00000	1.18296	14.000000	950	0.01031	2.36354e+03	0.300	0.01442	0.00000e+00	1.46390e+08	10	1	1
2.00000	1.18296	14.000000	950	0.02597	7.33145e-02	0.550	0.09151	8.47843e+02	1.76002e+07	1	0	0
2.00000	1.18296	14.000000	950	0.02597	9.82388e-01	0.550	0.09151	1.02294e+04	1.76002e+07	0	0	0
2.00000	1.18296	14.000000	950	0.02597	1.31636e+01	0.550	0.09151	1.04799e+05	1.76002e+07	0	0	0
2.00000	1.18296	14.000000	950	0.02597	1.76388e+02	0.550	0.09151	7.18010e+05	1.76002e+07	0	0	0
2.00000	1.18296	14.000000	950	0.02597	2.36354e+03	0.550	0.09151	5.02123e+06	1.76002e+07	0	0	0
2.00000	1.18296	14.000000	950	0.08584	7.33145e-02	1.000	1.00000	7.10776e+02	1.40532e+06	0	0	0
2.00000	1.18296	14.000000	950	0.08584	9.82388e-01	1.000	1.00000	8.41083e+03	1.40532e+06	0	0	0
2.00000	1.18296	14.000000	950	0.08584	1.31636e+01	1.000	1.00000	8.27674e+04	1.40532e+06	0	0	0
2.00000	1.18296	14.000000	950	0.08584	1.76388e+02	1.000	1.00000	6.16202e+05	1.40532e+06	0	0	0
2.00000	1.18296	14.000000	950	0.08584	2.36354e+03	1.000	1.00000	4.88430e+06	1.40532e+06	0	0	0
2.00000	1.18296	14.000000	1225	0.00175	7.33145e-02	0.100	0.00115	0.00000e+00	1.07295e+11	10	1	1
2.00000	1.18296	14.000000	1225	0.00175	9.82388e-01	0.100	0.00115	0.00000e+00	1.07295e+11	10	1	1
2.00000	1.18296	14.000000	1225	0.00175	1.31636e+01	0.100	0.00115	0.00000e+00	1.07295e+11	10	1	1
2.00000	1.18296	14.000000	1225	0.00175	1.76388e+02	0.100	0.00115	0.00000e+00	1.07295e+11	10	1	1
2.00000	1.18296	14.000000	1225	0.00175	2.36354e+03	0.100	0.00115	0.00000e+00	1.07295e+11	10	1	1
2.00000	1.18296	14.000000	1225	0.00434	7.33145e-02	0.220	0.00707	0.00000e+00	1.85764e+09	10	1	1
2.00000	1.18296	14.000000	1225	0.00434	9.82388e-01	0.220	0.00707	0.00000e+00	1.85764e+09	10	1	1
2.00000	1.18296	14.000000	1225	0.00434	1.31636e+01	0.220	0.00707	0.00000e+00	1.85764e+09	10	1	1
2.00000	1.18296	14.000000	1225	0.00434	1.76388e+02	0.220	0.00707	0.00000e+00	1.85764e+09	10	1	1
2.00000	1.18296	14.000000	1225	0.00434	2.36354e+03	0.220	0.00707	0.00000e+00	1.85764e+09	10	1	1
2.00000	1.18296	14.000000	1225	0.00620	7.33145e-02	0.300	0.01442	0.00000e+00	6.38699e+08	10	1	1
2.00000	1.18296	14.000000	1225	0.00620	9.82388e-01	0.300	0.01442	0.00000e+00	6.38699e+08	10	1	1
2.00000	1.18296	14.000000	1225	0.00620	1.31636e+01	0.300	0.01442	0.00000e+00	6.38699e+08	10	1	1
2.00000	1.18296	14.000000	1225	0.00620	1.76388e+02	0.300	0.01442	0.00000e+00	6.38699e+08	10	1	1
2.00000	1.18296	14.000000	1225	0.00620	2.36354e+03	0.300	0.01442	0.00000e+00	6.38699e+08	10	1	1
2.00000	1.18296	14.000000	1225	0.01562	7.33145e-02	0.550	0.09151	1.02756e+03	5.72599e+07	0	0	0
2.00000	1.18296	14.000000	1225	0.01562	9.82388e-01	0.550	0.09151	1.28898e+04	5.72599e+07	0	0	0
2.00000	1.18296	14.000000	1225	0.01562	1.31636e+01	0.550	0.09151	1.39456e+05	5.72599e+07	0	0	0
2.00000	1.18296	14.000000	1225	0.01562	1.76388e+02	0.550	0.09151	9.86623e+05	5.72599e+07	0	0	0
2.00000	1.18296	14.000000	1225	0.01562	2.36354e+03	0.550	0.09151	5.48062e+06	5.72599e+07	0	0	0
2.00000	1.18296	14.000000	1225	0.05162	7.33145e-02	1.000	1.00000	7.51185e+02	4.08820e+06	0	0	0
2.00000	1.18296	14.000000	1225	0.05162	9.82388e-01	1.000	1.00000	8.97924e+03	4.08820e+06	0	0	0
2.00000	1.18296	14.000000	1225	0.05162	1.31636e+01	1.000	1.00000	8.90977e+04	4.08820e+06	0	0	0
2.00000	1.18296	14.000000	1225	0.05162	1.76388e+02	1.000	1.00000	6.38721e+05	4.08820e+06	0	0	0
2.00000	1.18296	14.000000	1225	0.05162	2.36354e+03	1.000	1.00000	4.91109e+06	4.08820e+06	0	0	0
2.00000	1.18296	14.000000	1500	0.00117	7.33145e-02	0.100	0.00115	0.00000e+00	2.11349e+09	10	1	1
2.00000	1.18296	14.000000	1500	0.00117	9.82388e-01	0.100	0.00115	0.00000e+00	2.11349e+09	10	1	1
2.00000	1.18296	14.000000	1500	0.00117	1.31636e+01	0.100	0.00115	0.00000e+00	2.11349e+09	10	1	1
2.00000	1.18296	14.000000	1500	0.00117	1.76388e+02	0.100	0.00115	0.00000e+00	2.11349e+09	10	1	1
2.00000	1.18296	14.000000	1500	0.00117	2.36354e+03	0.100	0.00115	0.00000e+00	2.11349e+09	10	1	1
2.00000	1.18296	14.000000	1500	0.00289	7.33145e-02	0.220	0.00707	0.00000e+00	2.70513e+10	10	1	1
2.00000	1.18296	14.000000	1500	0.00289	9.82388e-01	0.220	0.00707	0.00000e+00	2.70513e+10	10	1	1
2.00000	1.18296	14.000000	1500	0.00289	1.31636e+01	0.220	0.00707	0.00000e+00	2.70513e+10	10	1	1
2.00000	1.18296	14.000000	1500	0.00289	1.76388e+02	0.220	0.00707	0.00000e+00	2.70513e+10	10	1	1
2.00000	1.18296	14.000000	1500	0.00289	2.36354e+03	0.220	0.00707	0.00000e+00	2.70513e+10	10	1	1
2.00000	1.18296	14.000000	1500	0.00414	7.33145e-02	0.300	0.01442	0.00000e+00	3.42971e+09	10	1	1
2.00000	1.18296	14.000000	1500	0.00414	9.82388e-01	0.300	0.01442	0.00000e+00	3.42971e+09	10	1	1
2.00000	1.18296	14.000000	1500	0.00414	1.31636e+01	0.300	0.01442	0.00000e+00	3.42971e+09	10	1	1
2.00000	1.18296	14.000000	1500	0.00414	1.76388e+02	0.300	0.01442	0.00000e+00	3.42971e+09	10	1	1
2.00000	1.18296	14.000000	1500	0.00414	2.36354e+03	0.300	0.01442	0.00000e+00	3.42971e+09	10	1	1
2.00000	1.18296	14.000000	1500	0.01041	7.33145e-02	0.550	0.09151	0.00000e+00	1.63383e+08	10	1	1
2.00000	1.18296	14.000000	1500	0.01041	9.82388e-01	0.550	0.09151	0.00000e+00	1.63383e+08	10	1	1
2.00000	1.18296	14.000000	1500	0.01041	1.31636e+01	0.550	0.09151	0.00000e+00	1.63383e+08	10	1	1
2.00000	1.18296	14.000000	1500	0.01041	1.76388e+02	0.550	0.09151	0.00000e+00	1.63383e+08	10	1	1
2.00000	1.18296	14.000000	1500	0.01041	2.36354e+03	0.550	0.09151	0.00000e+00	1.63383e+08	10	1	1
2.00000	1.18296	14.000000	1500	0.03443	7.33145e-02	1.000	1.00000	8.18217e+02	9.83036e+06	0	0	0
2.00000	1.18296	14.000000	1500	0.03443	9.82388e-01	1.000	1.00000	9.94469e+03	9.83036e+06	0	0	0
2.00000	1.18296	14.000000	1500	0.03443	1.31636e+01	1.000	1.00000	1.01118e+05	9.83036e+06	0	0	0
2.00000	1.18296	14.000000	1500	0.03443	1.76388e+02	1.000	1.00000	6.96950e+05	9.83036e+06	0	0	0
2.00000	1.18296	14.000000	1500	0.03443	2.36354e+03	1.000	1.00000	4.99026e+06	9.83036e+06	0	0	0
2.00000	0.80812	30.000000	400	0.01644	7.33145e-02	0.100	0.00115	5.71985e+01	1.63760e+06	0	0	0
2.00000	0.80812	30.000000	400	0.01644	9.82388e-01	0.100	0.00115	6.39173e+02	1.63760e+06	0	0	0
2.00000	0.80812	30.000000	400	0.01644	1.31636e+01	0.100	0.00115	6.20114e+03	1.63760e+06	0	0	0
2.00000	0.80812	30.000000	400	0.01644	1.76388e+02	0.100	0.00115	6.70879e+04	1.63760e+06	0	0	0
2.00000	0.80812	30.000000	400	0.01644	2.36354e+03	0.100	0.00115	9.73994e+05	1.63760e+06	0	0	0
2.00000	0.80812	30.000000	400	0.04070	7.33145e-02	0.220	0.00707	4.50862e+01	1.23066e+06	0	0	0
2.00000	0.80812	30.000000	400	0.04070	9.82388e-01	0.220	0.00707	4.99034e+02	1.23066e+06	0	0	0
2.00000	0.80812	30.000000	400	0.04070	1.31636e+01	0.220	0.00707	5.07708e+03	1.23066e+06	0	0	0
2.00000	0.80812	30.000000	400	0.04070	1.76388e+02	0.220	0.00707	6.06462e+04	1.23066e+06	0	0	0
2.00000	0.80812	30.000000	400	0.04070	2.36354e+03	0.220	0.00707	9.45108e+05	1.23066e+06	0	0	0
2.00000	0.80812	30.000000	400	0.05815	7.33145e-02	0.300	0.01442	4.30887e+01	6.50971e+05	0	0	0
2.00000	0.80812	30.000000	400	0.05815	9.82388e-01	0.300	0.01442	4.77779e+02	6.50971e+05	0	0	0
2.00000	0.80812	30.000000	400	0.05815	1.31636e+01	0.300	0.01442	4.92454e+03	6.50971e+05	0	0	0
2.00000	0.80812	30.000000	400	0.05815	1.76388e+02	0.300	0.01442	5.98505e+04	6.50971e+05	0	0	0
2.00000	0.80812	30.000000	400	0.05815	2.36354e+03	0.300	0.01442	9.42099e+05	6.50971e+05	0	0	0
2.00000	0.80812	30.000000	400	0.14646	7.33145e-02	0.550	0.09151	3.97826e+01	1.00069e+05	0	0	0
2.00000	0.80812	30.000000	400	0.14646	9.82388e-01	0.550	0.09151	4.49630e+02	1.00069e+05	0	0	0
2.00000	0.80812	30.000000	400	0.14646	1.31636e+01	0.550	0.09151	4.76570e+03	1.00069e+05	0	0	0
2.00000	0.80812	30.000000	400	0.14646	1.76388e+02	0.550	0.09151	5.91420e+04	1.00069e+05	0	0	0
2.00000	0.80812	30.000000	400	0.14646	2.36354e+03	0.550	0.09151	9.42989e+05	1.00069e+05	1	0	0
2.00000	0.80812	30.000000	400	0.48417	7.33145e-02	1.000	1.00000	9.12871e+01	9.02337e+03	1	0	0
2.00000	0.80812	30.000000	400	0.48417	9.82388e-01	1.000	1.00000	4.69959e+02	9.02337e+03	1	0	0
2.00000	0.80812	30.000000	400	0.48417	1.31636e+01	1.000	1.00000	4.73595e+03	9.02337e+03	0	0	0
2.00000	0.80812	30.000000	400	0.48417	1.76388e+02	1.000	1.00000	5.90940e+04	9.02337e+03	1	0	0
2.00000	0.80812	30.000000	400	0.48417	2.36354e+03	1.000	1.00000	9.42790e+05	9.02337e+03	1	0	0
2.00000	0.80812	30.000000	675	0.00577	7.33145e-02	0.100	0.00115	0.00000e+00	1.73844e+07	10	1	1
2.00000	0.80812	30.000000	675	0.00577	9.82388e-01	0.100	0.00115	0.00000e+00	1.73844e+07	10	1	1
2.00000	0.80812	30.000000	675	0.00577	1.31636e+01	0.100	0.00115	0.00000e+00	1.73844e+07	10	1	1
2.00000	0.80812	30.000000	675	0.00577	1.76388e+02	0.100	0.00115	0.00000e+00	1.73844e+07	10	1	1
2.00000	0.80812	30.000000	675	0.00577	2.36354e+03	0.100	0.00115	0.00000e+00	1.73844e+07	10	1	1
2.00000	0.80812	30.000000	675	0.01429	7.33145e-02	0.220	0.00707	9.12871e+01	1.13256e+07	1	0	0
2.00000	0.80812	30.000000	675	0.01429	9.82388e-01	0.220	0.00707	8.93910e+02	1.13256e+07	0	0	0
2.00000	0.80812	30.000000	675	0.01429	1.31636e+01	0.220	0.00707	8.43546e+03	1.13256e+07	0	0	0
2.00000	0.80812	30.000000	675	0.01429	1.76388e+02	0.220	0.00707	7.98840e+04	1.13256e+07	0	0	0
2.00000	0.80812	30.000000	675	0.01429	2.36354e+03	0.220	0.00707	1.03574e+06	1.13256e+07	0	0	0
2.00000	0.80812	30.000000	675	0.02042	7.33145e-02	0.300	0.01442	6.28776e+01	5.80839e+06	0	0	0
2.00000	0.80812	30.000000	675	0.02042	9.82388e-01	0.300	0.01442	7.07783e+02	5.80839e+06	0	0	0
2.00000	0.80812	30.000000	675	0.02042	1.31636e+01	0.300	0.01442	6.78419e+03	5.80839e+06	0	0	0
2.00000	0.80812	30.000000	675	0.02042	1.76388e+02	0.300	0.01442	7.04759e+04	5.80839e+06	0	0	0
2.00000	0.80812	30.000000	675	0.02042	2.36354e+03	0.300	0.01442	9.90361e+05	5.80839e+06	0	0	0
2.00000	0.80812	30.000000	675	0.05143	7.33145e-02	0.550	0.09151	4.58138e+01	8.48236e+05	0	0	0
2.00000	0.80812	30.000000	675	0.05143	9.82388e-01	0.550	0.09151	5.07041e+02	8.48236e+05	0	0	0
2.00000	0.80812	30.000000	675	0.05143	1.31636e+01	0.550	0.09151	5.13717e+03	8.48236e+05	0	0	0
2.00000	0.80812	30.000000	675	0.05143	1.76388e+02	0.550	0.09151	6.09742e+04	8.48236e+05	0	0	0
2.00000	0.80812	30.000000	675	0.05143	2.36354e+03	0.550	0.09151	1.03610e+06	8.48236e+05	1	0	0
2.00000	0.80812	30.000000	675	0.17002	7.33145e-02	1.000	1.00000	3.99879e+01	7.43449e+04	0	0	0
2.00000	0.80812	30.000000	675	0.17002	9.82388e-01	1.000	1.00000	4.50865e+02	7.43449e+04	0	0	0
2.00000	0.80812	30.000000	675	0.17002	1.31636e+01	1.000	1.00000	4.77015e+03	7.43449e+04	0	0	0
2.00000	0.80812	30.000000	675	0.17002	1.76388e+02	1.000	1.00000	5.91582e+04	7.43449e+04	0	0	0
2.00000	0.80812	30.000000	675	0.17002	2.36354e+03	1.000	1.00000	9.45773e+05	7.43449e+04	1	0	0
2.00000	0.80812	30.000000	950	0.00291	7.33145e-02	0.100	0.00115	0.00000e+00	1.18708e+08	10	1	1
2.00000	0.80812	30.000000	950	0.00291	9.82388e-01	0.100	0.00115	0.00000e+00	1.18708e+08	10	1	1
2.00000	0.80812	30.000000	950	0.00291	1.31636e+01	0.100	0.00115	0.00000e+00	1.18708e+08	10	1	1
2.00000	0.80812	30.000000	950	0.00291	1.76388e+02	0.100	0.00115	0.00000e+00	1.18708e+08	10	1	1
2.00000	0.80812	30.000000	950	0.00291	2.36354e+03	0.100	0.00115	0.00000e+00	1.18708e+08	10	1	1
2.00000	0.80812	30.000000	950	0.00722	7.33145e-02	0.220	0.00707	0.00000e+00	5.54713e+07	10	1	1
2.00000	0.80812	30.000000	950	0.00722	9.82388e-01	0.220	0.00707	0.00000e+00	5.54713e+07	10	1	1
2.00000	0.80812	30.000000	950	0.00722	1.31636e+01	0.220	0.00707	0.00000e+00	5.54713e+07	10	1	1
2.00000	0.80812	30.000000	950	0.00722	1.76388e+02	0.220	0.00707	0.00000e+00	5.54713e+07	10	1	1
2.00000	0.80812	30.000000	950	0.00722	2.36354e+03	0.220	0.00707	0.00000e+00	5.54713e+07	10	1	1
2.00000	0.80812	30.000000	950	0.01031	7.33145e-02	0.300	0.01442	0.00000e+00	2.67934e+07	10	1	1
2.00000	0.80812	30.000000	950	0.01031	9.82388e-01	0.300	0.01442	0.00000e+00	2.67934e+07	10	1	1
2.00000	0.80812	30.000000	950	0.01031	1.31636e+01	0.300	0.01442	0.00000e+00	2.67934e+07	10	1	1
2.00000	0.80812	30.000000	950	0.01031	1.76388e+02	0.300	0.01442	0.00000e+00	2.67934e+07	10	1	1
2.00000	0.80812	30.000000	950	0.01031	2.36354e+03	0.300	0.01442	0.00000e+00	2.67934e+07	10	1	1
2.00000	0.80812	30.000000	950	0.02597	7.33145e-02	0.550	0.09151	6.12130e+01	3.57184e+06	0	0	0
2.00000	0.80812	30.000000	950	0.02597	9.82388e-01	0.550	0.09151	6.87545e+02	3.57184e+06	0	0	0
2.00000	0.80812	30.000000	950	0.02597	1.31636e+01	0.550	0.09151	6.63464e+03	3.57184e+06	1	0	0
2.00000	0.80812	30.000000	950	0.02597	1.76388e+02	0.550	0.09151	6.94745e+04	3.57184e+06	0	0	0
2.00000	0.80812	30.000000	950	0.02597	2.36354e+03	0.550	0.09151	9.85803e+05	3.57184e+06	1	0	0
2.00000	0.80812	30.000000	950	0.08584	7.33145e-02	1.000	1.00000	4.31575e+01	2.98937e+05	0	0	0
2.00000	0.80812	30.000000	950	0.08584	9.82388e-01	1.000	1.00000	4.78494e+02	2.98937e+05	0	0	0
2.00000	0.80812	30.000000	950	0.08584	1.31636e+01	1.000	1.00000	4.92955e+03	2.98937e+05	0	0	0
2.00000	0.80812	30.000000	950	0.08584	1.76388e+02	1.000	1.00000	5.98761e+04	2.98937e+05	0	0	0
2.00000	0.80812	30.000000	950	0.08584	2.36354e+03	1.000	1.00000	9.67850e+05	2.98937e+05	1	0	0
2.00000	0.80812	30.000000	1225	0.00175	7.33145e-02	0.100	0.00115	0.00000e+00	1.22725e+09	10	1	1
2.00000	0.80812	30.000000	1225	0.00175	9.82388e-01	0.100	0.00115	0.00000e+00	1.22725e+09	10	1	1
2.00000	0.80812	30.000000	1225	0.00175	1.31636e+01	0.100	0.00115	0.00000e+00	1.22725e+09	10	1	1
2.00000	0.80812	30.000000	1225	0.00175	1.76388e+02	0.100	0.00115	0.00000e+00	1.22725e+09	10	1	1
2.00000	0.80812	30.000000	1225	0.00175	2.36354e+03	0.100	0.00115	0.00000e+00	1.22725e+09	10	1	1
2.00000	0.80812	30.000000	1225	0.00434	7.33145e-02	0.220	0.00707	0.00000e+00	2.22410e+08	10	1	1
2.00000	0.80812	30.000000	1225	0.00434	9.82388e-01	0.220	0.00707	0.00000e+00	2.22410e+08	10	1	1
2.00000	0.80812	30.000000	1225	0.00434	1.31636e+01	0.220	0.00707	0.00000e+00	2.22410e+08	10	1	1
2.00000	0.80812	30.000000	1225	0.00434	1.76388e+02	0.220	0.00707	0.00000e+00	2.22410e+08	10	1	1
2.00000	0.80812	30.000000	1225	0.00434	2.36354e+03	0.220	0.00707	0.00000e+00	2.22410e+08	10	1	1
2.00000	0.80812	30.000000	1225	0.00620	7.33145e-02	0.300	0.01442	0.00000e+00	9.56961e+07	10	1	1
2.00000	0.80812	30.000000	1225	0.00620	9.82388e-01	0.300	0.01442	0.00000e+00	9.56961e+07	10	1	1
2.00000	0.80812	30.000000	1225	0.00620	1.31636e+01	0.300	0.01442	0.00000e+00	9.56961e+07	10	1	1
2.00000	0.80812	30.000000	1225	0.00620	1.76388e+02	0.300	0.01442	0.00000e+00	9.56961e+07	10	1	1
2.00000	0.80812	30.000000	1225	0.00620	2.36354e+03	0.300	0.01442	0.00000e+00	9.56961e+07	10	1	1
2.00000	0.80812	30.000000	1225	0.01562	7.33145e-02	0.550	0.09151	9.92703e+01	1.09375e+07	0	0	0
2.00000	0.80812	30.000000	1225	0.01562	9.82388e-01	0.550	0.09151	1.16759e+03	1.09375e+07	0	0	0
2.00000	0.80812	30.000000	1225	0.01562	1.31636e+01	0.550	0.09151	1.10245e+04	1.09375e+07	0	0	0
2.00000	0.80812	30.000000	1225	0.01562	1.76388e+02	0.550	0.09151	9.42105e+04	1.09375e+07	0	0	0
2.00000	0.80812	30.000000	1225	0.01562	2.36354e+03	0.550	0.09151	1.10169e+06	1.09375e+07	0	0	0
2.00000	0.80812	30.000000	1225	0.05162	7.33145e-02	1.000	1.00000	9.12871e+01	8.54844e+05	1	0	0
2.00000	0.80812	30.000000	1225	0.05162	9.82388e-01	1.000	1.00000	5.36006e+02	8.54844e+05	0	0	0
2.00000	0.80812	30.000000	1225	0.05162	1.31636e+01	1.000	1.00000	5.36082e+03	8.54844e+05	0	0	0
2.00000	0.80812	30.000000	1225	0.05162	1.76388e+02	1.000	1.00000	6.22278e+04	8.54844e+05	0	0	0
2.00000	0.80812	30.000000	1225	0.05162	2.36354e+03	1.000	1.00000	1.00849e+06	8.54844e+05	1	0	0
2.00000	0.80812	30.000000	1500	0.00117	7.33145e-02	0.100	0.00115	0.00000e+00	2.54470e+10	10	1	1
2.00000	0.80812	30.000000	1500	0.00117	9.82388e-01	0.100	0.00115	0.00000e+00	2.54470e+10	10	1	1
2.00000	0.80812	30.000000	1500	0.00117	1.31636e+01	0.100	0.00115	0.00000e+00	2.54470e+10	10	1	1
2.00000	0.80812	30.000000	1500	0.00117	1.76388e+02	0.100	0.00115	0.00000e+00	2.54470e+10	10	1	1
2.00000	0.80812	30.000000	1500	0.00117	2.36354e+03	0.100	0.00115	0.00000e+00	2.54470e+10	10	1	1
2.00000	0.80812	30.000000	1500	0.00289	7.33145e-02	0.220	0.00707	0.00000e+00	9.62448e+08	10	1	1
2.00000	0.80812	30.000000	1500	0.00289	9.82388e-01	0.220	0.00707	0.00000e+00	9.62448e+08	10	1	1
2.00000	0.80812	30.000000	1500	0.00289	1.31636e+01	0.220	0.00707	0.00000e+00	9.62448e+08	10	1	1
2.00000	0.80812	30.000000	1500	0.00289	1.76388e+02	0.220	0.00707	0.00000e+00	9.62448e+08	10	1	1
2.00000	0.80812	30.000000	1500	0.00289	2.36354e+03	0.220	0.00707	0.00000e+00	9.62448e+08	10	1	1
2.00000	0.80812	30.000000	1500	0.00414	7.33145e-02	0.300	0.01442	0.00000e+00	3.23182e+08	10	1	1
2.00000	0.80812	30.000000	1500	0.00414	9.82388e-01	0.300	0.01442	0.00000e+00	3.23182e+08	10	1	1
2.00000	0.80812	30.000000	1500	0.00414	1.31636e+01	0.300	0.01442	0.00000e+00	3.23182e+08	10	1	1
2.00000	0.80812	30.000000	1500	0.00414	1.76388e+02	0.300	0.01442	0.00000e+00	3.23182e+08	10	1	1
2.00000	0.80812	30.000000	1500	0.00414	2.36354e+03	0.300	0.01442	0.00000e+00	3.23182e+08	10	1	1
2.00000	0.80812	30.000000	1500	0.01041	7.33145e-02	0.550	0.09151	0.00000e+00	2.83338e+07	10	1	1
2.00000	0.80812	30.000000	1500	0.01041	9.82388e-01	0.550	0.09151	0.00000e+00	2.83338e+07	10	1	1
2.00000	0.80812	30.000000	1500	0.01041	1.31636e+01	0.550	0.09151	0.00000e+00	2.83338e+07	10	1	1
2.00000	0.80812	30.000000	1500	0.01041	1.76388e+02	0.550	0.09151	0.00000e+00	2.83338e+07	10	1	1
2.00000	0.80812	30.000000	1500	0.01041	2.36354e+03	0.550	0.09151	0.00000e+00	2.83338e+07	10	1	1
2.00000	0.80812	30.000000	1500	0.03443	7.33145e-02	1.000	1.00000	5.80587e+01	2.00792e+06	0	0	0
2.00000	0.80812	30.000000	1500	0.03443	9.82388e-01	1.000	1.00000	6.49489e+02	2.00792e+06	0	0	0
2.00000	0.80812	30.000000	1500	0.03443	1.31636e+01	1.000	1.00000	6.28824e+03	2.00792e+06	0	0	0
2.00000	0.80812	30.000000	1500	0.03443	1.76388e+02	1.000	1.00000	6.76025e+04	2.00792e+06	0	0	0
2.00000	0.80812	30.000000	1500	0.03443	2.36354e+03	1.000	1.00000	9.89700e+05	2.00792e+06	1	0	0
4.00000	2.75833	5.150000	400	0.01644	7.33145e-02	0.100	0.00115	6.92281e+03	7.11355e+07	0	0	0
4.00000	2.75833	5.150000	400	0.01644	9.82388e-01	0.100	0.00115	8.47413e+04	7.11355e+07	0	0	0
4.00000	2.75833	5.150000	400	0.01644	1.31636e+01	0.100	0.00115	8.49023e+05	7.11355e+07	0	0	0
4.00000	2.75833	5.150000	400	0.01644	1.76388e+02	0.100	0.00115	5.02052e+06	7.11355e+07	0	0	0
4.00000	2.75833	5.150000	400	0.01644	2.36354e+03	0.100	0.00115	2.81455e+07	7.11355e+07	0	0	0
4.00000	2.75833	5.150000	400	0.04070	7.33145e-02	0.220	0.00707	5.68899e+03	4.69213e+07	0	0	0
4.00000	2.75833	5.150000	400	0.04070	9.82388e-01	0.220	0.00707	6.81032e+04	4.69213e+07	0	0	0
4.00000	2.75833	5.150000	400	0.04070	1.31636e+01	0.220	0.00707	6.53448e+05	4.69213e+07	0	0	0
4.00000	2.75833	5.150000	400	0.04070	1.76388e+02	0.220	0.00707	4.04425e+06	4.69213e+07	0	0	0
4.00000	2.75833	5.150000	400	0.04070	2.36354e+03	0.220	0.00707	2.68767e+07	4.69213e+07	0	0	0
4.00000	2.75833	5.150000	400	0.05815	7.33145e-02	0.300	0.01442	5.48682e+03	2.41249e+07	0	0	0
4.00000	2.75833	5.150000	400	0.05815	9.82388e-01	0.300	0.01442	6.52883e+04	2.41249e+07	0	0	0
4.00000	2.75833	5.150000	400	0.05815	1.31636e+01	0.300	0.01442	6.19884e+05	2.41249e+07	0	0	0
4.00000	2.75833	5.150000	400	0.05815	1.76388e+02	0.300	0.01442	3.93542e+06	2.41249e+07	0	0	0
4.00000	2.75833	5.150000	400	0.05815	2.36354e+03	0.300	0.01442	2.67573e+07	2.41249e+07	0	0	0
4.00000	2.75833	5.150000	400	0.14646	7.33145e-02	0.550	0.09151	5.21466e+03	3.53752e+06	0	0	0
4.00000	2.75833	5.150000	400	0.14646	9.82388e-01	0.550	0.09151	6.16951e+04	3.53752e+06	0	0	0
4.00000	2.75833	5.150000	400	0.14646	1.31636e+01	0.550	0.09151	5.82597e+05	3.53752e+06	0	0	0
4.00000	2.75833	5.150000	400	0.14646	1.76388e+02	0.550	0.09151	3.84529e+06	3.53752e+06	0	0	0
4.00000	2.75833	5.150000	400	0.14646	2.36354e+03	0.550	0.09151	2.68922e+07	3.53752e+06	0	0	0
4.00000	2.75833	5.150000	400	0.48417	7.33145e-02	1.000	1.00000	4.98304e+03	3.10730e+05	0	0	0
4.00000	2.75833	5.150000	400	0.48417	9.82388e-01	1.000	1.00000	6.04913e+04	3.10730e+05	0	0	0
4.00000	2.75833	5.150000	400	0.48417	1.31636e+01	1.000	1.00000	0.00000e+00	3.10730e+05	10	1	1
4.00000	2.75833	5.150000	400	0.48417	1.76388e+02	1.000	1.00000	0.00000e+00	3.10730e+05	10	1	1
4.00000	2.75833	5.150000	400	0.48417	2.36354e+03	1.000	1.00000	2.68794e+07	3.10730e+05	0	0	0
4.00000	2.75833	5.150000	675	0.00577	7.33145e-02	0.100	0.00115	2.91372e+04	1.87660e+09	1	0	0
4.00000	2.75833	5.150000	675	0.00577	9.82388e-01	0.100	0.00115	3.62965e+05	1.87660e+09	1	0	0
4.00000	2.75833	5.150000	675	0.00577	1.31636e+01	0.100	0.00115	3.48741e+06	1.87660e+09	1	0	0
4.00000	2.75833	5.150000	675	0.00577	1.76388e+02	0.100	0.00115	1.01660e+07	1.87660e+09	0	0	0
4.00000	2.75833	5.150000	675	0.00577	2.36354e+03	0.100	0.00115	5.36489e+07	1.87660e+09	1	0	0
4.00000	2.75833	5.150000	675	0.01429	7.33145e-02	0.220	0.00707	0.00000e+00	5.82355e+08	10	1	1
4.00000	2.75833	5.150000	675	0.01429	9.82388e-01	0.220	0.00707	1.16823e+05	5.82355e+08	0	0	0
4.00000	2.75833	5.150000	675	0.01429	1.31636e+01	0.220	0.00707	5.67408e+05	5.82355e+08	0	0	0
4.00000	2.75833	5.150000	675	0.01429	1.76388e+02	0.220	0.00707	6.96933e+06	5.82355e+08	1	0	0
4.00000	2.75833	5.150000	675	0.01429	2.36354e+03	0.220	0.00707	0.00000e+00	5.82355e+08	10	1	1
4.00000	2.75833	5.150000	675	0.02042	7.33145e-02	0.300	0.01442	7.53631e+03	2.65439e+08	0	0	0
4.00000	2.75833	5.150000	675	0.02042	9.82388e-01	0.300	0.01442	9.27675e+04	2.65439e+08	0	0	0
4.00000	2.75833	5.150000	675	0.02042	1.31636e+01	0.300	0.01442	9.36073e+05	2.65439e+08	0	0	0
4.00000	2.75833	5.150000	675	0.02042	1.76388e+02	0.300	0.01442	5.54495e+06	2.65439e+08	0	0	0
4.00000	2.75833	5.150000	675	0.02042	2.36354e+03	0.300	0.01442	2.89208e+07	2.65439e+08	0	0	0
4.00000	2.75833	5.150000	675	0.05143	7.33145e-02	0.550	0.09151	5.76241e+03	3.26567e+07	0	0	0
4.00000	2.75833	5.150000	675	0.05143	9.82388e-01	0.550	0.09151	6.91223e+04	3.26567e+07	0	0	0
4.00000	2.75833	5.150000	675	0.05143	1.31636e+01	0.550	0.09151	6.65871e+05	3.26567e+07	0	0	0
4.00000	2.75833	5.150000	675	0.05143	1.76388e+02	0.550	0.09151	4.09040e+06	3.26567e+07	0	0	0
4.00000	2.75833	5.150000	675	0.05143	2.36354e+03	0.550	0.09151	0.00000e+00	3.26567e+07	10	1	1
4.00000	2.75833	5.150000	675	0.17002	7.33145e-02	1.000	1.00000	0.00000e+00	2.63392e+06	10	1	1
4.00000	2.75833	5.150000	675	0.17002	9.82388e-01	1.000	1.00000	6.18207e+04	2.63392e+06	0	0	0
4.00000	2.75833	5.150000	675	0.17002	1.31636e+01	1.000	1.00000	5.83622e+05	2.63392e+06	0	0	0
4.00000	2.75833	5.150000	675	0.17002	1.76388e+02	1.000	1.00000	3.85094e+06	2.63392e+06	0	0	0
4.00000	2.75833	5.150000	675	0.17002	2.36354e+03	1.000	1.00000	2.68944e+07	2.63392e+06	0	0	0
4.00000	2.75833	5.150000	950	0.00291	7.33145e-02	0.100	0.00115	0.00000e+00	3.05363e+10	10	1	1
4.00000	2.75833	5.150000	950	0.00291	9.82388e-01	0.100	0.00115	0.00000e+00	3.05363e+10	10	1	1
4.00000	2.75833	5.150000	950	0.00291	1.31636e+01	0.100	0.00115	0.00000e+00	3.05363e+10	10	1	1
4.00000	2.75833	5.150000	950	0.00291	1.76388e+02	0.100	0.00115	0.00000e+00	3.05363e+10	10	1	1
4.00000	2.75833	5.150000	950	0.00291	2.36354e+03	0.100	0.00115	0.00000e+00	3.05363e+10	10	1	1
4.00000	2.75833	5.150000	950	0.00722	7.33145e-02	0.220	0.00707	2.91303e+04	6.58115e+09	1	0	0
4.00000	2.75833	5.150000	950	0.00722	9.82388e-01	0.220	0.00707	3.63313e+05	6.58115e+09	1	0	0
4.00000	2.75833	5.150000	950	0.00722	1.31636e+01	0.220	0.00707	3.48654e+06	6.58115e+09	1	0	0
4.00000	2.75833	5.150000	950	0.00722	1.76388e+02	0.220	0.00707	1.82538e+07	6.58115e+09	1	0	0
4.00000	2.75833	5.150000	950	0.00722	2.36354e+03	0.220	0.00707	5.03379e+07	6.58115e+09	1	0	0
4.00000	2.75833	5.150000	950	0.01031	7.33145e-02	0.300	0.01442	2.42427e+04	2.00330e+09	0	0	0
4.00000	2.75833	5.150000	950	0.01031	9.82388e-01	0.300	0.01442	2.97058e+05	2.00330e+09	0	0	0
4.00000	2.75833	5.150000	950	0.01031	1.31636e+01	0.300	0.01442	2.77172e+06	2.00330e+09	0	0	0
4.00000	2.75833	5.150000	950	0.01031	1.76388e+02	0.300	0.01442	1.37714e+07	2.00330e+09	0	0	0
4.00000	2.75833	5.150000	950	0.01031	2.36354e+03	0.300	0.01442	4.24127e+07	2.00330e+09	0	0	0
4.00000	2.75833	5.150000	950	0.02597	7.33145e-02	0.550	0.09151	7.35017e+03	1.60951e+08	0	0	0
4.00000	2.75833	5.150000	950	0.02597	9.82388e-01	0.550	0.09151	9.03448e+04	1.60951e+08	0	0	0
4.00000	2.75833	5.150000	950	0.02597	1.31636e+01	0.550	0.09151	9.10209e+05	1.60951e+08	0	0	0
4.00000	2.75833	5.150000	950	0.02597	1.76388e+02	0.550	0.09151	5.38836e+06	1.60951e+08	0	0	0
4.00000	2.75833	5.150000	950	0.02597	2.36354e+03	0.550	0.09151	2.86862e+07	1.60951e+08	0	0	0
4.00000	2.75833	5.150000	950	0.08584	7.33145e-02	1.000	1.00000	5.49349e+03	1.10914e+07	0	0	0
4.00000	2.75833	5.150000	950	0.08584	9.82388e-01	1.000	1.00000	6.53819e+04	1.10914e+07	0	0	0
4.00000	2.75833	5.150000	950	0.08584	1.31636e+01	1.000	1.00000	6.20988e+05	1.10914e+07	0	0	0
4.00000	2.75833	5.150000	950	0.08584	1.76388e+02	1.000	1.00000	3.93876e+06	1.10914e+07	0	0	0
4.00000	2.75833	5.150000	950	0.08584	2.36354e+03	1.000	1.00000	2.67610e+07	1.10914e+07	0	0	0
4.00000	2.75833	5.150000	1225	0.00175	7.33145e-02	0.100	0.00115	0.00000e+00	2.36278e+09	10	1	1
4.00000	2.75833	5.150000	1225	0.00175	9.82388e-01	0.100	0.00115	0.00000e+00	2.36278e+09	10	1	1
4.00000	2.75833	5.150000	1225	0.00175	1.31636e+01	0.100	0.00115	0.00000e+00	2.36278e+09	10	1	1
4.00000	2.75833	5.150000	1225	0.00175	1.76388e+02	0.100	0.00115	0.00000e+00	2.36278e+09	10	1	1
4.00000	2.75833	5.150000	1225	0.00175	2.36354e+03	0.100	0.00115	0.00000e+00	2.36278e+09	10	1	1
4.00000	2.75833	5.150000	1225	0.00434	7.33145e-02	0.220	0.00707	0.00000e+00	2.51735e+12	10	1	1
4.00000	2.75833	5.150000	1225	0.00434	9.82388e-01	0.220	0.00707	0.00000e+00	2.51735e+12	10	1	1
4.00000	2.75833	5.150000	1225	0.00434	1.31636e+01	0.220	0.00707	0.00000e+00	2.51735e+12	10	1	1
4.00000	2.75833	5.150000	1225	0.00434	1.76388e+02	0.220	0.00707	0.00000e+00	2.51735e+12	10	1	1
4.00000	2.75833	5.150000	1225	0.00434	2.36354e+03	0.220	0.00707	0.00000e+00	2.51735e+12	10	1	1
4.00000	2.75833	5.150000	1225	0.00620	7.33145e-02	0.300	0.01442	0.00000e+00	3.29296e+10	10	1	1
4.00000	2.75833	5.150000	1225	0.00620	9.82388e-01	0.300	0.01442	0.00000e+00	3.29296e+10	10	1	1
4.00000	2.75833	5.150000	1225	0.00620	1.31636e+01	0.300	0.01442	0.00000e+00	3.29296e+10	10	1	1
4.00000	2.75833	5.150000	1225	0.00620	1.76388e+02	0.300	0.01442	0.00000e+00	3.29296e+10	10	1	1
4.00000	2.75833	5.150000	1225	0.00620	2.36354e+03	0.300	0.01442	0.00000e+00	3.29296e+10	10	1	1
4.00000	2.75833	5.150000	1225	0.01562	7.33145e-02	0.550	0.09151	1.30164e+04	6.53618e+08	0	0	0
4.00000	2.75833	5.150000	1225	0.01562	9.82388e-01	0.550	0.09151	1.62205e+05	6.53618e+08	0	0	0
4.00000	2.75833	5.150000	1225	0.01562	1.31636e+01	0.550	0.09151	1.61954e+06	6.53618e+08	0	0	0
4.00000	2.75833	5.150000	1225	0.01562	1.76388e+02	0.550	0.09151	9.10548e+06	6.53618e+08	0	0	0
4.00000	2.75833	5.150000	1225	0.01562	2.36354e+03	0.550	0.09151	3.50203e+07	6.53618e+08	0	0	0
4.00000	2.75833	5.150000	1225	0.05162	7.33145e-02	1.000	1.00000	6.02176e+03	3.39642e+07	0	0	0
4.00000	2.75833	5.150000	1225	0.05162	9.82388e-01	1.000	1.00000	7.26887e+04	3.39642e+07	0	0	0
4.00000	2.75833	5.150000	1225	0.05162	1.31636e+01	1.000	1.00000	1.30778e+06	3.39642e+07	1	0	0
4.00000	2.75833	5.150000	1225	0.05162	1.76388e+02	1.000	1.00000	0.00000e+00	3.39642e+07	10	1	1
4.00000	2.75833	5.150000	1225	0.05162	2.36354e+03	1.000	1.00000	2.71488e+07	3.39642e+07	0	0	0
4.00000	2.75833	5.150000	1500	0.00117	7.33145e-02	0.100	0.00115	0.00000e+00	1.04485e+09	10	1	1
4.00000	2.75833	5.150000	1500	0.00117	9.82388e-01	0.100	0.00115	0.00000e+00	1.04485e+09	10	1	1
4.00000	2.75833	5.150000	1500	0.00117	1.31636e+01	0.100	0.00115	0.00000e+00	1.04485e+09	10	1	1
4.00000	2.75833	5.150000	1500	0.00117	1.76388e+02	0.100	0.00115	0.00000e+00	1.04485e+09	10	1	1
4.00000	2.75833	5.150000	1500	0.00117	2.36354e+03	0.100	0.00115	0.00000e+00	1.04485e+09	10	1	1
4.00000	2.75833	5.150000	1500	0.00289	7.33145e-02	0.220	0.00707	0.00000e+00	1.47634e+10	10	1	1
4.00000	2.75833	5.150000	1500	0.00289	9.82388e-01	0.220	0.00707	0.00000e+00	1.47634e+10	10	1	1
4.00000	2.75833	5.150000	1500	0.00289	1.31636e+01	0.220	0.00707	0.00000e+00	1.47634e+10	10	1	1
4.00000	2.75833	5.150000	1500	0.00289	1.76388e+02	0.220	0.00707	0.00000e+00	1.47634e+10	10	1	1
4.00000	2.75833	5.150000	1500	0.00289	2.36354e+03	0.220	0.00707	0.00000e+00	1.47634e+10	10	1	1
4.00000	2.75833	5.150000	1500	0.00414	7.33145e-02	0.300	0.01442	0.00000e+00	6.57908e+10	10	1	1
4.00000	2.75833	5.150000	1500	0.00414	9.82388e-01	0.300	0.01442	0.00000e+00	6.57908e+10	10	1	1
4.00000	2.75833	5.150000	1500	0.00414	1.31636e+01	0.300	0.01442	0.00000e+00	6.57908e+10	10	1	1
4.00000	2.75833	5.150000	1500	0.00414	1.76388e+02	0.300	0.01442	0.00000e+00	6.57908e+10	10	1	1
4.00000	2.75833	5.150000	1500	0.00414	2.36354e+03	0.300	0.01442	0.00000e+00	6.57908e+10	10	1	1
4.00000	2.75833	5.150000	1500	0.01041	7.33145e-02	0.550	0.09151	2.91180e+04	2.91606e+09	1	0	0
4.00000	2.75833	5.150000	1500	0.01041	9.82388e-01	0.550	0.09151	3.63156e+05	2.91606e+09	1	0	0
4.00000	2.75833	5.150000	1500	0.01041	1.31636e+01	0.550	0.09151	3.48486e+06	2.91606e+09	1	0	0
4.00000	2.75833	5.150000	1500	0.01041	1.76388e+02	0.550	0.09151	1.82426e+07	2.91606e+09	1	0	0
4.00000	2.75833	5.150000	1500	0.01041	2.36354e+03	0.550	0.09151	4.92918e+07	2.91606e+09	1	0	0
4.00000	2.75833	5.150000	1500	0.03443	7.33145e-02	1.000	1.00000	7.00937e+03	8.79890e+07	0	0	0
4.00000	2.75833	5.150000	1500	0.03443	9.82388e-01	1.000	1.00000	8.58812e+04	8.79890e+07	0	0	0
4.00000	2.75833	5.150000	1500	0.03443	1.31636e+01	1.000	1.00000	8.61649e+05	8.79890e+07	0	0	0
4.00000	2.75833	5.150000	1500	0.03443	1.76388e+02	1.000	1.00000	5.09654e+06	8.79890e+07	0	0	0
4.00000	2.75833	5.150000	1500	0.03443	2.36354e+03	1.000	1.00000	2.82587e+07	8.79890e+07	0	0	0
4.00000	2.32638	7.240000	400	0.01644	7.33145e-02	0.100	0.00115	3.51327e+03	3.36877e+07	0	0	0
4.00000	2.32638	7.240000	400	0.01644	9.82388e-01	0.100	0.00115	4.22423e+04	3.36877e+07	0	0	0
4.00000	2.32638	7.240000	400	0.01644	1.31636e+01	0.100	0.00115	4.06919e+05	3.36877e+07	0	0	0
4.00000	2.32638	7.240000	400	0.01644	1.76388e+02	0.100	0.00115	2.42131e+06	3.36877e+07	0	0	0
4.00000	2.32638	7.240000	400	0.01644	2.36354e+03	0.100	0.00115	1.68397e+07	3.36877e+07	0	0	0
4.00000	2.32638	7.240000	400	0.04070	7.33145e-02	0.220	0.00707	2.80161e+03	2.30378e+07	0	0	0
4.00000	2.32638	7.240000	400	0.04070	9.82388e-01	0.220	0.00707	3.21042e+04	2.30378e+07	0	0	0
4.00000	2.32638	7.240000	400	0.04070	1.31636e+01	0.220	0.00707	2.84854e+05	2.30378e+07	0	0	0
4.00000	2.32638	7.240000	400	0.04070	1.76388e+02	0.220	0.00707	1.94460e+06	2.30378e+07	0	0	0
4.00000	2.32638	7.240000	400	0.04070	2.36354e+03	0.220	0.00707	1.60919e+07	2.30378e+07	0	0	0
4.00000	2.32638	7.240000	400	0.05815	7.33145e-02	0.300	0.01442	2.66537e+03	1.19346e+07	0	0	0
4.00000	2.32638	7.240000	400	0.05815	9.82388e-01	0.300	0.01442	3.01967e+04	1.19346e+07	0	0	0
4.00000	2.32638	7.240000	400	0.05815	1.31636e+01	0.300	0.01442	2.65496e+05	1.19346e+07	0	0	0
4.00000	2.32638	7.240000	400	0.05815	1.76388e+02	0.300	0.01442	1.89226e+06	1.19346e+07	0	0	0
4.00000	2.32638	7.240000	400	0.05815	2.36354e+03	0.300	0.01442	1.59672e+07	1.19346e+07	0	0	0
4.00000	2.32638	7.240000	400	0.14646	7.33145e-02	0.550	0.09151	2.47742e+03	1.77158e+06	0	0	0
4.00000	2.32638	7.240000	400	0.14646	9.82388e-01	0.550	0.09151	2.77884e+04	1.77158e+06	0	0	0
4.00000	2.32638	7.240000	400	0.14646	1.31636e+01	0.550	0.09151	2.45242e+05	1.77158e+06	0	0	0
4.00000	2.32638	7.240000	400	0.14646	1.76388e+02	0.550	0.09151	1.84860e+06	1.77158e+06	0	0	0
4.00000	2.32638	7.240000	400	0.14646	2.36354e+03	0.550	0.09151	1.59646e+07	1.77158e+06	0	0	0
4.00000	2.32638	7.240000	400	0.48417	7.33145e-02	1.000	1.00000	2.28332e+03	1.56648e+05	0	0	0
4.00000	2.32638	7.240000	400	0.48417	9.82388e-01	1.000	1.00000	5.10592e+04	1.56648e+05	1	0	0
4.00000	2.32638	7.240000	400	0.48417	1.31636e+01	1.000	1.00000	4.25294e+05	1.56648e+05	1	0	0
4.00000	2.32638	7.240000	400	0.48417	1.76388e+02	1.000	1.00000	1.84307e+06	1.56648e+05	0	0	0
4.00000	2.32638	7.240000	400	0.48417	2.36354e+03	1.000	1.00000	1.59690e+07	1.56648e+05	0	0	0
4.00000	2.32638	7.240000	675	0.00577	7.33145e-02	0.100	0.00115	1.51805e+04	6.50483e+08	0	0	0
4.00000	2.32638	7.240000	675	0.00577	9.82388e-01	0.100	0.00115	1.88954e+05	6.50483e+08	0	0	0
4.00000	2.32638	7.240000	675	0.00577	1.31636e+01	0.100	0.00115	1.84923e+06	6.50483e+08	0	0	0
4.00000	2.32638	7.240000	675	0.00577	1.76388e+02	0.100	0.00115	1.01641e+07	6.50483e+08	0	0	0
4.00000	2.32638	7.240000	675	0.00577	2.36354e+03	0.100	0.00115	3.13996e+07	6.50483e+08	0	0	0
4.00000	2.32638	7.240000	675	0.01429	7.33145e-02	0.220	0.00707	4.46057e+03	2.62317e+08	0	0	0
4.00000	2.32638	7.240000	675	0.01429	9.82388e-01	0.220	0.00707	5.51554e+04	2.62317e+08	0	0	0
4.00000	2.32638	7.240000	675	0.01429	1.31636e+01	0.220	0.00707	5.67400e+05	2.62317e+08	0	0	0
4.00000	2.32638	7.240000	675	0.01429	1.76388e+02	0.220	0.00707	3.45554e+06	2.62317e+08	0	0	0
4.00000	2.32638	7.240000	675	0.01429	2.36354e+03	0.220	0.00707	1.85928e+07	2.62317e+08	0	0	0
4.00000	2.32638	7.240000	675	0.02042	7.33145e-02	0.300	0.01442	3.78535e+03	1.23873e+08	0	0	0
4.00000	2.32638	7.240000	675	0.02042	9.82388e-01	0.300	0.01442	4.60431e+04	1.23873e+08	0	0	0
4.00000	2.32638	7.240000	675	0.02042	1.31636e+01	0.300	0.01442	4.56212e+05	1.23873e+08	0	0	0
4.00000	2.32638	7.240000	675	0.02042	1.76388e+02	0.300	0.01442	2.68999e+06	1.23873e+08	0	0	0
4.00000	2.32638	7.240000	675	0.02042	2.36354e+03	0.300	0.01442	1.72874e+07	1.23873e+08	0	0	0
4.00000	2.32638	7.240000	675	0.05143	7.33145e-02	0.550	0.09151	0.00000e+00	1.59922e+07	10	1	1
4.00000	2.32638	7.240000	675	0.05143	9.82388e-01	0.550	0.09151	0.00000e+00	1.59922e+07	10	1	1
4.00000	2.32638	7.240000	675	0.05143	1.31636e+01	0.550	0.09151	2.92270e+05	1.59922e+07	0	0	0
4.00000	2.32638	7.240000	675	0.05143	1.76388e+02	0.550	0.09151	1.96678e+06	1.59922e+07	0	0	0
4.00000	2.32638	7.240000	675	0.05143	2.36354e+03	0.550	0.09151	1.61238e+07	1.59922e+07	0	0	0
4.00000	2.32638	7.240000	675	0.17002	7.33145e-02	1.000	1.00000	2.48543e+03	1.31832e+06	0	0	0
4.00000	2.32638	7.240000	675	0.17002	9.82388e-01	1.000	1.00000	2.78725e+04	1.31832e+06	0	0	0
4.00000	2.32638	7.240000	675	0.17002	1.31636e+01	1.000	1.00000	2.45782e+05	1.31832e+06	0	0	0
4.00000	2.32638	7.240000	675	0.17002	1.76388e+02	1.000	1.00000	1.84954e+06	1.31832e+06	0	0	0
4.00000	2.32638	7.240000	675	0.17002	2.36354e+03	1.000	1.00000	1.59655e+07	1.31832e+06	0	0	0
4.00000	2.32638	7.240000	950	0.00291	7.33145e-02	0.100	0.00115	0.00000e+00	1.93452e+13	10	1	1
4.00000	2.32638	7.240000	950	0.00291	9.82388e-01	0.100	0.00115	0.00000e+00	1.93452e+13	10	1	1
4.00000	2.32638	7.240000	950	0.00291	1.31636e+01	0.100	0.00115	0.00000e+00	1.93452e+13	10	1	1
4.00000	2.32638	7.240000	950	0.00291	1.76388e+02	0.100	0.00115	0.00000e+00	1.93452e+13	10	1	1
4.00000	2.32638	7.240000	950	0.00291	2.36354e+03	0.100	0.00115	0.00000e+00	1.93452e+13	10	1	1
4.00000	2.32638	7.240000	950	0.00722	7.33145e-02	0.220	0.00707	0.00000e+00	2.19565e+09	10	1	1
4.00000	2.32638	7.240000	950	0.00722	9.82388e-01	0.220	0.00707	0.00000e+00	2.19565e+09	10	1	1
4.00000	2.32638	7.240000	950	0.00722	1.31636e+01	0.220	0.00707	0.00000e+00	2.19565e+09	10	1	1
4.00000	2.32638	7.240000	950	0.00722	1.76388e+02	0.220	0.00707	0.00000e+00	2.19565e+09	10	1	1
4.00000	2.32638	7.240000	950	0.00722	2.36354e+03	0.220	0.00707	0.00000e+00	2.19565e+09	10	1	1
4.00000	2.32638	7.240000	950	0.01031	7.33145e-02	0.300	0.01442	7.73891e+03	7.97279e+08	0	0	0
4.00000	2.32638	7.240000	950	0.01031	9.82388e-01	0.300	0.01442	9.74253e+04	7.97279e+08	0	0	0
4.00000	2.32638	7.240000	950	0.01031	1.31636e+01	0.300	0.01442	1.01329e+06	7.97279e+08	0	0	0
4.00000	2.32638	7.240000	950	0.01031	1.76388e+02	0.300	0.01442	6.26914e+06	7.97279e+08	0	0	0
4.00000	2.32638	7.240000	950	0.01031	2.36354e+03	0.300	0.01442	2.42015e+07	7.97279e+08	0	0	0
4.00000	2.32638	7.240000	950	0.02597	7.33145e-02	0.550	0.09151	7.22436e+03	7.54201e+07	1	0	0
4.00000	2.32638	7.240000	950	0.02597	9.82388e-01	0.550	0.09151	4.49582e+04	7.54201e+07	0	0	0
4.00000	2.32638	7.240000	950	0.02597	1.31636e+01	0.550	0.09151	4.42215e+05	7.54201e+07	0	0	0
4.00000	2.32638	7.240000	950	0.02597	1.76388e+02	0.550	0.09151	2.60891e+06	7.54201e+07	0	0	0
4.00000	2.32638	7.240000	950	0.02597	2.36354e+03	0.550	0.09151	1.71528e+07	7.54201e+07	0	0	0
4.00000	2.32638	7.240000	950	0.08584	7.33145e-02	1.000	1.00000	2.66991e+03	5.48523e+06	0	0	0
4.00000	2.32638	7.240000	950	0.08584	9.82388e-01	1.000	1.00000	3.02601e+04	5.48523e+06	0	0	0
4.00000	2.32638	7.240000	950	0.08584	1.31636e+01	1.000	1.00000	2.66104e+05	5.48523e+06	0	0	0
4.00000	2.32638	7.240000	950	0.08584	1.76388e+02	1.000	1.00000	1.89388e+06	5.48523e+06	0	0	0
4.00000	2.32638	7.240000	950	0.08584	2.36354e+03	1.000	1.00000	1.60218e+07	5.48523e+06	0	0	0
4.00000	2.32638	7.240000	1225	0.00175	7.33145e-02	0.100	0.00115	0.00000e+00	2.79887e+09	10	1	1
4.00000	2.32638	7.240000	1225	0.00175	9.82388e-01	0.100	0.00115	0.00000e+00	2.79887e+09	10	1	1
4.00000	2.32638	7.240000	1225	0.00175	1.31636e+01	0.100	0.00115	0.00000e+00	2.79887e+09	10	1	1
4.00000	2.32638	7.240000	1225	0.00175	1.76388e+02	0.100	0.00115	0.00000e+00	2.79887e+09	10	1	1
4.00000	2.32638	7.240000	1225	0.00175	2.36354e+03	0.100	0.00115	0.00000e+00	2.79887e+09	10	1	1
4.00000	2.32638	7.240000	1225	0.00434	7.33145e-02	0.220	0.00707	0.00000e+00	7.06699e+10	10	1	1
4.00000	2.32638	7.240000	1225	0.00434	9.82388e-01	0.220	0.00707	0.00000e+00	7.06699e+10	10	1	1
4.00000	2.32638	7.240000	1225	0.00434	1.31636e+01	0.220	0.00707	0.00000e+00	7.06699e+10	10	1	1
4.00000	2.32638	7.240000	1225	0.00434	1.76388e+02	0.220	0.00707	0.00000e+00	7.06699e+10	10	1	1
4.00000	2.32638	7.240000	1225	0.00434	2.36354e+03	0.220	0.00707	0.00000e+00	7.06699e+10	10	1	1
4.00000	2.32638	7.240000	1225	0.00620	7.33145e-02	0.300	0.01442	0.00000e+00	6.60702e+09	10	1	1
4.00000	2.32638	7.240000	1225	0.00620	9.82388e-01	0.300	0.01442	0.00000e+00	6.60702e+09	10	1	1
4.00000	2.32638	7.240000	1225	0.00620	1.31636e+01	0.300	0.01442	0.00000e+00	6.60702e+09	10	1	1
4.00000	2.32638	7.240000	1225	0.00620	1.76388e+02	0.300	0.01442	0.00000e+00	6.60702e+09	10	1	1
4.00000	2.32638	7.240000	1225	0.00620	2.36354e+03	0.300	0.01442	0.00000e+00	6.60702e+09	10	1	1
4.00000	2.32638	7.240000	1225	0.01562	7.33145e-02	0.550	0.09151	5.49585e+03	2.80718e+08	0	0	0
4.00000	2.32638	7.240000	1225	0.01562	9.82388e-01	0.550	0.09151	6.87034e+04	2.80718e+08	0	0	0
4.00000	2.32638	7.240000	1225	0.01562	1.31636e+01	0.550	0.09151	7.17183e+05	2.80718e+08	0	0	0
4.00000	2.32638	7.240000	1225	0.01562	1.76388e+02	0.550	0.09151	4.53935e+06	2.80718e+08	0	0	0
4.00000	2.32638	7.240000	1225	0.01562	2.36354e+03	0.550	0.09151	0.00000e+00	2.80718e+08	10	1	1
4.00000	2.32638	7.240000	1225	0.05162	7.33145e-02	1.000	1.00000	3.01731e+03	1.64910e+07	0	0	0
4.00000	2.32638	7.240000	1225	0.05162	9.82388e-01	1.000	1.00000	3.51717e+04	1.64910e+07	0	0	0
4.00000	2.32638	7.240000	1225	0.05162	1.31636e+01	1.000	1.00000	3.19059e+05	1.64910e+07	0	0	0
4.00000	2.32638	7.240000	1225	0.05162	1.76388e+02	1.000	1.00000	2.05436e+06	1.64910e+07	0	0	0
4.00000	2.32638	7.240000	1225	0.05162	2.36354e+03	1.000	1.00000	1.62545e+07	1.64910e+07	0	0	0
4.00000	2.32638	7.240000	1500	0.00117	7.33145e-02	0.100	0.00115	0.00000e+00	1.00224e+09	10	1	1
4.00000	2.32638	7.240000	1500	0.00117	9.82388e-01	0.100	0.00115	0.00000e+00	1.00224e+09	10	1	1
4.00000	2.32638	7.240000	1500	0.00117	1.31636e+01	0.100	0.00115	0.00000e+00	1.00224e+09	10	1	1
4.00000	2.32638	7.240000	1500	0.00117	1.76388e+02	0.100	0.00115	0.00000e+00	1.00224e+09	10	1	1
4.00000	2.32638	7.240000	1500	0.00117	2.36354e+03	0.100	0.00115	0.00000e+00	1.00224e+09	10	1	1
4.00000	2.32638	7.240000	1500	0.00289	7.33145e-02	0.220	0.00707	0.00000e+00	2.59539e+10	10	1	1
4.00000	2.32638	7.240000	1500	0.00289	9.82388e-01	0.220	0.00707	0.00000e+00	2.59539e+10	10	1	1
4.00000	2.32638	7.240000	1500	0.00289	1.31636e+01	0.220	0.00707	0.00000e+00	2.59539e+10	10	1	1
4.00000	2.32638	7.240000	1500	0.00289	1.76388e+02	0.220	0.00707	0.00000e+00	2.59539e+10	10	1	1
4.00000	2.32638	7.240000	1500	0.00289	2.36354e+03	0.220	0.00707	0.00000e+00	2.59539e+10	10	1	1
4.00000	2.32638	7.240000	1500	0.00414	7.33145e-02	0.300	0.01442	0.00000e+00	1.12751e+13	10	1	1
4.00000	2.32638	7.240000	1500	0.00414	9.82388e-01	0.300	0.01442	0.00000e+00	1.12751e+13	10	1	1
4.00000	2.32638	7.240000	1500	0.00414	1.31636e+01	0.300	0.01442	0.00000e+00	1.12751e+13	10	1	1
4.00000	2.32638	7.240000	1500	0.00414	1.76388e+02	0.300	0.01442	0.00000e+00	1.12751e+13	10	1	1
4.00000	2.32638	7.240000	1500	0.00414	2.36354e+03	0.300	0.01442	0.00000e+00	1.12751e+13	10	1	1
4.00000	2.32638	7.240000	1500	0.01041	7.33145e-02	0.550	0.09151	1.35514e+04	1.03006e+09	0	0	0
4.00000	2.32638	7.240000	1500	0.01041	9.82388e-01	0.550	0.09151	1.69324e+05	1.03006e+09	0	0	0
4.00000	2.32638	7.240000	1500	0.01041	1.31636e+01	0.550	0.09151	1.68240e+06	1.03006e+09	0	0	0
4.00000	2.32638	7.240000	1500	0.01041	1.76388e+02	0.550	0.09151	9.44210e+06	1.03006e+09	0	0	0
4.00000	2.32638	7.240000	1500	0.01041	2.36354e+03	0.550	0.09151	3.02081e+07	1.03006e+09	0	0	0
4.00000	2.32638	7.240000	1500	0.03443	7.33145e-02	1.000	1.00000	3.80238e+03	4.15646e+07	1	0	0
4.00000	2.32638	7.240000	1500	0.03443	9.82388e-01	1.000	1.00000	4.28230e+04	4.15646e+07	0	0	0
4.00000	2.32638	7.240000	1500	0.03443	1.31636e+01	1.000	1.00000	4.14482e+05	4.15646e+07	0	0	0
4.00000	2.32638	7.240000	1500	0.03443	1.76388e+02	1.000	1.00000	2.45996e+06	4.15646e+07	0	0	0
4.00000	2.32638	7.240000	1500	0.03443	2.36354e+03	1.000	1.00000	1.69060e+07	4.15646e+07	0	0	0
4.00000	1.67296	14.000000	400	0.01644	7.33145e-02	0.100	0.00115	4.34999e+02	8.20284e+06	0	0	0
4.00000	1.67296	14.000000	400	0.01644	9.82388e-01	0.100	0.00115	4.67090e+03	8.20284e+06	0	0	0
4.00000	1.67296	14.000000	400	0.01644	1.31636e+01	0.100	0.00115	4.00662e+04	8.20284e+06	0	0	0
4.00000	1.67296	14.000000	400	0.01644	1.76388e+02	0.100	0.00115	3.71757e+05	8.20284e+06	0	0	0
4.00000	1.67296	14.000000	400	0.01644	2.36354e+03	0.100	0.00115	4.73372e+06	8.20284e+06	0	0	0
4.00000	1.67296	14.000000	400	0.04070	7.33145e-02	0.220	0.00707	2.72016e+02	5.89576e+06	0	0	0
4.00000	1.67296	14.000000	400	0.04070	9.82388e-01	0.220	0.00707	2.81235e+03	5.89576e+06	0	0	0
4.00000	1.67296	14.000000	400	0.04070	1.31636e+01	0.220	0.00707	2.60544e+04	5.89576e+06	0	0	0
4.00000	1.67296	14.000000	400	0.04070	1.76388e+02	0.220	0.00707	3.00865e+05	5.89576e+06	0	0	0
4.00000	1.67296	14.000000	400	0.04070	2.36354e+03	0.220	0.00707	4.43430e+06	5.89576e+06	0	0	0
4.00000	1.67296	14.000000	400	0.05815	7.33145e-02	0.300	0.01442	2.47293e+02	3.08734e+06	0	0	0
4.00000	1.67296	14.000000	400	0.05815	9.82388e-01	0.300	0.01442	2.55458e+03	3.08734e+06	0	0	0
4.00000	1.67296	14.000000	400	0.05815	1.31636e+01	0.300	0.01442	2.43024e+04	3.08734e+06	0	0	0
4.00000	1.67296	14.000000	400	0.05815	1.76388e+02	0.300	0.01442	2.91955e+05	3.08734e+06	0	0	0
4.00000	1.67296	14.000000	400	0.05815	2.36354e+03	0.300	0.01442	4.40185e+06	3.08734e+06	0	0	0
4.00000	1.67296	14.000000	400	0.14646	7.33145e-02	0.550	0.09151	2.15638e+02	4.66543e+05	0	0	0
4.00000	1.67296	14.000000	400	0.14646	9.82388e-01	0.550	0.09151	2.25649e+03	4.66543e+05	0	0	0
4.00000	1.67296	14.000000	400	0.14646	1.31636e+01	0.550	0.09151	2.24985e+04	4.66543e+05	0	0	0
4.00000	1.67296	14.000000	400	0.14646	1.76388e+02	0.550	0.09151	2.84366e+05	4.66543e+05	1	0	0
4.00000	1.67296	14.000000	400	0.14646	2.36354e+03	0.550	0.09151	0.00000e+00	4.66543e+05	10	1	1
4.00000	1.67296	14.000000	400	0.48417	7.33145e-02	1.000	1.00000	1.87535e+02	4.16627e+04	0	0	0
4.00000	1.67296	14.000000	400	0.48417	9.82388e-01	1.000	1.00000	2.14761e+03	4.16627e+04	0	0	0
4.00000	1.67296	14.000000	400	0.48417	1.31636e+01	1.000	1.00000	2.21591e+04	4.16627e+04	0	0	0
4.00000	1.67296	14.000000	400	0.48417	1.76388e+02	1.000	1.00000	2.84225e+05	4.16627e+04	1	0	0
4.00000	1.67296	14.000000	400	0.48417	2.36354e+03	1.000	1.00000	5.83016e+06	4.16627e+04	1	0	0
4.00000	1.67296	14.000000	675	0.00577	7.33145e-02	0.100	0.00115	0.00000e+00	1.11932e+08	10	1	1
4.00000	1.67296	14.000000	675	0.00577	9.82388e-01	0.100	0.00115	0.00000e+00	1.11932e+08	10	1	1
4.00000	1.67296	14.000000	675	0.00577	1.31636e+01	0.100	0.00115	0.00000e+00	1.11932e+08	10	1	1
4.00000	1.67296	14.000000	675	0.00577	1.76388e+02	0.100	0.00115	0.00000e+00	1.11932e+08	10	1	1
4.00000	1.67296	14.000000	675	0.00577	2.36354e+03	0.100	0.00115	0.00000e+00	1.11932e+08	10	1	1
4.00000	1.67296	14.000000	675	0.01429	7.33145e-02	0.220	0.00707	7.34074e+02	5.98705e+07	0	0	0
4.00000	1.67296	14.000000	675	0.01429	9.82388e-01	0.220	0.00707	8.40332e+03	5.98705e+07	0	0	0
4.00000	1.67296	14.000000	675	0.01429	1.31636e+01	0.220	0.00707	7.33846e+04	5.98705e+07	0	0	0
4.00000	1.67296	14.000000	675	0.01429	1.76388e+02	0.220	0.00707	5.25149e+05	5.98705e+07	0	0	0
4.00000	1.67296	14.000000	675	0.01429	2.36354e+03	0.220	0.00707	5.34489e+06	5.98705e+07	0	0	0
4.00000	1.67296	14.000000	675	0.02042	7.33145e-02	0.300	0.01442	5.15239e+02	2.95822e+07	0	0	0
4.00000	1.67296	14.000000	675	0.02042	9.82388e-01	0.300	0.01442	5.64431e+03	2.95822e+07	0	0	0
4.00000	1.67296	14.000000	675	0.02042	1.31636e+01	0.300	0.01442	4.81276e+04	2.95822e+07	0	0	0
4.00000	1.67296	14.000000	675	0.02042	1.76388e+02	0.300	0.01442	4.10268e+05	2.95822e+07	0	0	0
4.00000	1.67296	14.000000	675	0.02042	2.36354e+03	0.300	0.01442	4.89755e+06	2.95822e+07	0	0	0
4.00000	1.67296	14.000000	675	0.05143	7.33145e-02	0.550	0.09151	2.81255e+02	4.07760e+06	0	0	0
4.00000	1.67296	14.000000	675	0.05143	9.82388e-01	0.550	0.09151	2.91128e+03	4.07760e+06	0	0	0
4.00000	1.67296	14.000000	675	0.05143	1.31636e+01	0.550	0.09151	2.67476e+04	4.07760e+06	0	0	0
4.00000	1.67296	14.000000	675	0.05143	1.76388e+02	0.550	0.09151	3.04464e+05	4.07760e+06	0	0	0
4.00000	1.67296	14.000000	675	0.05143	2.36354e+03	0.550	0.09151	4.44828e+06	4.07760e+06	0	0	0
4.00000	1.67296	14.000000	675	0.17002	7.33145e-02	1.000	1.00000	2.16920e+02	3.46890e+05	0	0	0
4.00000	1.67296	14.000000	675	0.17002	9.82388e-01	1.000	1.00000	2.26665e+03	3.46890e+05	0	0	0
4.00000	1.67296	14.000000	675	0.17002	1.31636e+01	1.000	1.00000	2.25485e+04	3.46890e+05	0	0	0
4.00000	1.67296	14.000000	675	0.17002	1.76388e+02	1.000	1.00000	2.84657e+05	3.46890e+05	1	0	0
4.00000	1.67296	14.000000	675	0.17002	2.36354e+03	1.000	1.00000	0.00000e+00	3.46890e+05	10	1	1
4.00000	1.67296	14.000000	950	0.00291	7.33145e-02	0.100	0.00115	0.00000e+00	1.92379e+09	10	1	1
4.00000	1.67296	14.000000	950	0.00291	9.82388e-01	0.100	0.00115	0.00000e+00	1.92379e+09	10	1	1
4.00000	1.67296	14.000000	950	0.00291	1.31636e+01	0.100	0.00115	0.00000e+00	1.92379e+09	10	1	1
4.00000	1.67296	14.000000	950	0.00291	1.76388e+02	0.100	0.00115	0.00000e+00	1.92379e+09	10	1	1
4.00000	1.67296	14.000000	950	0.00291	2.36354e+03	0.100	0.00115	0.00000e+00	1.92379e+09	10	1	1
4.00000	1.67296	14.000000	950	0.00722	7.33145e-02	0.220	0.00707	0.00000e+00	3.64791e+08	10	1	1
4.00000	1.67296	14.000000	950	0.00722	9.82388e-01	0.220	0.00707	0.00000e+00	3.64791e+08	10	1	1
4.00000	1.67296	14.000000	950	0.00722	1.31636e+01	0.220	0.00707	0.00000e+00	3.64791e+08	10	1	1
4.00000	1.67296	14.000000	950	0.00722	1.76388e+02	0.220	0.00707	0.00000e+00	3.64791e+08	10	1	1
4.00000	1.67296	14.000000	950	0.00722	2.36354e+03	0.220	0.00707	0.00000e+00	3.64791e+08	10	1	1
4.00000	1.67296	14.000000	950	0.01031	7.33145e-02	0.300	0.01442	1.49781e+03	1.57619e+08	0	0	0
4.00000	1.67296	14.000000	950	0.01031	9.82388e-01	0.300	0.01442	1.84672e+04	1.57619e+08	0	0	0
4.00000	1.67296	14.000000	950	0.01031	1.31636e+01	0.300	0.01442	1.87418e+05	1.57619e+08	0	0	0
4.00000	1.67296	14.000000	950	0.01031	1.76388e+02	0.300	0.01442	1.11674e+06	1.57619e+08	0	0	0
4.00000	1.67296	14.000000	950	0.01031	2.36354e+03	0.300	0.01442	7.02727e+06	1.57619e+08	0	0	0
4.00000	1.67296	14.000000	950	0.02597	7.33145e-02	0.550	0.09151	4.91323e+02	1.81084e+07	0	0	0
4.00000	1.67296	14.000000	950	0.02597	9.82388e-01	0.550	0.09151	5.35132e+03	1.81084e+07	0	0	0
4.00000	1.67296	14.000000	950	0.02597	1.31636e+01	0.550	0.09151	4.56541e+04	1.81084e+07	0	0	0
4.00000	1.67296	14.000000	950	0.02597	1.76388e+02	0.550	0.09151	3.98650e+05	1.81084e+07	0	0	0
4.00000	1.67296	14.000000	950	0.02597	2.36354e+03	0.550	0.09151	4.84908e+06	1.81084e+07	0	0	0
4.00000	1.67296	14.000000	950	0.08584	7.33145e-02	1.000	1.00000	2.48095e+02	1.41835e+06	0	0	0
4.00000	1.67296	14.000000	950	0.08584	9.82388e-01	1.000	1.00000	2.56281e+03	1.41835e+06	0	0	0
4.00000	1.67296	14.000000	950	0.08584	1.31636e+01	1.000	1.00000	2.43578e+04	1.41835e+06	0	0	0
4.00000	1.67296	14.000000	950	0.08584	1.76388e+02	1.000	1.00000	2.92239e+05	1.41835e+06	0	0	0
4.00000	1.67296	14.000000	950	0.08584	2.36354e+03	1.000	1.00000	4.40287e+06	1.41835e+06	0	0	0
4.00000	1.67296	14.000000	1225	0.00175	7.33145e-02	0.100	0.00115	0.00000e+00	1.02186e+10	10	1	1
4.00000	1.67296	14.000000	1225	0.00175	9.82388e-01	0.100	0.00115	0.00000e+00	1.02186e+10	10	1	1
4.00000	1.67296	14.000000	1225	0.00175	1.31636e+01	0.100	0.00115	0.00000e+00	1.02186e+10	10	1	1
4.00000	1.67296	14.000000	1225	0.00175	1.76388e+02	0.100	0.00115	0.00000e+00	1.02186e+10	10	1	1
4.00000	1.67296	14.000000	1225	0.00175	2.36354e+03	0.100	0.00115	0.00000e+00	1.02186e+10	10	1	1
4.00000	1.67296	14.000000	1225	0.00434	7.33145e-02	0.220	0.00707	0.00000e+00	2.52643e+09	10	1	1
4.00000	1.67296	14.000000	1225	0.00434	9.82388e-01	0.220	0.00707	0.00000e+00	2.52643e+09	10	1	1
4.00000	1.67296	14.000000	1225	0.00434	1.31636e+01	0.220	0.00707	0.00000e+00	2.52643e+09	10	1	1
4.00000	1.67296	14.000000	1225	0.00434	1.76388e+02	0.220	0.00707	0.00000e+00	2.52643e+09	10	1	1
4.00000	1.67296	14.000000	1225	0.00434	2.36354e+03	0.220	0.00707	0.00000e+00	2.52643e+09	10	1	1
4.00000	1.67296	14.000000	1225	0.00620	7.33145e-02	0.300	0.01442	0.00000e+00	7.60129e+08	10	1	1
4.00000	1.67296	14.000000	1225	0.00620	9.82388e-01	0.300	0.01442	0.00000e+00	7.60129e+08	10	1	1
4.00000	1.67296	14.000000	1225	0.00620	1.31636e+01	0.300	0.01442	0.00000e+00	7.60129e+08	10	1	1
4.00000	1.67296	14.000000	1225	0.00620	1.76388e+02	0.300	0.01442	0.00000e+00	7.60129e+08	10	1	1
4.00000	1.67296	14.000000	1225	0.00620	2.36354e+03	0.300	0.01442	0.00000e+00	7.60129e+08	10	1	1
4.00000	1.67296	14.000000	1225	0.01562	7.33145e-02	0.550	0.09151	1.04439e+03	6.04733e+07	0	0	0
4.00000	1.67296	14.000000	1225	0.01562	9.82388e-01	0.550	0.09151	1.24493e+04	6.04733e+07	0	0	0
4.00000	1.67296	14.000000	1225	0.01562	1.31636e+01	0.550	0.09151	1.15853e+05	6.04733e+07	0	0	0
4.00000	1.67296	14.000000	1225	0.01562	1.76388e+02	0.550	0.09151	7.19889e+05	6.04733e+07	0	0	0
4.00000	1.67296	14.000000	1225	0.01562	2.36354e+03	0.550	0.09151	5.98614e+06	6.04733e+07	0	0	0
4.00000	1.67296	14.000000	1225	0.05162	7.33145e-02	1.000	1.00000	3.14735e+02	4.15467e+06	0	0	0
4.00000	1.67296	14.000000	1225	0.05162	9.82388e-01	1.000	1.00000	3.27808e+03	4.15467e+06	0	0	0
4.00000	1.67296	14.000000	1225	0.05162	1.31636e+01	1.000	1.00000	2.93794e+04	4.15467e+06	0	0	0
4.00000	1.67296	14.000000	1225	0.05162	1.76388e+02	1.000	1.00000	3.18132e+05	4.15467e+06	0	0	0
4.00000	1.67296	14.000000	1225	0.05162	2.36354e+03	1.000	1.00000	4.50382e+06	4.15467e+06	0	0	0
4.00000	1.67296	14.000000	1500	0.00117	7.33145e-02	0.100	0.00115	0.00000e+00	1.13265e+09	10	1	1
4.00000	1.67296	14.000000	1500	0.00117	9.82388e-01	0.100	0.00115	0.00000e+00	1.13265e+09	10	1	1
4.00000	1.67296	14.000000	1500	0.00117	1.31636e+01	0.100	0.00115	0.00000e+00	1.13265e+09	10	1	1
4.00000	1.67296	14.000000	1500	0.00117	1.76388e+02	0.100	0.00115	0.00000e+00	1.13265e+09	10	1	1
4.00000	1.67296	14.000000	1500	0.00117	2.36354e+03	0.100	0.00115	0.00000e+00	1.13265e+09	10	1	1
4.00000	1.67296	14.000000	1500	0.00289	7.33145e-02	0.220	0.00707	0.00000e+00	1.78625e+11	10	1	1
4.00000	1.67296	14.000000	1500	0.00289	9.82388e-01	0.220	0.00707	0.00000e+00	1.78625e+11	10	1	1
4.00000	1.67296	14.000000	1500	0.00289	1.31636e+01	0.220	0.00707	0.00000e+00	1.78625e+11	10	1	1
4.00000	1.67296	14.000000	1500	0.00289	1.76388e+02	0.220	0.00707	0.00000e+00	1.78625e+11	10	1	1
4.00000	1.67296	14.000000	1500	0.00289	2.36354e+03	0.220	0.00707	0.00000e+00	1.78625e+11	10	1	1
4.00000	1.67296	14.000000	1500	0.00414	7.33145e-02	0.300	0.01442	0.00000e+00	5.54768e+09	10	1	1
4.00000	1.67296	14.000000	1500	0.00414	9.82388e-01	0.300	0.01442	0.00000e+00	5.54768e+09	10	1	1
4.00000	1.67296	14.000000	1500	0.00414	1.31636e+01	0.300	0.01442	0.00000e+00	5.54768e+09	10	1	1
4.00000	1.67296	14.000000	1500	0.00414	1.76388e+02	0.300	0.01442	0.00000e+00	5.54768e+09	10	1	1
4.00000	1.67296	14.000000	1500	0.00414	2.36354e+03	0.300	0.01442	0.00000e+00	5.54768e+09	10	1	1
4.00000	1.67296	14.000000	1500	0.01041	7.33145e-02	0.550	0.09151	0.00000e+00	1.80438e+08	10	1	1
4.00000	1.67296	14.000000	1500	0.01041	9.82388e-01	0.550	0.09151	0.00000e+00	1.80438e+08	10	1	1
4.00000	1.67296	14.000000	1500	0.01041	1.31636e+01	0.550	0.09151	0.00000e+00	1.80438e+08	10	1	1
4.00000	1.67296	14.000000	1500	0.01041	1.76388e+02	0.550	0.09151	0.00000e+00	1.80438e+08	10	1	1
4.00000	1.67296	14.000000	1500	0.01041	2.36354e+03	0.550	0.09151	0.00000e+00	1.80438e+08	10	1	1
4.00000	1.67296	14.000000	1500	0.03443	7.33145e-02	1.000	1.00000	4.46629e+02	1.00870e+07	0	0	0
4.00000	1.67296	14.000000	1500	0.03443	9.82388e-01	1.000	1.00000	4.81017e+03	1.00870e+07	0	0	0
4.00000	1.67296	14.000000	1500	0.03443	1.31636e+01	1.000	1.00000	4.11954e+04	1.00870e+07	0	0	0
4.00000	1.67296	14.000000	1500	0.03443	1.76388e+02	1.000	1.00000	3.77338e+05	1.00870e+07	0	0	0
4.00000	1.67296	14.000000	1500	0.03443	2.36354e+03	1.000	1.00000	4.75851e+06	1.00870e+07	0	0	0
4.00000	1.14285	30.000000	400	0.01644	7.33145e-02	0.100	0.00115	3.96966e+00	1.66410e+06	0	0	0
4.00000	1.14285	30.000000	400	0.01644	9.82388e-01	0.100	0.00115	5.16072e+01	1.66410e+06	0	0	0
4.00000	1.14285	30.000000	400	0.01644	1.31636e+01	0.100	0.00115	7.54173e+02	1.66410e+06	0	0	0
4.00000	1.14285	30.000000	400	0.01644	1.76388e+02	0.100	0.00115	1.45662e+04	1.66410e+06	0	0	0
4.00000	1.14285	30.000000	400	0.01644	2.36354e+03	0.100	0.00115	3.72615e+05	1.66410e+06	0	0	0
4.00000	1.14285	30.000000	400	0.04070	7.33145e-02	0.220	0.00707	1.70789e+00	1.24048e+06	0	0	0
4.00000	1.14285	30.000000	400	0.04070	9.82388e-01	0.220	0.00707	2.69775e+01	1.24048e+06	0	0	0
4.00000	1.14285	30.000000	400	0.04070	1.31636e+01	0.220	0.00707	4.65827e+02	1.24048e+06	0	0	0
4.00000	1.14285	30.000000	400	0.04070	1.76388e+02	0.220	0.00707	1.00578e+04	1.24048e+06	0	0	0
4.00000	1.14285	30.000000	400	0.04070	2.36354e+03	0.220	0.00707	3.02435e+05	1.24048e+06	0	0	0
4.00000	1.14285	30.000000	400	0.05815	7.33145e-02	0.300	0.01442	1.43284e+00	6.54940e+05	0	0	0
4.00000	1.14285	30.000000	400	0.05815	9.82388e-01	0.300	0.01442	2.37834e+01	6.54940e+05	0	0	0
4.00000	1.14285	30.000000	400	0.05815	1.31636e+01	0.300	0.01442	4.19243e+02	6.54940e+05	0	0	0
4.00000	1.14285	30.000000	400	0.05815	1.76388e+02	0.300	0.01442	9.33461e+03	6.54940e+05	0	0	0
4.00000	1.14285	30.000000	400	0.05815	2.36354e+03	0.300	0.01442	2.91539e+05	6.54940e+05	0	0	0
4.00000	1.14285	30.000000	400	0.14646	7.33145e-02	0.550	0.09151	1.11670e+00	1.00358e+05	0	0	0
4.00000	1.14285	30.000000	400	0.14646	9.82388e-01	0.550	0.09151	1.98462e+01	1.00358e+05	0	0	0
4.00000	1.14285	30.000000	400	0.14646	1.31636e+01	0.550	0.09151	3.49145e+02	1.00358e+05	0	0	0
4.00000	1.14285	30.000000	400	0.14646	1.76388e+02	0.550	0.09151	8.34851e+03	1.00358e+05	0	0	0
4.00000	1.14285	30.000000	400	0.14646	2.36354e+03	0.550	0.09151	0.00000e+00	1.00358e+05	10	1	1
4.00000	1.14285	30.000000	400	0.48417	7.33145e-02	1.000	1.00000	8.95757e-01	9.03282e+03	0	0	0
4.00000	1.14285	30.000000	400	0.48417	9.82388e-01	1.000	1.00000	0.00000e+00	9.03282e+03	10	1	1
4.00000	1.14285	30.000000	400	0.48417	1.31636e+01	1.000	1.00000	3.99188e+02	9.03282e+03	1	0	0
4.00000	1.14285	30.000000	400	0.48417	1.76388e+02	1.000	1.00000	0.00000e+00	9.03282e+03	10	1	1
4.00000	1.14285	30.000000	400	0.48417	2.36354e+03	1.000	1.00000	0.00000e+00	9.03282e+03	10	1	1
4.00000	1.14285	30.000000	675	0.00577	7.33145e-02	0.100	0.00115	0.00000e+00	1.84255e+07	10	1	1
4.00000	1.14285	30.000000	675	0.00577	9.82388e-01	0.100	0.00115	0.00000e+00	1.84255e+07	10	1	1
4.00000	1.14285	30.000000	675	0.00577	1.31636e+01	0.100	0.00115	0.00000e+00	1.84255e+07	10	1	1
4.00000	1.14285	30.000000	675	0.00577	1.76388e+02	0.100	0.00115	0.00000e+00	1.84255e+07	10	1	1
4.00000	1.14285	30.000000	675	0.00577	2.36354e+03	0.100	0.00115	0.00000e+00	1.84255e+07	10	1	1
4.00000	1.14285	30.000000	675	0.01429	7.33145e-02	0.220	0.00707	0.00000e+00	1.16188e+07	10	1	1
4.00000	1.14285	30.000000	675	0.01429	9.82388e-01	0.220	0.00707	1.14267e+02	1.16188e+07	0	0	0
4.00000	1.14285	30.000000	675	0.01429	1.31636e+01	0.220	0.00707	1.36909e+03	1.16188e+07	0	0	0
4.00000	1.14285	30.000000	675	0.01429	1.76388e+02	0.220	0.00707	2.25757e+04	1.16188e+07	0	0	0
4.00000	1.14285	30.000000	675	0.01429	2.36354e+03	0.220	0.00707	4.90908e+05	1.16188e+07	0	0	0
4.00000	1.14285	30.000000	675	0.02042	7.33145e-02	0.300	0.01442	5.31240e+00	5.91991e+06	0	0	0
4.00000	1.14285	30.000000	675	0.02042	9.82388e-01	0.300	0.01442	6.62002e+01	5.91991e+06	0	0	0
4.00000	1.14285	30.000000	675	0.02042	1.31636e+01	0.300	0.01442	9.04349e+02	5.91991e+06	0	0	0
4.00000	1.14285	30.000000	675	0.02042	1.76388e+02	0.300	0.01442	1.67153e+04	5.91991e+06	0	0	0
4.00000	1.14285	30.000000	675	0.02042	2.36354e+03	0.300	0.01442	4.05515e+05	5.91991e+06	0	0	0
4.00000	1.14285	30.000000	675	0.05143	7.33145e-02	0.550	0.09151	1.81597e+00	8.55542e+05	0	0	0
4.00000	1.14285	30.000000	675	0.05143	9.82388e-01	0.550	0.09151	2.82028e+01	8.55542e+05	0	0	0
4.00000	1.14285	30.000000	675	0.05143	1.31636e+01	0.550	0.09151	4.82534e+02	8.55542e+05	0	0	0
4.00000	1.14285	30.000000	675	0.05143	1.76388e+02	0.550	0.09151	1.03235e+04	8.55542e+05	0	0	0
4.00000	1.14285	30.000000	675	0.05143	2.36354e+03	0.550	0.09151	3.06542e+05	8.55542e+05	0	0	0
4.00000	1.14285	30.000000	675	0.17002	7.33145e-02	1.000	1.00000	1.12825e+00	7.45705e+04	0	0	0
4.00000	1.14285	30.000000	675	0.17002	9.82388e-01	1.000	1.00000	1.99993e+01	7.45705e+04	0	0	0
4.00000	1.14285	30.000000	675	0.17002	1.31636e+01	1.000	1.00000	3.52358e+02	7.45705e+04	0	0	0
4.00000	1.14285	30.000000	675	0.17002	1.76388e+02	1.000	1.00000	9.00439e+03	7.45705e+04	1	0	0
4.00000	1.14285	30.000000	675	0.17002	2.36354e+03	1.000	1.00000	0.00000e+00	7.45705e+04	10	1	1
4.00000	1.14285	30.000000	950	0.00291	7.33145e-02	0.100	0.00115	0.00000e+00	1.41653e+08	10	1	1
4.00000	1.14285	30.000000	950	0.00291	9.82388e-01	0.100	0.00115	0.00000e+00	1.41653e+08	10	1	1
4.00000	1.14285	30.000000	950	0.00291	1.31636e+01	0.100	0.00115	0.00000e+00	1.41653e+08	10	1	1
4.00000	1.14285	30.000000	950	0.00291	1.76388e+02	0.100	0.00115	0.00000e+00	1.41653e+08	10	1	1
4.00000	1.14285	30.000000	950	0.00291	2.36354e+03	0.100	0.00115	0.00000e+00	1.41653e+08	10	1	1
4.00000	1.14285	30.000000	950	0.00722	7.33145e-02	0.220	0.00707	0.00000e+00	5.89884e+07	10	1	1
4.00000	1.14285	30.000000	950	0.00722	9.82388e-01	0.220	0.00707	0.00000e+00	5.89884e+07	10	1	1
4.00000	1.14285	30.000000	950	0.00722	1.31636e+01	0.220	0.00707	0.00000e+00	5.89884e+07	10	1	1
4.00000	1.14285	30.000000	950	0.00722	1.76388e+02	0.220	0.00707	0.00000e+00	5.89884e+07	10	1	1
4.00000	1.14285	30.000000	950	0.00722	2.36354e+03	0.220	0.00707	0.00000e+00	5.89884e+07	10	1	1
4.00000	1.14285	30.000000	950	0.01031	7.33145e-02	0.300	0.01442	0.00000e+00	2.79884e+07	10	1	1
4.00000	1.14285	30.000000	950	0.01031	9.82388e-01	0.300	0.01442	0.00000e+00	2.79884e+07	10	1	1
4.00000	1.14285	30.000000	950	0.01031	1.31636e+01	0.300	0.01442	0.00000e+00	2.79884e+07	10	1	1
4.00000	1.14285	30.000000	950	0.01031	1.76388e+02	0.300	0.01442	0.00000e+00	2.79884e+07	10	1	1
4.00000	1.14285	30.000000	950	0.01031	2.36354e+03	0.300	0.01442	0.00000e+00	2.79884e+07	10	1	1
4.00000	1.14285	30.000000	950	0.02597	7.33145e-02	0.550	0.09151	0.00000e+00	3.63746e+06	10	1	1
4.00000	1.14285	30.000000	950	0.02597	9.82388e-01	0.550	0.09151	6.16804e+01	3.63746e+06	0	0	0
4.00000	1.14285	30.000000	950	0.02597	1.31636e+01	0.550	0.09151	0.00000e+00	3.63746e+06	10	1	1
4.00000	1.14285	30.000000	950	0.02597	1.76388e+02	0.550	0.09151	1.60782e+04	3.63746e+06	0	0	0
4.00000	1.14285	30.000000	950	0.02597	2.36354e+03	0.550	0.09151	0.00000e+00	3.63746e+06	10	1	1
4.00000	1.14285	30.000000	950	0.08584	7.33145e-02	1.000	1.00000	1.44142e+00	3.00783e+05	0	0	0
4.00000	1.14285	30.000000	950	0.08584	9.82388e-01	1.000	1.00000	2.47043e+01	3.00783e+05	1	0	0
4.00000	1.14285	30.000000	950	0.08584	1.31636e+01	1.000	1.00000	4.20814e+02	3.00783e+05	0	0	0
4.00000	1.14285	30.000000	950	0.08584	1.76388e+02	1.000	1.00000	9.35853e+03	3.00783e+05	0	0	0
4.00000	1.14285	30.000000	950	0.08584	2.36354e+03	1.000	1.00000	0.00000e+00	3.00783e+05	10	1	1
4.00000	1.14285	30.000000	1225	0.00175	7.33145e-02	0.100	0.00115	0.00000e+00	2.57876e+09	10	1	1
4.00000	1.14285	30.000000	1225	0.00175	9.82388e-01	0.100	0.00115	0.00000e+00	2.57876e+09	10	1	1
4.00000	1.14285	30.000000	1225	0.00175	1.31636e+01	0.100	0.00115	0.00000e+00	2.57876e+09	10	1	1
4.00000	1.14285	30.000000	1225	0.00175	1.76388e+02	0.100	0.00115	0.00000e+00	2.57876e+09	10	1	1
4.00000	1.14285	30.000000	1225	0.00175	2.36354e+03	0.100	0.00115	0.00000e+00	2.57876e+09	10	1	1
4.00000	1.14285	30.000000	1225	0.00434	7.33145e-02	0.220	0.00707	0.00000e+00	2.55023e+08	10	1	1
4.00000	1.14285	30.000000	1225	0.00434	9.82388e-01	0.220	0.00707	0.00000e+00	2.55023e+08	10	1	1
4.00000	1.14285	30.000000	1225	0.00434	1.31636e+01	0.220	0.00707	0.00000e+00	2.55023e+08	10	1	1
4.00000	1.14285	30.000000	1225	0.00434	1.76388e+02	0.220	0.00707	0.00000e+00	2.55023e+08	10	1	1
4.00000	1.14285	30.000000	1225	0.00434	2.36354e+03	0.220	0.00707	0.00000e+00	2.55023e+08	10	1	1
4.00000	1.14285	30.000000	1225	0.00620	7.33145e-02	0.300	0.01442	0.00000e+00	1.04672e+08	10	1	1
4.00000	1.14285	30.000000	1225	0.00620	9.82388e-01	0.300	0.01442	0.00000e+00	1.04672e+08	10	1	1
4.00000	1.14285	30.000000	1225	0.00620	1.31636e+01	0.300	0.01442	0.00000e+00	1.04672e+08	10	1	1
4.00000	1.14285	30.000000	1225	0.00620	1.76388e+02	0.300	0.01442	0.00000e+00	1.04672e+08	10	1	1
4.00000	1.14285	30.000000	1225	0.00620	2.36354e+03	0.300	0.01442	0.00000e+00	1.04672e+08	10	1	1
4.00000	1.14285	30.000000	1225	0.01562	7.33145e-02	0.550	0.09151	1.66042e+01	1.13075e+07	0	0	0
4.00000	1.14285	30.000000	1225	0.01562	9.82388e-01	0.550	0.09151	2.02507e+02	1.13075e+07	0	0	0
4.00000	1.14285	30.000000	1225	0.01562	1.31636e+01	0.550	0.09151	2.21569e+03	1.13075e+07	0	0	0
4.00000	1.14285	30.000000	1225	0.01562	1.76388e+02	0.550	0.09151	3.14955e+04	1.13075e+07	0	0	0
4.00000	1.14285	30.000000	1225	0.01562	2.36354e+03	0.550	0.09151	6.08469e+05	1.13075e+07	0	0	0
4.00000	1.14285	30.000000	1225	0.05162	7.33145e-02	1.000	1.00000	0.00000e+00	8.63943e+05	10	1	1
4.00000	1.14285	30.000000	1225	0.05162	9.82388e-01	1.000	1.00000	3.28048e+01	8.63943e+05	0	0	0
4.00000	1.14285	30.000000	1225	0.05162	1.31636e+01	1.000	1.00000	5.41684e+02	8.63943e+05	0	0	0
4.00000	1.14285	30.000000	1225	0.05162	1.76388e+02	1.000	1.00000	1.12718e+04	8.63943e+05	0	0	0
4.00000	1.14285	30.000000	1225	0.05162	2.36354e+03	1.000	1.00000	0.00000e+00	8.63943e+05	10	1	1
4.00000	1.14285	30.000000	1500	0.00117	7.33145e-02	0.100	0.00115	0.00000e+00	3.73373e+09	10	1	1
4.00000	1.14285	30.000000	1500	0.00117	9.82388e-01	0.100	0.00115	0.00000e+00	3.73373e+09	10	1	1
4.00000	1.14285	30.000000	1500	0.00117	1.31636e+01	0.100	0.00115	0.00000e+00	3.73373e+09	10	1	1
4.00000	1.14285	30.000000	1500	0.00117	1.76388e+02	0.100	0.00115	0.00000e+00	3.73373e+09	10	1	1
4.00000	1.14285	30.000000	1500	0.00117	2.36354e+03	0.100	0.00115	0.00000e+00	3.73373e+09	10	1	1
4.00000	1.14285	30.000000	1500	0.00289	7.33145e-02	0.220	0.00707	0.00000e+00	1.33556e+09	10	1	1
4.00000	1.14285	30.000000	1500	0.00289	9.82388e-01	0.220	0.00707	0.00000e+00	1.33556e+09	10	1	1
4.00000	1.14285	30.000000	1500	0.00289	1.31636e+01	0.220	0.00707	0.00000e+00	1.33556e+09	10	1	1
4.00000	1.14285	30.000000	1500	0.00289	1.76388e+02	0.220	0.00707	0.00000e+00	1.33556e+09	10	1	1
4.00000	1.14285	30.000000	1500	0.00289	2.36354e+03	0.220	0.00707	0.00000e+00	1.33556e+09	10	1	1
4.00000	1.14285	30.000000	1500	0.00414	7.33145e-02	0.300	0.01442	0.00000e+00	3.87925e+08	10	1	1
4.00000	1.14285	30.000000	1500	0.00414	9.82388e-01	0.300	0.01442	0.00000e+00	3.87925e+08	10	1	1
4.00000	1.14285	30.000000	1500	0.00414	1.31636e+01	0.300	0.01442	0.00000e+00	3.87925e+08	10	1	1
4.00000	1.14285	30.000000	1500	0.00414	1.76388e+02	0.300	0.01442	0.00000e+00	3.87925e+08	10	1	1
4.00000	1.14285	30.000000	1500	0.00414	2.36354e+03	0.300	0.01442	0.00000e+00	3.87925e+08	10	1	1
4.00000	1.14285	30.000000	1500	0.01041	7.33145e-02	0.550	0.09151	0.00000e+00	2.99786e+07	10	1	1
4.00000	1.14285	30.000000	1500	0.01041	9.82388e-01	0.550	0.09151	0.00000e+00	2.99786e+07	10	1	1
4.00000	1.14285	30.000000	1500	0.01041	1.31636e+01	0.550	0.09151	0.00000e+00	2.99786e+07	10	1	1
4.00000	1.14285	30.000000	1500	0.01041	1.76388e+02	0.550	0.09151	0.00000e+00	2.99786e+07	10	1	1
4.00000	1.14285	30.000000	1500	0.01041	2.36354e+03	0.550	0.09151	0.00000e+00	2.99786e+07	10	1	1
4.00000	1.14285	30.000000	1500	0.03443	7.33145e-02	1.000	1.00000	4.15610e+00	2.04147e+06	0	0	0
4.00000	1.14285	30.000000	1500	0.03443	9.82388e-01	1.000	1.00000	5.36238e+01	2.04147e+06	0	0	0
4.00000	1.14285	30.000000	1500	0.03443	1.31636e+01	1.000	1.00000	7.75506e+02	2.04147e+06	0	0	0
4.00000	1.14285	30.000000	1500	0.03443	1.76388e+02	1.000	1.00000	1.48817e+04	2.04147e+06	0	0	0
4.00000	1.14285	30.000000	1500	0.03443	2.36354e+03	1.000	1.00000	0.00000e+00	2.04147e+06	10	1	1
7.00000	3.64893	5.150000	400	0.01644	7.33145e-02	0.100	0.00115	0.00000e+00	7.42730e+07	10	1	1
7.00000	3.64893	5.150000	400	0.01644	9.82388e-01	0.100	0.00115	0.00000e+00	7.42730e+07	10	1	1
7.00000	3.64893	5.150000	400	0.01644	1.31636e+01	0.100	0.00115	8.76508e+05	7.42730e+07	0	0	0
7.00000	3.64893	5.150000	400	0.01644	1.76388e+02	0.100	0.00115	4.69126e+06	7.42730e+07	0	0	0
7.00000	3.64893	5.150000	400	0.01644	2.36354e+03	0.100	0.00115	3.42221e+07	7.42730e+07	0	0	0
7.00000	3.64893	5.150000	400	0.04070	7.33145e-02	0.220	0.00707	0.00000e+00	4.78306e+07	10	1	1
7.00000	3.64893	5.150000	400	0.04070	9.82388e-01	0.220	0.00707	0.00000e+00	4.78306e+07	10	1	1
7.00000	3.64893	5.150000	400	0.04070	1.31636e+01	0.220	0.00707	4.39630e+05	4.78306e+07	0	0	0
7.00000	3.64893	5.150000	400	0.04070	1.76388e+02	0.220	0.00707	0.00000e+00	4.78306e+07	10	1	1
7.00000	3.64893	5.150000	400	0.04070	2.36354e+03	0.220	0.00707	0.00000e+00	4.78306e+07	10	1	1
7.00000	3.64893	5.150000	400	0.05815	7.33145e-02	0.300	0.01442	0.00000e+00	2.44728e+07	10	1	1
7.00000	3.64893	5.150000	400	0.05815	9.82388e-01	0.300	0.01442	0.00000e+00	2.44728e+07	10	1	1
7.00000	3.64893	5.150000	400	0.05815	1.31636e+01	0.300	0.01442	3.80950e+05	2.44728e+07	0	0	0
7.00000	3.64893	5.150000	400	0.05815	1.76388e+02	0.300	0.01442	3.06896e+06	2.44728e+07	0	0	0
7.00000	3.64893	5.150000	400	0.05815	2.36354e+03	0.300	0.01442	0.00000e+00	2.44728e+07	10	1	1
7.00000	3.64893	5.150000	400	0.14646	7.33145e-02	0.550	0.09151	0.00000e+00	3.56054e+06	10	1	1
7.00000	3.64893	5.150000	400	0.14646	9.82388e-01	0.550	0.09151	4.01664e+04	3.56054e+06	0	0	0
7.00000	3.64893	5.150000	400	0.14646	1.31636e+01	0.550	0.09151	3.21991e+05	3.56054e+06	0	0	0
7.00000	3.64893	5.150000	400	0.14646	1.76388e+02	0.550	0.09151	2.92687e+06	3.56054e+06	0	0	0
7.00000	3.64893	5.150000	400	0.14646	2.36354e+03	0.550	0.09151	3.03459e+07	3.56054e+06	0	0	0
7.00000	3.64893	5.150000	400	0.48417	7.33145e-02	1.000	1.00000	0.00000e+00	3.11444e+05	10	1	1
7.00000	3.64893	5.150000	400	0.48417	9.82388e-01	1.000	1.00000	0.00000e+00	3.11444e+05	10	1	1
7.00000	3.64893	5.150000	400	0.48417	1.31636e+01	1.000	1.00000	3.11582e+05	3.11444e+05	0	0	0
7.00000	3.64893	5.150000	400	0.48417	1.76388e+02	1.000	1.00000	2.90769e+06	3.11444e+05	0	0	0
7.00000	3.64893	5.150000	400	0.48417	2.36354e+03	1.000	1.00000	0.00000e+00	3.11444e+05	10	1	1
7.00000	3.64893	5.150000	675	0.00577	7.33145e-02	0.100	0.00115	3.65443e+04	2.50428e+09	1	0	0
7.00000	3.64893	5.150000	675	0.00577	9.82388e-01	0.100	0.00115	4.57388e+05	2.50428e+09	1	0	0
7.00000	3.64893	5.150000	675	0.00577	1.31636e+01	0.100	0.00115	4.43729e+06	2.50428e+09	1	0	0
7.00000	3.64893	5.150000	675	0.00577	1.76388e+02	0.100	0.00115	1.60430e+07	2.50428e+09	0	0	0
7.00000	3.64893	5.150000	675	0.00577	2.36354e+03	0.100	0.00115	7.23622e+07	2.50428e+09	1	0	0
7.00000	3.64893	5.150000	675	0.01429	7.33145e-02	0.220	0.00707	0.00000e+00	6.29523e+08	10	1	1
7.00000	3.64893	5.150000	675	0.01429	9.82388e-01	0.220	0.00707	0.00000e+00	6.29523e+08	10	1	1
7.00000	3.64893	5.150000	675	0.01429	1.31636e+01	0.220	0.00707	6.14773e+05	6.29523e+08	0	0	0
7.00000	3.64893	5.150000	675	0.01429	1.76388e+02	0.220	0.00707	8.20672e+06	6.29523e+08	0	0	0
7.00000	3.64893	5.150000	675	0.01429	2.36354e+03	0.220	0.00707	4.09605e+07	6.29523e+08	0	0	0
7.00000	3.64893	5.150000	675	0.02042	7.33145e-02	0.300	0.01442	0.00000e+00	2.79932e+08	10	1	1
7.00000	3.64893	5.150000	675	0.02042	9.82388e-01	0.300	0.01442	0.00000e+00	2.79932e+08	10	1	1
7.00000	3.64893	5.150000	675	0.02042	1.31636e+01	0.300	0.01442	1.06414e+06	2.79932e+08	0	0	0
7.00000	3.64893	5.150000	675	0.02042	1.76388e+02	0.300	0.01442	5.55502e+06	2.79932e+08	0	0	0
7.00000	3.64893	5.150000	675	0.02042	2.36354e+03	0.300	0.01442	3.60019e+07	2.79932e+08	0	0	0
7.00000	3.64893	5.150000	675	0.05143	7.33145e-02	0.550	0.09151	0.00000e+00	3.33461e+07	10	1	1
7.00000	3.64893	5.150000	675	0.05143	9.82388e-01	0.550	0.09151	0.00000e+00	3.33461e+07	10	1	1
7.00000	3.64893	5.150000	675	0.05143	1.31636e+01	0.550	0.09151	4.62848e+05	3.33461e+07	0	0	0
7.00000	3.64893	5.150000	675	0.05143	1.76388e+02	0.550	0.09151	3.29837e+06	3.33461e+07	0	0	0
7.00000	3.64893	5.150000	675	0.05143	2.36354e+03	0.550	0.09151	3.11079e+07	3.33461e+07	0	0	0
7.00000	3.64893	5.150000	675	0.17002	7.33145e-02	1.000	1.00000	0.00000e+00	2.65200e+06	10	1	1
7.00000	3.64893	5.150000	675	0.17002	9.82388e-01	1.000	1.00000	0.00000e+00	2.65200e+06	10	1	1
7.00000	3.64893	5.150000	675	0.17002	1.31636e+01	1.000	1.00000	3.23572e+05	2.65200e+06	0	0	0
7.00000	3.64893	5.150000	675	0.17002	1.76388e+02	1.000	1.00000	2.93008e+06	2.65200e+06	0	0	0
7.00000	3.64893	5.150000	675	0.17002	2.36354e+03	1.000	1.00000	3.03241e+07	2.65200e+06	0	0	0
7.00000	3.64893	5.150000	950	0.00291	7.33145e-02	0.100	0.00115	0.00000e+00	1.09237e+10	10	1	1
7.00000	3.64893	5.150000	950	0.00291	9.82388e-01	0.100	0.00115	0.00000e+00	1.09237e+10	10	1	1
7.00000	3.64893	5.150000	950	0.00291	1.31636e+01	0.100	0.00115	0.00000e+00	1.09237e+10	10	1	1
7.00000	3.64893	5.150000	950	0.00291	1.76388e+02	0.100	0.00115	0.00000e+00	1.09237e+10	10	1	1
7.00000	3.64893	5.150000	950	0.00291	2.36354e+03	0.100	0.00115	0.00000e+00	1.09237e+10	10	1	1
7.00000	3.64893	5.150000	950	0.00722	7.33145e-02	0.220	0.00707	3.65443e+04	9.09814e+09	1	0	0
7.00000	3.64893	5.150000	950	0.00722	9.82388e-01	0.220	0.00707	4.57365e+05	9.09814e+09	1	0	0
7.00000	3.64893	5.150000	950	0.00722	1.31636e+01	0.220	0.00707	4.43709e+06	9.09814e+09	1	0	0
7.00000	3.64893	5.150000	950	0.00722	1.76388e+02	0.220	0.00707	2.36356e+07	9.09814e+09	1	0	0
7.00000	3.64893	5.150000	950	0.00722	2.36354e+03	0.220	0.00707	0.00000e+00	9.09814e+09	10	1	1
7.00000	3.64893	5.150000	950	0.01031	7.33145e-02	0.300	0.01442	3.65443e+04	2.37708e+09	1	0	0
7.00000	3.64893	5.150000	950	0.01031	9.82388e-01	0.300	0.01442	4.64170e+05	2.37708e+09	0	0	0
7.00000	3.64893	5.150000	950	0.01031	1.31636e+01	0.300	0.01442	4.22584e+06	2.37708e+09	0	0	0
7.00000	3.64893	5.150000	950	0.01031	1.76388e+02	0.300	0.01442	2.06144e+07	2.37708e+09	0	0	0
7.00000	3.64893	5.150000	950	0.01031	2.36354e+03	0.300	0.01442	6.28201e+07	2.37708e+09	0	0	0
7.00000	3.64893	5.150000	950	0.02597	7.33145e-02	0.550	0.09151	9.04186e+03	1.69262e+08	0	0	0
7.00000	3.64893	5.150000	950	0.02597	9.82388e-01	0.550	0.09151	1.08277e+05	1.69262e+08	0	0	0
7.00000	3.64893	5.150000	950	0.02597	1.31636e+01	0.550	0.09151	1.01070e+06	1.69262e+08	0	0	0
7.00000	3.64893	5.150000	950	0.02597	1.76388e+02	0.550	0.09151	5.28745e+06	1.69262e+08	0	0	0
7.00000	3.64893	5.150000	950	0.02597	2.36354e+03	0.550	0.09151	3.54688e+07	1.69262e+08	0	0	0
7.00000	3.64893	5.150000	950	0.08584	7.33145e-02	1.000	1.00000	0.00000e+00	1.12535e+07	10	1	1
7.00000	3.64893	5.150000	950	0.08584	9.82388e-01	1.000	1.00000	0.00000e+00	1.12535e+07	10	1	1
7.00000	3.64893	5.150000	950	0.08584	1.31636e+01	1.000	1.00000	3.82720e+05	1.12535e+07	0	0	0
7.00000	3.64893	5.150000	950	0.08584	1.76388e+02	1.000	1.00000	3.07389e+06	1.12535e+07	0	0	0
7.00000	3.64893	5.150000	950	0.08584	2.36354e+03	1.000	1.00000	3.06141e+07	1.12535e+07	0	0	0
7.00000	3.64893	5.150000	1225	0.00175	7.33145e-02	0.100	0.00115	0.00000e+00	1.56647e+09	10	1	1
7.00000	3.64893	5.150000	1225	0.00175	9.82388e-01	0.100	0.00115	0.00000e+00	1.56647e+09	10	1	1
7.00000	3.64893	5.150000	1225	0.00175	1.31636e+01	0.100	0.00115	0.00000e+00	1.56647e+09	10	1	1
7.00000	3.64893	5.150000	1225	0.00175	1.76388e+02	0.100	0.00115	0.00000e+00	1.56647e+09	10	1	1
7.00000	3.64893	5.150000	1225	0.00175	2.36354e+03	0.100	0.00115	0.00000e+00	1.56647e+09	10	1	1
7.00000	3.64893	5.150000	1225	0.00434	7.33145e-02	0.220	0.00707	0.00000e+00	1.28875e+11	10	1	1
7.00000	3.64893	5.150000	1225	0.00434	9.82388e-01	0.220	0.00707	0.00000e+00	1.28875e+11	10	1	1
7.00000	3.64893	5.150000	1225	0.00434	1.31636e+01	0.220	0.00707	0.00000e+00	1.28875e+11	10	1	1
7.00000	3.64893	5.150000	1225	0.00434	1.76388e+02	0.220	0.00707	0.00000e+00	1.28875e+11	10	1	1
7.00000	3.64893	5.150000	1225	0.00434	2.36354e+03	0.220	0.00707	0.00000e+00	1.28875e+11	10	1	1
7.00000	3.64893	5.150000	1225	0.00620	7.33145e-02	0.300	0.01442	0.00000e+00	8.60993e+10	10	1	1
7.00000	3.64893	5.150000	1225	0.00620	9.82388e-01	0.300	0.01442	0.00000e+00	8.60993e+10	10	1	1
7.00000	3.64893	5.150000	1225	0.00620	1.31636e+01	0.300	0.01442	0.00000e+00	8.60993e+10	10	1	1
7.00000	3.64893	5.150000	1225	0.00620	1.76388e+02	0.300	0.01442	0.00000e+00	8.60993e+10	10	1	1
7.00000	3.64893	5.150000	1225	0.00620	2.36354e+03	0.300	0.01442	0.00000e+00	8.60993e+10	10	1	1
7.00000	3.64893	5.150000	1225	0.01562	7.33145e-02	0.550	0.09151	1.85763e+04	7.31437e+08	1	0	0
7.00000	3.64893	5.150000	1225	0.01562	9.82388e-01	0.550	0.09151	2.21620e+05	7.31437e+08	0	0	0
7.00000	3.64893	5.150000	1225	0.01562	1.31636e+01	0.550	0.09151	2.19203e+06	7.31437e+08	0	0	0
7.00000	3.64893	5.150000	1225	0.01562	1.76388e+02	0.550	0.09151	1.21904e+07	7.31437e+08	0	0	0
7.00000	3.64893	5.150000	1225	0.01562	2.36354e+03	0.550	0.09151	4.84276e+07	7.31437e+08	0	0	0
7.00000	3.64893	5.150000	1225	0.05162	7.33145e-02	1.000	1.00000	0.00000e+00	3.48761e+07	10	1	1
7.00000	3.64893	5.150000	1225	0.05162	9.82388e-01	1.000	1.00000	0.00000e+00	3.48761e+07	10	1	1
7.00000	3.64893	5.150000	1225	0.05162	1.31636e+01	1.000	1.00000	5.51130e+05	3.48761e+07	0	0	0
7.00000	3.64893	5.150000	1225	0.05162	1.76388e+02	1.000	1.00000	3.56213e+06	3.48761e+07	0	0	0
7.00000	3.64893	5.150000	1225	0.05162	2.36354e+03	1.000	1.00000	3.17119e+07	3.48761e+07	0	0	0
7.00000	3.64893	5.150000	1500	0.00117	7.33145e-02	0.100	0.00115	0.00000e+00	7.49043e+08	10	1	1
7.00000	3.64893	5.150000	1500	0.00117	9.82388e-01	0.100	0.00115	0.00000e+00	7.49043e+08	10	1	1
7.00000	3.64893	5.150000	1500	0.00117	1.31636e+01	0.100	0.00115	0.00000e+00	7.49043e+08	10	1	1
7.00000	3.64893	5.150000	1500	0.00117	1.76388e+02	0.100	0.00115	0.00000e+00	7.49043e+08	10	1	1
7.00000	3.64893	5.150000	1500	0.00117	2.36354e+03	0.100	0.00115	0.00000e+00	7.49043e+08	10	1	1
7.00000	3.64893	5.150000	1500	0.00289	7.33145e-02	0.220	0.00707	0.00000e+00	8.67926e+09	10	1	1
7.00000	3.64893	5.150000	1500	0.00289	9.82388e-01	0.220	0.00707	0.00000e+00	8.67926e+09	10	1	1
7.00000	3.64893	5.150000	1500	0.00289	1.31636e+01	0.220	0.00707	0.00000e+00	8.67926e+09	10	1	1
7.00000	3.64893	5.150000	1500	0.00289	1.76388e+02	0.220	0.00707	0.00000e+00	8.67926e+09	10	1	1
7.00000	3.64893	5.150000	1500	0.00289	2.36354e+03	0.220	0.00707	0.00000e+00	8.67926e+09	10	1	1
7.00000	3.64893	5.150000	1500	0.00414	7.33145e-02	0.300	0.01442	0.00000e+00	2.51264e+10	10	1	1
7.00000	3.64893	5.150000	1500	0.00414	9.82388e-01	0.300	0.01442	0.00000e+00	2.51264e+10	10	1	1
7.00000	3.64893	5.150000	1500	0.00414	1.31636e+01	0.300	0.01442	0.00000e+00	2.51264e+10	10	1	1
7.00000	3.64893	5.150000	1500	0.00414	1.76388e+02	0.300	0.01442	0.00000e+00	2.51264e+10	10	1	1
7.00000	3.64893	5.150000	1500	0.00414	2.36354e+03	0.300	0.01442	0.00000e+00	2.51264e+10	10	1	1
7.00000	3.64893	5.150000	1500	0.01041	7.33145e-02	0.550	0.09151	3.65443e+04	3.82589e+09	1	0	0
7.00000	3.64893	5.150000	1500	0.01041	9.82388e-01	0.550	0.09151	4.57366e+05	3.82589e+09	1	0	0
7.00000	3.64893	5.150000	1500	0.01041	1.31636e+01	0.550	0.09151	4.43651e+06	3.82589e+09	1	0	0
7.00000	3.64893	5.150000	1500	0.01041	1.76388e+02	0.550	0.09151	2.36272e+07	3.82589e+09	1	0	0
7.00000	3.64893	5.150000	1500	0.01041	2.36354e+03	0.550	0.09151	0.00000e+00	3.82589e+09	10	1	1
7.00000	3.64893	5.150000	1500	0.03443	7.33145e-02	1.000	1.00000	0.00000e+00	9.20261e+07	10	1	1
7.00000	3.64893	5.150000	1500	0.03443	9.82388e-01	1.000	1.00000	0.00000e+00	9.20261e+07	10	1	1
7.00000	3.64893	5.150000	1500	0.03443	1.31636e+01	1.000	1.00000	9.04274e+05	9.20261e+07	0	0	0
7.00000	3.64893	5.150000	1500	0.03443	1.76388e+02	1.000	1.00000	0.00000e+00	9.20261e+07	10	1	1
7.00000	3.64893	5.150000	1500	0.03443	2.36354e+03	1.000	1.00000	0.00000e+00	9.20261e+07	10	1	1
7.00000	3.07751	7.240000	400	0.01644	7.33145e-02	0.100	0.00115	3.06591e+03	3.48674e+07	0	0	0
7.00000	3.07751	7.240000	400	0.01644	9.82388e-01	0.100	0.00115	3.36436e+04	3.48674e+07	0	0	0
7.00000	3.07751	7.240000	400	0.01644	1.31636e+01	0.100	0.00115	2.66891e+05	3.48674e+07	0	0	0
7.00000	3.07751	7.240000	400	0.01644	1.76388e+02	0.100	0.00115	1.83586e+06	3.48674e+07	0	0	0
7.00000	3.07751	7.240000	400	0.01644	2.36354e+03	0.100	0.00115	1.83096e+07	3.48674e+07	0	0	0
7.00000	3.07751	7.240000	400	0.04070	7.33145e-02	0.220	0.00707	1.53092e+03	2.34033e+07	0	0	0
7.00000	3.07751	7.240000	400	0.04070	9.82388e-01	0.220	0.00707	1.51960e+04	2.34033e+07	0	0	0
7.00000	3.07751	7.240000	400	0.04070	1.31636e+01	0.220	0.00707	1.23967e+05	2.34033e+07	0	0	0
7.00000	3.07751	7.240000	400	0.04070	1.76388e+02	0.220	0.00707	1.27176e+06	2.34033e+07	0	0	0
7.00000	3.07751	7.240000	400	0.04070	2.36354e+03	0.220	0.00707	1.62287e+07	2.34033e+07	0	0	0
7.00000	3.07751	7.240000	400	0.05815	7.33145e-02	0.300	0.01442	1.30333e+03	1.20765e+07	0	0	0
7.00000	3.07751	7.240000	400	0.05815	9.82388e-01	0.300	0.01442	1.27696e+04	1.20765e+07	0	0	0
7.00000	3.07751	7.240000	400	0.05815	1.31636e+01	0.300	0.01442	1.08516e+05	1.20765e+07	0	0	0
7.00000	3.07751	7.240000	400	0.05815	1.76388e+02	0.300	0.01442	1.20425e+06	1.20765e+07	0	0	0
7.00000	3.07751	7.240000	400	0.05815	2.36354e+03	0.300	0.01442	1.59898e+07	1.20765e+07	0	0	0
7.00000	3.07751	7.240000	400	0.14646	7.33145e-02	0.550	0.09151	1.08061e+03	1.78119e+06	0	0	0
7.00000	3.07751	7.240000	400	0.14646	9.82388e-01	0.550	0.09151	1.01012e+04	1.78119e+06	0	0	0
7.00000	3.07751	7.240000	400	0.14646	1.31636e+01	0.550	0.09151	9.55430e+04	1.78119e+06	0	0	0
7.00000	3.07751	7.240000	400	0.14646	1.76388e+02	0.550	0.09151	1.14028e+06	1.78119e+06	0	0	0
7.00000	3.07751	7.240000	400	0.14646	2.36354e+03	0.550	0.09151	1.58174e+07	1.78119e+06	0	0	0
7.00000	3.07751	7.240000	400	0.48417	7.33145e-02	1.000	1.00000	9.88143e+02	1.56951e+05	0	0	0
7.00000	3.07751	7.240000	400	0.48417	9.82388e-01	1.000	1.00000	9.35722e+03	1.56951e+05	0	0	0
7.00000	3.07751	7.240000	400	0.48417	1.31636e+01	1.000	1.00000	9.15682e+04	1.56951e+05	0	0	0
7.00000	3.07751	7.240000	400	0.48417	1.76388e+02	1.000	1.00000	0.00000e+00	1.56951e+05	10	1	1
7.00000	3.07751	7.240000	400	0.48417	2.36354e+03	1.000	1.00000	2.74914e+07	1.56951e+05	1	0	0
7.00000	3.07751	7.240000	675	0.00577	7.33145e-02	0.100	0.00115	2.58261e+04	7.85211e+08	0	0	0
7.00000	3.07751	7.240000	675	0.00577	9.82388e-01	0.100	0.00115	3.17736e+05	7.85211e+08	0	0	0
7.00000	3.07751	7.240000	675	0.00577	1.31636e+01	0.100	0.00115	3.01205e+06	7.85211e+08	0	0	0
7.00000	3.07751	7.240000	675	0.00577	1.76388e+02	0.100	0.00115	1.60316e+07	7.85211e+08	0	0	0
7.00000	3.07751	7.240000	675	0.00577	2.36354e+03	0.100	0.00115	4.77446e+07	7.85211e+08	0	0	0
7.00000	3.07751	7.240000	675	0.01429	7.33145e-02	0.220	0.00707	5.48962e+03	2.78532e+08	0	0	0
7.00000	3.07751	7.240000	675	0.01429	9.82388e-01	0.220	0.00707	6.58162e+04	2.78532e+08	0	0	0
7.00000	3.07751	7.240000	675	0.01429	1.31636e+01	0.220	0.00707	6.14768e+05	2.78532e+08	0	0	0
7.00000	3.07751	7.240000	675	0.01429	1.76388e+02	0.220	0.00707	3.23854e+06	2.78532e+08	0	0	0
7.00000	3.07751	7.240000	675	0.01429	2.36354e+03	0.220	0.00707	2.23127e+07	2.78532e+08	0	0	0
7.00000	3.07751	7.240000	675	0.02042	7.33145e-02	0.300	0.01442	3.79122e+03	1.29180e+08	0	0	0
7.00000	3.07751	7.240000	675	0.02042	9.82388e-01	0.300	0.01442	4.30172e+04	1.29180e+08	0	0	0
7.00000	3.07751	7.240000	675	0.02042	1.31636e+01	0.300	0.01442	3.56040e+05	1.29180e+08	0	0	0
7.00000	3.07751	7.240000	675	0.02042	1.76388e+02	0.300	0.01442	2.16522e+06	1.29180e+08	0	0	0
7.00000	3.07751	7.240000	675	0.02042	2.36354e+03	0.300	0.01442	1.93952e+07	1.29180e+08	0	0	0
7.00000	3.07751	7.240000	675	0.05143	7.33145e-02	0.550	0.09151	1.99462e+03	1.62680e+07	0	0	0
7.00000	3.07751	7.240000	675	0.05143	9.82388e-01	0.550	0.09151	1.61394e+04	1.62680e+07	0	0	0
7.00000	3.07751	7.240000	675	0.05143	1.31636e+01	0.550	0.09151	1.60329e+05	1.62680e+07	0	0	0
7.00000	3.07751	7.240000	675	0.05143	1.76388e+02	0.550	0.09151	1.29897e+06	1.62680e+07	0	0	0
7.00000	3.07751	7.240000	675	0.05143	2.36354e+03	0.550	0.09151	1.68109e+07	1.62680e+07	0	0	0
7.00000	3.07751	7.240000	675	0.17002	7.33145e-02	1.000	1.00000	1.34848e+03	1.32586e+06	0	0	0
7.00000	3.07751	7.240000	675	0.17002	9.82388e-01	1.000	1.00000	1.01850e+04	1.32586e+06	0	0	0
7.00000	3.07751	7.240000	675	0.17002	1.31636e+01	1.000	1.00000	1.11450e+05	1.32586e+06	0	0	0
7.00000	3.07751	7.240000	675	0.17002	1.76388e+02	1.000	1.00000	1.14184e+06	1.32586e+06	0	0	0
7.00000	3.07751	7.240000	675	0.17002	2.36354e+03	1.000	1.00000	1.60343e+07	1.32586e+06	0	0	0
7.00000	3.07751	7.240000	950	0.00291	7.33145e-02	0.100	0.00115	0.00000e+00	6.04401e+10	10	1	1
7.00000	3.07751	7.240000	950	0.00291	9.82388e-01	0.100	0.00115	0.00000e+00	6.04401e+10	10	1	1
7.00000	3.07751	7.240000	950	0.00291	1.31636e+01	0.100	0.00115	0.00000e+00	6.04401e+10	10	1	1
7.00000	3.07751	7.240000	950	0.00291	1.76388e+02	0.100	0.00115	0.00000e+00	6.04401e+10	10	1	1
7.00000	3.07751	7.240000	950	0.00291	2.36354e+03	0.100	0.00115	0.00000e+00	6.04401e+10	10	1	1
7.00000	3.07751	7.240000	950	0.00722	7.33145e-02	0.220	0.00707	2.31832e+04	2.69850e+09	1	0	0
7.00000	3.07751	7.240000	950	0.00722	9.82388e-01	0.220	0.00707	4.04204e+05	2.69850e+09	0	0	0
7.00000	3.07751	7.240000	950	0.00722	1.31636e+01	0.220	0.00707	3.66778e+06	2.69850e+09	0	0	0
7.00000	3.07751	7.240000	950	0.00722	1.76388e+02	0.220	0.00707	1.86725e+07	2.69850e+09	0	0	0
7.00000	3.07751	7.240000	950	0.00722	2.36354e+03	0.220	0.00707	5.18220e+07	2.69850e+09	0	0	0
7.00000	3.07751	7.240000	950	0.01031	7.33145e-02	0.300	0.01442	1.10335e+04	9.00469e+08	0	0	0
7.00000	3.07751	7.240000	950	0.01031	9.82388e-01	0.300	0.01442	1.37910e+05	9.00469e+08	0	0	0
7.00000	3.07751	7.240000	950	0.01031	1.31636e+01	0.300	0.01442	1.41675e+06	9.00469e+08	0	0	0
7.00000	3.07751	7.240000	950	0.01031	1.76388e+02	0.300	0.01442	8.58806e+06	9.00469e+08	0	0	0
7.00000	3.07751	7.240000	950	0.01031	2.36354e+03	0.300	0.01442	3.35023e+07	9.00469e+08	0	0	0
7.00000	3.07751	7.240000	950	0.02597	7.33145e-02	0.550	0.09151	5.00485e+03	7.84859e+07	0	0	0
7.00000	3.07751	7.240000	950	0.02597	9.82388e-01	0.550	0.09151	4.02199e+04	7.84859e+07	0	0	0
7.00000	3.07751	7.240000	950	0.02597	1.31636e+01	0.550	0.09151	3.28339e+05	7.84859e+07	0	0	0
7.00000	3.07751	7.240000	950	0.02597	1.76388e+02	0.550	0.09151	2.06306e+06	7.84859e+07	0	0	0
7.00000	3.07751	7.240000	950	0.02597	2.36354e+03	0.550	0.09151	2.13893e+07	7.84859e+07	0	0	0
7.00000	3.07751	7.240000	950	0.08584	7.33145e-02	1.000	1.00000	2.49473e+03	5.55132e+06	0	0	0
7.00000	3.07751	7.240000	950	0.08584	9.82388e-01	1.000	1.00000	1.28432e+04	5.55132e+06	0	0	0
7.00000	3.07751	7.240000	950	0.08584	1.31636e+01	1.000	1.00000	2.06241e+05	5.55132e+06	0	0	0
7.00000	3.07751	7.240000	950	0.08584	1.76388e+02	1.000	1.00000	1.20635e+06	5.55132e+06	0	0	0
7.00000	3.07751	7.240000	950	0.08584	2.36354e+03	1.000	1.00000	1.74994e+07	5.55132e+06	0	0	0
7.00000	3.07751	7.240000	1225	0.00175	7.33145e-02	0.100	0.00115	0.00000e+00	1.72302e+09	10	1	1
7.00000	3.07751	7.240000	1225	0.00175	9.82388e-01	0.100	0.00115	0.00000e+00	1.72302e+09	10	1	1
7.00000	3.07751	7.240000	1225	0.00175	1.31636e+01	0.100	0.00115	0.00000e+00	1.72302e+09	10	1	1
7.00000	3.07751	7.240000	1225	0.00175	1.76388e+02	0.100	0.00115	0.00000e+00	1.72302e+09	10	1	1
7.00000	3.07751	7.240000	1225	0.00175	2.36354e+03	0.100	0.00115	0.00000e+00	1.72302e+09	10	1	1
7.00000	3.07751	7.240000	1225	0.00434	7.33145e-02	0.220	0.00707	0.00000e+00	5.51342e+11	10	1	1
7.00000	3.07751	7.240000	1225	0.00434	9.82388e-01	0.220	0.00707	0.00000e+00	5.51342e+11	10	1	1
7.00000	3.07751	7.240000	1225	0.00434	1.31636e+01	0.220	0.00707	0.00000e+00	5.51342e+11	10	1	1
7.00000	3.07751	7.240000	1225	0.00434	1.76388e+02	0.220	0.00707	0.00000e+00	5.51342e+11	10	1	1
7.00000	3.07751	7.240000	1225	0.00434	2.36354e+03	0.220	0.00707	0.00000e+00	5.51342e+11	10	1	1
7.00000	3.07751	7.240000	1225	0.00620	7.33145e-02	0.300	0.01442	0.00000e+00	1.01372e+10	10	1	1
7.00000	3.07751	7.240000	1225	0.00620	9.82388e-01	0.300	0.01442	0.00000e+00	1.01372e+10	10	1	1
7.00000	3.07751	7.240000	1225	0.00620	1.31636e+01	0.300	0.01442	0.00000e+00	1.01372e+10	10	1	1
7.00000	3.07751	7.240000	1225	0.00620	1.76388e+02	0.300	0.01442	0.00000e+00	1.01372e+10	10	1	1
7.00000	3.07751	7.240000	1225	0.00620	2.36354e+03	0.300	0.01442	0.00000e+00	1.01372e+10	10	1	1
7.00000	3.07751	7.240000	1225	0.01562	7.33145e-02	0.550	0.09151	7.31807e+03	3.05310e+08	0	0	0
7.00000	3.07751	7.240000	1225	0.01562	9.82388e-01	0.550	0.09151	9.02990e+04	3.05310e+08	0	0	0
7.00000	3.07751	7.240000	1225	0.01562	1.31636e+01	0.550	0.09151	9.16188e+05	3.05310e+08	0	0	0
7.00000	3.07751	7.240000	1225	0.01562	1.76388e+02	0.550	0.09151	5.18274e+06	3.05310e+08	0	0	0
7.00000	3.07751	7.240000	1225	0.01562	2.36354e+03	0.550	0.09151	0.00000e+00	3.05310e+08	10	1	1
7.00000	3.07751	7.240000	1225	0.05162	7.33145e-02	1.000	1.00000	5.14325e+03	1.68500e+07	0	0	0
7.00000	3.07751	7.240000	1225	0.05162	9.82388e-01	1.000	1.00000	1.97125e+04	1.68500e+07	0	0	0
7.00000	3.07751	7.240000	1225	0.05162	1.31636e+01	1.000	1.00000	5.56196e+05	1.68500e+07	0	0	0
7.00000	3.07751	7.240000	1225	0.05162	1.76388e+02	1.000	1.00000	1.40350e+06	1.68500e+07	0	0	0
7.00000	3.07751	7.240000	1225	0.05162	2.36354e+03	1.000	1.00000	2.16463e+07	1.68500e+07	0	0	0
7.00000	3.07751	7.240000	1500	0.00117	7.33145e-02	0.100	0.00115	0.00000e+00	7.01973e+08	10	1	1
7.00000	3.07751	7.240000	1500	0.00117	9.82388e-01	0.100	0.00115	0.00000e+00	7.01973e+08	10	1	1
7.00000	3.07751	7.240000	1500	0.00117	1.31636e+01	0.100	0.00115	0.00000e+00	7.01973e+08	10	1	1
7.00000	3.07751	7.240000	1500	0.00117	1.76388e+02	0.100	0.00115	0.00000e+00	7.01973e+08	10	1	1
7.00000	3.07751	7.240000	1500	0.00117	2.36354e+03	0.100	0.00115	0.00000e+00	7.01973e+08	10	1	1
7.00000	3.07751	7.240000	1500	0.00289	7.33145e-02	0.220	0.00707	0.00000e+00	1.23795e+10	10	1	1
7.00000	3.07751	7.240000	1500	0.00289	9.82388e-01	0.220	0.00707	0.00000e+00	1.23795e+10	10	1	1
7.00000	3.07751	7.240000	1500	0.00289	1.31636e+01	0.220	0.00707	0.00000e+00	1.23795e+10	10	1	1
7.00000	3.07751	7.240000	1500	0.00289	1.76388e+02	0.220	0.00707	0.00000e+00	1.23795e+10	10	1	1
7.00000	3.07751	7.240000	1500	0.00289	2.36354e+03	0.220	0.00707	0.00000e+00	1.23795e+10	10	1	1
7.00000	3.07751	7.240000	1500	0.00414	7.33145e-02	0.300	0.01442	0.00000e+00	1.11961e+11	10	1	1
7.00000	3.07751	7.240000	1500	0.00414	9.82388e-01	0.300	0.01442	0.00000e+00	1.11961e+11	10	1	1
7.00000	3.07751	7.240000	1500	0.00414	1.31636e+01	0.300	0.01442	0.00000e+00	1.11961e+11	10	1	1
7.00000	3.07751	7.240000	1500	0.00414	1.76388e+02	0.300	0.01442	0.00000e+00	1.11961e+11	10	1	1
7.00000	3.07751	7.240000	1500	0.00414	2.36354e+03	0.300	0.01442	0.00000e+00	1.11961e+11	10	1	1
7.00000	3.07751	7.240000	1500	0.01041	7.33145e-02	0.550	0.09151	2.21278e+04	1.23233e+09	0	0	0
7.00000	3.07751	7.240000	1500	0.01041	9.82388e-01	0.550	0.09151	2.74075e+05	1.23233e+09	0	0	0
7.00000	3.07751	7.240000	1500	0.01041	1.31636e+01	0.550	0.09151	2.65545e+06	1.23233e+09	0	0	0
7.00000	3.07751	7.240000	1500	0.01041	1.76388e+02	0.550	0.09151	1.45190e+07	1.23233e+09	0	0	0
7.00000	3.07751	7.240000	1500	0.01041	2.36354e+03	0.550	0.09151	4.52336e+07	1.23233e+09	0	0	0
7.00000	3.07751	7.240000	1500	0.03443	7.33145e-02	1.000	1.00000	0.00000e+00	4.30756e+07	10	1	1
7.00000	3.07751	7.240000	1500	0.03443	9.82388e-01	1.000	1.00000	3.49571e+04	4.30756e+07	0	0	0
7.00000	3.07751	7.240000	1500	0.03443	1.31636e+01	1.000	1.00000	2.78761e+05	4.30756e+07	0	0	0
7.00000	3.07751	7.240000	1500	0.03443	1.76388e+02	1.000	1.00000	1.88065e+06	4.30756e+07	0	0	0
7.00000	3.07751	7.240000	1500	0.03443	2.36354e+03	1.000	1.00000	3.06697e+07	4.30756e+07	0	0	0
7.00000	2.21312	14.000000	400	0.01644	7.33145e-02	0.100	0.00115	1.02359e+02	8.39192e+06	0	0	0
7.00000	2.21312	14.000000	400	0.01644	9.82388e-01	0.100	0.00115	1.17498e+03	8.39192e+06	0	0	0
7.00000	2.21312	14.000000	400	0.01644	1.31636e+01	0.100	0.00115	1.25024e+04	8.39192e+06	0	0	0
7.00000	2.21312	14.000000	400	0.01644	1.76388e+02	0.100	0.00115	1.74975e+05	8.39192e+06	0	0	0
7.00000	2.21312	14.000000	400	0.01644	2.36354e+03	0.100	0.00115	3.17923e+06	8.39192e+06	0	0	0
7.00000	2.21312	14.000000	400	0.04070	7.33145e-02	0.220	0.00707	4.00572e+01	5.96012e+06	0	0	0
7.00000	2.21312	14.000000	400	0.04070	9.82388e-01	0.220	0.00707	4.85328e+02	5.96012e+06	0	0	0
7.00000	2.21312	14.000000	400	0.04070	1.31636e+01	0.220	0.00707	6.27538e+03	5.96012e+06	0	0	0
7.00000	2.21312	14.000000	400	0.04070	1.76388e+02	0.220	0.00707	1.08620e+05	5.96012e+06	0	0	0
7.00000	2.21312	14.000000	400	0.04070	2.36354e+03	0.220	0.00707	2.45087e+06	5.96012e+06	0	0	0
7.00000	2.21312	14.000000	400	0.05815	7.33145e-02	0.300	0.01442	3.20988e+01	3.11285e+06	0	0	0
7.00000	2.21312	14.000000	400	0.05815	9.82388e-01	0.300	0.01442	4.02489e+02	3.11285e+06	0	0	0
7.00000	2.21312	14.000000	400	0.05815	1.31636e+01	0.300	0.01442	5.48065e+03	3.11285e+06	0	0	0
7.00000	2.21312	14.000000	400	0.05815	1.76388e+02	0.300	0.01442	9.83357e+04	3.11285e+06	0	0	0
7.00000	2.21312	14.000000	400	0.05815	2.36354e+03	0.300	0.01442	2.34613e+06	3.11285e+06	0	0	0
7.00000	2.21312	14.000000	400	0.14646	7.33145e-02	0.550	0.09151	2.30156e+01	4.68335e+05	0	0	0
7.00000	2.21312	14.000000	400	0.14646	9.82388e-01	0.550	0.09151	3.10856e+02	4.68335e+05	0	0	0
7.00000	2.21312	14.000000	400	0.14646	1.31636e+01	0.550	0.09151	4.49898e+03	4.68335e+05	0	0	0
7.00000	2.21312	14.000000	400	0.14646	1.76388e+02	0.550	0.09151	0.00000e+00	4.68335e+05	10	1	1
7.00000	2.21312	14.000000	400	0.14646	2.36354e+03	0.550	0.09151	0.00000e+00	4.68335e+05	10	1	1
7.00000	2.21312	14.000000	400	0.48417	7.33145e-02	1.000	1.00000	1.91182e+01	4.17202e+04	0	0	0
7.00000	2.21312	14.000000	400	0.48417	9.82388e-01	1.000	1.00000	2.76803e+02	4.17202e+04	0	0	0
7.00000	2.21312	14.000000	400	0.48417	1.31636e+01	1.000	1.00000	4.35459e+03	4.17202e+04	1	0	0
7.00000	2.21312	14.000000	400	0.48417	1.76388e+02	1.000	1.00000	0.00000e+00	4.17202e+04	10	1	1
7.00000	2.21312	14.000000	400	0.48417	2.36354e+03	1.000	1.00000	2.22136e+06	4.17202e+04	0	0	0
7.00000	2.21312	14.000000	675	0.00577	7.33145e-02	0.100	0.00115	0.00000e+00	1.23563e+08	10	1	1
7.00000	2.21312	14.000000	675	0.00577	9.82388e-01	0.100	0.00115	0.00000e+00	1.23563e+08	10	1	1
7.00000	2.21312	14.000000	675	0.00577	1.31636e+01	0.100	0.00115	0.00000e+00	1.23563e+08	10	1	1
7.00000	2.21312	14.000000	675	0.00577	1.76388e+02	0.100	0.00115	0.00000e+00	1.23563e+08	10	1	1
7.00000	2.21312	14.000000	675	0.00577	2.36354e+03	0.100	0.00115	0.00000e+00	1.23563e+08	10	1	1
7.00000	2.21312	14.000000	675	0.01429	7.33145e-02	0.220	0.00707	2.90904e+02	6.21812e+07	0	0	0
7.00000	2.21312	14.000000	675	0.01429	9.82388e-01	0.220	0.00707	3.19397e+03	6.21812e+07	0	0	0
7.00000	2.21312	14.000000	675	0.01429	1.31636e+01	0.220	0.00707	2.92328e+04	6.21812e+07	0	0	0
7.00000	2.21312	14.000000	675	0.01429	1.76388e+02	0.220	0.00707	3.07344e+05	6.21812e+07	0	0	0
7.00000	2.21312	14.000000	675	0.01429	2.36354e+03	0.220	0.00707	4.42701e+06	6.21812e+07	0	0	0
7.00000	2.21312	14.000000	675	0.02042	7.33145e-02	0.300	0.01442	1.41847e+02	3.04029e+07	0	0	0
7.00000	2.21312	14.000000	675	0.02042	9.82388e-01	0.300	0.01442	1.59835e+03	3.04029e+07	0	0	0
7.00000	2.21312	14.000000	675	0.02042	1.31636e+01	0.300	0.01442	1.62431e+04	3.04029e+07	0	0	0
7.00000	2.21312	14.000000	675	0.02042	1.76388e+02	0.300	0.01442	2.08374e+05	3.04029e+07	0	0	0
7.00000	2.21312	14.000000	675	0.02042	2.36354e+03	0.300	0.01442	3.52575e+06	3.04029e+07	0	0	0
7.00000	2.21312	14.000000	675	0.05143	7.33145e-02	0.550	0.09151	4.31175e+01	4.12581e+06	0	0	0
7.00000	2.21312	14.000000	675	0.05143	9.82388e-01	0.550	0.09151	5.17924e+02	4.12581e+06	0	0	0
7.00000	2.21312	14.000000	675	0.05143	1.31636e+01	0.550	0.09151	6.57908e+03	4.12581e+06	0	0	0
7.00000	2.21312	14.000000	675	0.05143	1.76388e+02	0.550	0.09151	1.12415e+05	4.12581e+06	0	0	0
7.00000	2.21312	14.000000	675	0.05143	2.36354e+03	0.550	0.09151	2.49168e+06	4.12581e+06	0	0	0
7.00000	2.21312	14.000000	675	0.17002	7.33145e-02	1.000	1.00000	2.33216e+01	3.48294e+05	0	0	0
7.00000	2.21312	14.000000	675	0.17002	9.82388e-01	1.000	1.00000	3.13891e+02	3.48294e+05	0	0	0
7.00000	2.21312	14.000000	675	0.17002	1.31636e+01	1.000	1.00000	4.53609e+03	3.48294e+05	0	0	0
7.00000	2.21312	14.000000	675	0.17002	1.76388e+02	1.000	1.00000	0.00000e+00	3.48294e+05	10	1	1
7.00000	2.21312	14.000000	675	0.17002	2.36354e+03	1.000	1.00000	0.00000e+00	3.48294e+05	10	1	1
7.00000	2.21312	14.000000	950	0.00291	7.33145e-02	0.100	0.00115	0.00000e+00	3.29625e+09	10	1	1
7.00000	2.21312	14.000000	950	0.00291	9.82388e-01	0.100	0.00115	0.00000e+00	3.29625e+09	10	1	1
7.00000	2.21312	14.000000	950	0.00291	1.31636e+01	0.100	0.00115	0.00000e+00	3.29625e+09	10	1	1
7.00000	2.21312	14.000000	950	0.00291	1.76388e+02	0.100	0.00115	0.00000e+00	3.29625e+09	10	1	1
7.00000	2.21312	14.000000	950	0.00291	2.36354e+03	0.100	0.00115	0.00000e+00	3.29625e+09	10	1	1
7.00000	2.21312	14.000000	950	0.00722	7.33145e-02	0.220	0.00707	0.00000e+00	4.05558e+08	10	1	1
7.00000	2.21312	14.000000	950	0.00722	9.82388e-01	0.220	0.00707	0.00000e+00	4.05558e+08	10	1	1
7.00000	2.21312	14.000000	950	0.00722	1.31636e+01	0.220	0.00707	0.00000e+00	4.05558e+08	10	1	1
7.00000	2.21312	14.000000	950	0.00722	1.76388e+02	0.220	0.00707	0.00000e+00	4.05558e+08	10	1	1
7.00000	2.21312	14.000000	950	0.00722	2.36354e+03	0.220	0.00707	0.00000e+00	4.05558e+08	10	1	1
7.00000	2.21312	14.000000	950	0.01031	7.33145e-02	0.300	0.01442	1.38447e+03	1.69014e+08	0	0	0
7.00000	2.21312	14.000000	950	0.01031	9.82388e-01	0.300	0.01442	1.64454e+04	1.69014e+08	0	0	0
7.00000	2.21312	14.000000	950	0.01031	1.31636e+01	0.300	0.01442	1.47360e+05	1.69014e+08	0	0	0
7.00000	2.21312	14.000000	950	0.01031	1.76388e+02	0.300	0.01442	8.87309e+05	1.69014e+08	0	0	0
7.00000	2.21312	14.000000	950	0.01031	2.36354e+03	0.300	0.01442	7.62521e+06	1.69014e+08	0	0	0
7.00000	2.21312	14.000000	950	0.02597	7.33145e-02	0.550	0.09151	1.29207e+02	1.85873e+07	0	0	0
7.00000	2.21312	14.000000	950	0.02597	9.82388e-01	0.550	0.09151	1.46390e+03	1.85873e+07	0	0	0
7.00000	2.21312	14.000000	950	0.02597	1.31636e+01	0.550	0.09151	1.50715e+04	1.85873e+07	0	0	0
7.00000	2.21312	14.000000	950	0.02597	1.76388e+02	0.550	0.09151	1.98257e+05	1.85873e+07	0	0	0
7.00000	2.21312	14.000000	950	0.02597	2.36354e+03	0.550	0.09151	3.42363e+06	1.85873e+07	0	0	0
7.00000	2.21312	14.000000	950	0.08584	7.33145e-02	1.000	1.00000	3.23406e+01	1.43022e+06	0	0	0
7.00000	2.21312	14.000000	950	0.08584	9.82388e-01	1.000	1.00000	4.04982e+02	1.43022e+06	0	0	0
7.00000	2.21312	14.000000	950	0.08584	1.31636e+01	1.000	1.00000	5.50548e+03	1.43022e+06	0	0	0
7.00000	2.21312	14.000000	950	0.08584	1.76388e+02	1.000	1.00000	9.86674e+04	1.43022e+06	0	0	0
7.00000	2.21312	14.000000	950	0.08584	2.36354e+03	1.000	1.00000	2.34950e+06	1.43022e+06	0	0	0
7.00000	2.21312	14.000000	1225	0.00175	7.33145e-02	0.100	0.00115	0.00000e+00	3.78611e+09	10	1	1
7.00000	2.21312	14.000000	1225	0.00175	9.82388e-01	0.100	0.00115	0.00000e+00	3.78611e+09	10	1	1
7.00000	2.21312	14.000000	1225	0.00175	1.31636e+01	0.100	0.00115	0.00000e+00	3.78611e+09	10	1	1
7.00000	2.21312	14.000000	1225	0.00175	1.76388e+02	0.100	0.00115	0.00000e+00	3.78611e+09	10	1	1
7.00000	2.21312	14.000000	1225	0.00175	2.36354e+03	0.100	0.00115	0.00000e+00	3.78611e+09	10	1	1
7.00000	2.21312	14.000000	1225	0.00434	7.33145e-02	0.220	0.00707	0.00000e+00	3.52222e+09	10	1	1
7.00000	2.21312	14.000000	1225	0.00434	9.82388e-01	0.220	0.00707	0.00000e+00	3.52222e+09	10	1	1
7.00000	2.21312	14.000000	1225	0.00434	1.31636e+01	0.220	0.00707	0.00000e+00	3.52222e+09	10	1	1
7.00000	2.21312	14.000000	1225	0.00434	1.76388e+02	0.220	0.00707	0.00000e+00	3.52222e+09	10	1	1
7.00000	2.21312	14.000000	1225	0.00434	2.36354e+03	0.220	0.00707	0.00000e+00	3.52222e+09	10	1	1
7.00000	2.21312	14.000000	1225	0.00620	7.33145e-02	0.300	0.01442	0.00000e+00	9.04803e+08	10	1	1
7.00000	2.21312	14.000000	1225	0.00620	9.82388e-01	0.300	0.01442	0.00000e+00	9.04803e+08	10	1	1
7.00000	2.21312	14.000000	1225	0.00620	1.31636e+01	0.300	0.01442	0.00000e+00	9.04803e+08	10	1	1
7.00000	2.21312	14.000000	1225	0.00620	1.76388e+02	0.300	0.01442	0.00000e+00	9.04803e+08	10	1	1
7.00000	2.21312	14.000000	1225	0.00620	2.36354e+03	0.300	0.01442	0.00000e+00	9.04803e+08	10	1	1
7.00000	2.21312	14.000000	1225	0.01562	7.33145e-02	0.550	0.09151	6.17372e+02	6.36346e+07	0	0	0
7.00000	2.21312	14.000000	1225	0.01562	9.82388e-01	0.550	0.09151	6.92912e+03	6.36346e+07	0	0	0
7.00000	2.21312	14.000000	1225	0.01562	1.31636e+01	0.550	0.09151	5.89640e+04	6.36346e+07	0	0	0
7.00000	2.21312	14.000000	1225	0.01562	1.76388e+02	0.550	0.09151	4.80499e+05	6.36346e+07	0	0	0
7.00000	2.21312	14.000000	1225	0.01562	2.36354e+03	0.550	0.09151	5.66240e+06	6.36346e+07	0	0	0
7.00000	2.21312	14.000000	1225	0.05162	7.33145e-02	1.000	1.00000	5.46238e+01	4.21600e+06	0	0	0
7.00000	2.21312	14.000000	1225	0.05162	9.82388e-01	1.000	1.00000	6.43632e+02	4.21600e+06	0	0	0
7.00000	2.21312	14.000000	1225	0.05162	1.31636e+01	1.000	1.00000	7.72593e+03	4.21600e+06	0	0	0
7.00000	2.21312	14.000000	1225	0.05162	1.76388e+02	1.000	1.00000	1.26060e+05	4.21600e+06	0	0	0
7.00000	2.21312	14.000000	1225	0.05162	2.36354e+03	1.000	1.00000	2.64188e+06	4.21600e+06	0	0	0
7.00000	2.21312	14.000000	1500	0.00117	7.33145e-02	0.100	0.00115	0.00000e+00	7.24449e+08	10	1	1
7.00000	2.21312	14.000000	1500	0.00117	9.82388e-01	0.100	0.00115	0.00000e+00	7.24449e+08	10	1	1
7.00000	2.21312	14.000000	1500	0.00117	1.31636e+01	0.100	0.00115	0.00000e+00	7.24449e+08	10	1	1
7.00000	2.21312	14.000000	1500	0.00117	1.76388e+02	0.100	0.00115	0.00000e+00	7.24449e+08	10	1	1
7.00000	2.21312	14.000000	1500	0.00117	2.36354e+03	0.100	0.00115	0.00000e+00	7.24449e+08	10	1	1
7.00000	2.21312	14.000000	1500	0.00289	7.33145e-02	0.220	0.00707	0.00000e+00	8.64622e+11	10	1	1
7.00000	2.21312	14.000000	1500	0.00289	9.82388e-01	0.220	0.00707	0.00000e+00	8.64622e+11	10	1	1
7.00000	2.21312	14.000000	1500	0.00289	1.31636e+01	0.220	0.00707	0.00000e+00	8.64622e+11	10	1	1
7.00000	2.21312	14.000000	1500	0.00289	1.76388e+02	0.220	0.00707	0.00000e+00	8.64622e+11	10	1	1
7.00000	2.21312	14.000000	1500	0.00289	2.36354e+03	0.220	0.00707	0.00000e+00	8.64622e+11	10	1	1
7.00000	2.21312	14.000000	1500	0.00414	7.33145e-02	0.300	0.01442	0.00000e+00	9.88709e+09	10	1	1
7.00000	2.21312	14.000000	1500	0.00414	9.82388e-01	0.300	0.01442	0.00000e+00	9.88709e+09	10	1	1
7.00000	2.21312	14.000000	1500	0.00414	1.31636e+01	0.300	0.01442	0.00000e+00	9.88709e+09	10	1	1
7.00000	2.21312	14.000000	1500	0.00414	1.76388e+02	0.300	0.01442	0.00000e+00	9.88709e+09	10	1	1
7.00000	2.21312	14.000000	1500	0.00414	2.36354e+03	0.300	0.01442	0.00000e+00	9.88709e+09	10	1	1
7.00000	2.21312	14.000000	1500	0.01041	7.33145e-02	0.550	0.09151	2.60344e+03	1.98463e+08	0	0	0
7.00000	2.21312	14.000000	1500	0.01041	9.82388e-01	0.550	0.09151	3.22317e+04	1.98463e+08	0	0	0
7.00000	2.21312	14.000000	1500	0.01041	1.31636e+01	0.550	0.09151	3.27328e+05	1.98463e+08	0	0	0
7.00000	2.21312	14.000000	1500	0.01041	1.76388e+02	0.550	0.09151	1.84354e+06	1.98463e+08	0	0	0
7.00000	2.21312	14.000000	1500	0.01041	2.36354e+03	0.550	0.09151	1.04660e+07	1.98463e+08	0	0	0
7.00000	2.21312	14.000000	1500	0.03443	7.33145e-02	1.000	1.00000	1.07451e+02	1.03277e+07	0	0	0
7.00000	2.21312	14.000000	1500	0.03443	9.82388e-01	1.000	1.00000	1.23031e+03	1.03277e+07	0	0	0
7.00000	2.21312	14.000000	1500	0.03443	1.31636e+01	1.000	1.00000	1.30009e+04	1.03277e+07	0	0	0
7.00000	2.21312	14.000000	1500	0.03443	1.76388e+02	1.000	1.00000	1.79664e+05	1.03277e+07	0	0	0
7.00000	2.21312	14.000000	1500	0.03443	2.36354e+03	1.000	1.00000	3.23033e+06	1.03277e+07	0	0	0
7.00000	1.51185	30.000000	400	0.01644	7.33145e-02	0.100	0.00115	8.90603e-03	1.68854e+06	0	0	0
7.00000	1.51185	30.000000	400	0.01644	9.82388e-01	0.100	0.00115	5.44995e-01	1.68854e+06	0	0	0
7.00000	1.51185	30.000000	400	0.01644	1.31636e+01	0.100	0.00115	2.80471e+01	1.68854e+06	0	0	0
7.00000	1.51185	30.000000	400	0.01644	1.76388e+02	0.100	0.00115	1.01479e+03	1.68854e+06	0	0	0
7.00000	1.51185	30.000000	400	0.01644	2.36354e+03	0.100	0.00115	4.41365e+04	1.68854e+06	0	0	0
7.00000	1.51185	30.000000	400	0.04070	7.33145e-02	0.220	0.00707	0.00000e+00	1.24940e+06	10	1	1
7.00000	1.51185	30.000000	400	0.04070	9.82388e-01	0.220	0.00707	0.00000e+00	1.24940e+06	10	1	1
7.00000	1.51185	30.000000	400	0.04070	1.31636e+01	0.220	0.00707	8.28751e+00	1.24940e+06	0	0	0
7.00000	1.51185	30.000000	400	0.04070	1.76388e+02	0.220	0.00707	4.09532e+02	1.24940e+06	0	0	0
7.00000	1.51185	30.000000	400	0.04070	2.36354e+03	0.220	0.00707	2.16064e+04	1.24940e+06	0	0	0
7.00000	1.51185	30.000000	400	0.05815	7.33145e-02	0.300	0.01442	0.00000e+00	6.58536e+05	10	1	1
7.00000	1.51185	30.000000	400	0.05815	9.82388e-01	0.300	0.01442	0.00000e+00	6.58536e+05	10	1	1
7.00000	1.51185	30.000000	400	0.05815	1.31636e+01	0.300	0.01442	6.22368e+00	6.58536e+05	0	0	0
7.00000	1.51185	30.000000	400	0.05815	1.76388e+02	0.300	0.01442	3.37613e+02	6.58536e+05	0	0	0
7.00000	1.51185	30.000000	400	0.05815	2.36354e+03	0.300	0.01442	0.00000e+00	6.58536e+05	10	1	1
7.00000	1.51185	30.000000	400	0.14646	7.33145e-02	0.550	0.09151	0.00000e+00	1.00618e+05	10	1	1
7.00000	1.51185	30.000000	400	0.14646	9.82388e-01	0.550	0.09151	2.88566e-01	1.00618e+05	0	0	0
7.00000	1.51185	30.000000	400	0.14646	1.31636e+01	0.550	0.09151	2.19864e+00	1.00618e+05	0	0	0
7.00000	1.51185	30.000000	400	0.14646	1.76388e+02	0.550	0.09151	1.01061e+03	1.00618e+05	1	0	0
7.00000	1.51185	30.000000	400	0.14646	2.36354e+03	0.550	0.09151	0.00000e+00	1.00618e+05	10	1	1
7.00000	1.51185	30.000000	400	0.48417	7.33145e-02	1.000	1.00000	0.00000e+00	9.04130e+03	10	1	1
7.00000	1.51185	30.000000	400	0.48417	9.82388e-01	1.000	1.00000	0.00000e+00	9.04130e+03	10	1	1
7.00000	1.51185	30.000000	400	0.48417	1.31636e+01	1.000	1.00000	0.00000e+00	9.04130e+03	10	1	1
7.00000	1.51185	30.000000	400	0.48417	1.76388e+02	1.000	1.00000	0.00000e+00	9.04130e+03	10	1	1
7.00000	1.51185	30.000000	400	0.48417	2.36354e+03	1.000	1.00000	0.00000e+00	9.04130e+03	10	1	1
7.00000	1.51185	30.000000	675	0.00577	7.33145e-02	0.100	0.00115	0.00000e+00	1.94557e+07	10	1	1
7.00000	1.51185	30.000000	675	0.00577	9.82388e-01	0.100	0.00115	0.00000e+00	1.94557e+07	10	1	1
7.00000	1.51185	30.000000	675	0.00577	1.31636e+01	0.100	0.00115	0.00000e+00	1.94557e+07	10	1	1
7.00000	1.51185	30.000000	675	0.00577	1.76388e+02	0.100	0.00115	0.00000e+00	1.94557e+07	10	1	1
7.00000	1.51185	30.000000	675	0.00577	2.36354e+03	0.100	0.00115	0.00000e+00	1.94557e+07	10	1	1
7.00000	1.51185	30.000000	675	0.01429	7.33145e-02	0.220	0.00707	1.01343e-01	1.18938e+07	0	0	0
7.00000	1.51185	30.000000	675	0.01429	9.82388e-01	0.220	0.00707	3.43492e+00	1.18938e+07	0	0	0
7.00000	1.51185	30.000000	675	0.01429	1.31636e+01	0.220	0.00707	1.02305e+02	1.18938e+07	0	0	0
7.00000	1.51185	30.000000	675	0.01429	1.76388e+02	0.220	0.00707	2.85438e+03	1.18938e+07	0	0	0
7.00000	1.51185	30.000000	675	0.01429	2.36354e+03	0.220	0.00707	9.94985e+04	1.18938e+07	0	0	0
7.00000	1.51185	30.000000	675	0.02042	7.33145e-02	0.300	0.01442	1.97899e-02	6.02331e+06	0	0	0
7.00000	1.51185	30.000000	675	0.02042	9.82388e-01	0.300	0.01442	1.01796e+00	6.02331e+06	0	0	0
7.00000	1.51185	30.000000	675	0.02042	1.31636e+01	0.300	0.01442	4.25465e+01	6.02331e+06	0	0	0
7.00000	1.51185	30.000000	675	0.02042	1.76388e+02	0.300	0.01442	1.40744e+03	6.02331e+06	0	0	0
7.00000	1.51185	30.000000	675	0.02042	2.36354e+03	0.300	0.01442	5.71866e+04	6.02331e+06	0	0	0
7.00000	1.51185	30.000000	675	0.05143	7.33145e-02	0.550	0.09151	0.00000e+00	8.62193e+05	10	1	1
7.00000	1.51185	30.000000	675	0.05143	9.82388e-01	0.550	0.09151	3.04272e+00	8.62193e+05	1	0	0
7.00000	1.51185	30.000000	675	0.05143	1.31636e+01	0.550	0.09151	9.08985e+00	8.62193e+05	0	0	0
7.00000	1.51185	30.000000	675	0.05143	1.76388e+02	0.550	0.09151	4.37313e+02	8.62193e+05	0	0	0
7.00000	1.51185	30.000000	675	0.05143	2.36354e+03	0.550	0.09151	0.00000e+00	8.62193e+05	10	1	1
7.00000	1.51185	30.000000	675	0.17002	7.33145e-02	1.000	1.00000	0.00000e+00	7.47738e+04	10	1	1
7.00000	1.51185	30.000000	675	0.17002	9.82388e-01	1.000	1.00000	0.00000e+00	7.47738e+04	10	1	1
7.00000	1.51185	30.000000	675	0.17002	1.31636e+01	1.000	1.00000	3.14025e+01	7.47738e+04	1	0	0
7.00000	1.51185	30.000000	675	0.17002	1.76388e+02	1.000	1.00000	0.00000e+00	7.47738e+04	10	1	1
7.00000	1.51185	30.000000	675	0.17002	2.36354e+03	1.000	1.00000	0.00000e+00	7.47738e+04	10	1	1
7.00000	1.51185	30.000000	950	0.00291	7.33145e-02	0.100	0.00115	0.00000e+00	1.69110e+08	10	1	1
7.00000	1.51185	30.000000	950	0.00291	9.82388e-01	0.100	0.00115	0.00000e+00	1.69110e+08	10	1	1
7.00000	1.51185	30.000000	950	0.00291	1.31636e+01	0.100	0.00115	0.00000e+00	1.69110e+08	10	1	1
7.00000	1.51185	30.000000	950	0.00291	1.76388e+02	0.100	0.00115	0.00000e+00	1.69110e+08	10	1	1
7.00000	1.51185	30.000000	950	0.00291	2.36354e+03	0.100	0.00115	0.00000e+00	1.69110e+08	10	1	1
7.00000	1.51185	30.000000	950	0.00722	7.33145e-02	0.220	0.00707	0.00000e+00	6.24873e+07	10	1	1
7.00000	1.51185	30.000000	950	0.00722	9.82388e-01	0.220	0.00707	0.00000e+00	6.24873e+07	10	1	1
7.00000	1.51185	30.000000	950	0.00722	1.31636e+01	0.220	0.00707	0.00000e+00	6.24873e+07	10	1	1
7.00000	1.51185	30.000000	950	0.00722	1.76388e+02	0.220	0.00707	0.00000e+00	6.24873e+07	10	1	1
7.00000	1.51185	30.000000	950	0.00722	2.36354e+03	0.220	0.00707	0.00000e+00	6.24873e+07	10	1	1
7.00000	1.51185	30.000000	950	0.01031	7.33145e-02	0.300	0.01442	4.13770e+00	2.91432e+07	0	0	0
7.00000	1.51185	30.000000	950	0.01031	9.82388e-01	0.300	0.01442	5.15412e+01	2.91432e+07	0	0	0
7.00000	1.51185	30.000000	950	0.01031	1.31636e+01	0.300	0.01442	7.30333e+02	2.91432e+07	0	0	0
7.00000	1.51185	30.000000	950	0.01031	1.76388e+02	0.300	0.01442	1.42820e+04	2.91432e+07	0	0	0
7.00000	1.51185	30.000000	950	0.01031	2.36354e+03	0.300	0.01442	3.37999e+05	2.91432e+07	0	0	0
7.00000	1.51185	30.000000	950	0.02597	7.33145e-02	0.550	0.09151	1.58599e-02	3.69822e+06	0	0	0
7.00000	1.51185	30.000000	950	0.02597	9.82388e-01	0.550	0.09151	2.38646e+00	3.69822e+06	1	0	0
7.00000	1.51185	30.000000	950	0.02597	1.31636e+01	0.550	0.09151	0.00000e+00	3.69822e+06	10	1	1
7.00000	1.51185	30.000000	950	0.02597	1.76388e+02	0.550	0.09151	1.28240e+03	3.69822e+06	0	0	0
7.00000	1.51185	30.000000	950	0.02597	2.36354e+03	0.550	0.09151	0.00000e+00	3.69822e+06	10	1	1
7.00000	1.51185	30.000000	950	0.08584	7.33145e-02	1.000	1.00000	0.00000e+00	3.02456e+05	10	1	1
7.00000	1.51185	30.000000	950	0.08584	9.82388e-01	1.000	1.00000	0.00000e+00	3.02456e+05	10	1	1
7.00000	1.51185	30.000000	950	0.08584	1.31636e+01	1.000	1.00000	3.74626e+01	3.02456e+05	1	0	0
7.00000	1.51185	30.000000	950	0.08584	1.76388e+02	1.000	1.00000	6.48078e+02	3.02456e+05	1	0	0
7.00000	1.51185	30.000000	950	0.08584	2.36354e+03	1.000	1.00000	0.00000e+00	3.02456e+05	10	1	1
7.00000	1.51185	30.000000	1225	0.00175	7.33145e-02	0.100	0.00115	0.00000e+00	7.55373e+09	10	1	1
7.00000	1.51185	30.000000	1225	0.00175	9.82388e-01	0.100	0.00115	0.00000e+00	7.55373e+09	10	1	1
7.00000	1.51185	30.000000	1225	0.00175	1.31636e+01	0.100	0.00115	0.00000e+00	7.55373e+09	10	1	1
7.00000	1.51185	30.000000	1225	0.00175	1.76388e+02	0.100	0.00115	0.00000e+00	7.55373e+09	10	1	1
7.00000	1.51185	30.000000	1225	0.00175	2.36354e+03	0.100	0.00115	0.00000e+00	7.55373e+09	10	1	1
7.00000	1.51185	30.000000	1225	0.00434	7.33145e-02	0.220	0.00707	0.00000e+00	2.91619e+08	10	1	1
7.00000	1.51185	30.000000	1225	0.00434	9.82388e-01	0.220	0.00707	0.00000e+00	2.91619e+08	10	1	1
7.00000	1.51185	30.000000	1225	0.00434	1.31636e+01	0.220	0.00707	0.00000e+00	2.91619e+08	10	1	1
7.00000	1.51185	30.000000	1225	0.00434	1.76388e+02	0.220	0.00707	0.00000e+00	2.91619e+08	10	1	1
7.00000	1.51185	30.000000	1225	0.00434	2.36354e+03	0.220	0.00707	0.00000e+00	2.91619e+08	10	1	1
7.00000	1.51185	30.000000	1225	0.00620	7.33145e-02	0.300	0.01442	0.00000e+00	1.14014e+08	10	1	1
7.00000	1.51185	30.000000	1225	0.00620	9.82388e-01	0.300	0.01442	0.00000e+00	1.14014e+08	10	1	1
7.00000	1.51185	30.000000	1225	0.00620	1.31636e+01	0.300	0.01442	0.00000e+00	1.14014e+08	10	1	1
7.00000	1.51185	30.000000	1225	0.00620	1.76388e+02	0.300	0.01442	0.00000e+00	1.14014e+08	10	1	1
7.00000	1.51185	30.000000	1225	0.00620	2.36354e+03	0.300	0.01442	0.00000e+00	1.14014e+08	10	1	1
7.00000	1.51185	30.000000	1225	0.01562	7.33145e-02	0.550	0.09151	6.14831e-01	1.16590e+07	0	0	0
7.00000	1.51185	30.000000	1225	0.01562	9.82388e-01	0.550	0.09151	1.15790e+01	1.16590e+07	0	0	0
7.00000	1.51185	30.000000	1225	0.01562	1.31636e+01	0.550	0.09151	2.51283e+02	1.16590e+07	0	0	0
7.00000	1.51185	30.000000	1225	0.01562	1.76388e+02	0.550	0.09151	6.03625e+03	1.16590e+07	0	0	0
7.00000	1.51185	30.000000	1225	0.01562	2.36354e+03	0.550	0.09151	1.76631e+05	1.16590e+07	0	0	0
7.00000	1.51185	30.000000	1225	0.05162	7.33145e-02	1.000	1.00000	0.00000e+00	8.72256e+05	10	1	1
7.00000	1.51185	30.000000	1225	0.05162	9.82388e-01	1.000	1.00000	2.71487e+00	8.72256e+05	1	0	0
7.00000	1.51185	30.000000	1225	0.05162	1.31636e+01	1.000	1.00000	4.65405e+01	8.72256e+05	1	0	0
7.00000	1.51185	30.000000	1225	0.05162	1.76388e+02	1.000	1.00000	9.21087e+02	8.72256e+05	1	0	0
7.00000	1.51185	30.000000	1225	0.05162	2.36354e+03	1.000	1.00000	0.00000e+00	8.72256e+05	10	1	1
7.00000	1.51185	30.000000	1500	0.00117	7.33145e-02	0.100	0.00115	0.00000e+00	1.50740e+09	10	1	1
7.00000	1.51185	30.000000	1500	0.00117	9.82388e-01	0.100	0.00115	0.00000e+00	1.50740e+09	10	1	1
7.00000	1.51185	30.000000	1500	0.00117	1.31636e+01	0.100	0.00115	0.00000e+00	1.50740e+09	10	1	1
7.00000	1.51185	30.000000	1500	0.00117	1.76388e+02	0.100	0.00115	0.00000e+00	1.50740e+09	10	1	1
7.00000	1.51185	30.000000	1500	0.00117	2.36354e+03	0.100	0.00115	0.00000e+00	1.50740e+09	10	1	1
7.00000	1.51185	30.000000	1500	0.00289	7.33145e-02	0.220	0.00707	0.00000e+00	1.91094e+09	10	1	1
7.00000	1.51185	30.000000	1500	0.00289	9.82388e-01	0.220	0.00707	0.00000e+00	1.91094e+09	10	1	1
7.00000	1.51185	30.000000	1500	0.00289	1.31636e+01	0.220	0.00707	0.00000e+00	1.91094e+09	10	1	1
7.00000	1.51185	30.000000	1500	0.00289	1.76388e+02	0.220	0.00707	0.00000e+00	1.91094e+09	10	1	1
7.00000	1.51185	30.000000	1500	0.00289	2.36354e+03	0.220	0.00707	0.00000e+00	1.91094e+09	10	1	1
7.00000	1.51185	30.000000	1500	0.00414	7.33145e-02	0.300	0.01442	0.00000e+00	4.66136e+08	10	1	1
7.00000	1.51185	30.000000	1500	0.00414	9.82388e-01	0.300	0.01442	0.00000e+00	4.66136e+08	10	1	1
7.00000	1.51185	30.000000	1500	0.00414	1.31636e+01	0.300	0.01442	0.00000e+00	4.66136e+08	10	1	1
7.00000	1.51185	30.000000	1500	0.00414	1.76388e+02	0.300	0.01442	0.00000e+00	4.66136e+08	10	1	1
7.00000	1.51185	30.000000	1500	0.00414	2.36354e+03	0.300	0.01442	0.00000e+00	4.66136e+08	10	1	1
7.00000	1.51185	30.000000	1500	0.01041	7.33145e-02	0.550	0.09151	0.00000e+00	3.16016e+07	10	1	1
7.00000	1.51185	30.000000	1500	0.01041	9.82388e-01	0.550	0.09151	0.00000e+00	3.16016e+07	10	1	1
7.00000	1.51185	30.000000	1500	0.01041	1.31636e+01	0.550	0.09151	0.00000e+00	3.16016e+07	10	1	1
7.00000	1.51185	30.000000	1500	0.01041	1.76388e+02	0.550	0.09151	0.00000e+00	3.16016e+07	10	1	1
7.00000	1.51185	30.000000	1500	0.01041	2.36354e+03	0.550	0.09151	0.00000e+00	3.16016e+07	10	1	1
7.00000	1.51185	30.000000	1500	0.03443	7.33145e-02	1.000	1.00000	1.30406e+00	2.07245e+06	1	0	0
7.00000	1.51185	30.000000	1500	0.03443	9.82388e-01	1.000	1.00000	3.62763e+00	2.07245e+06	1	0	0
7.00000	1.51185	30.000000	1500	0.03443	1.31636e+01	1.000	1.00000	2.98652e+01	2.07245e+06	0	0	0
7.00000	1.51185	30.000000	1500	0.03443	1.76388e+02	1.000	1.00000	1.06584e+03	2.07245e+06	0	0	0
7.00000	1.51185	30.000000	1500	0.03443	2.36354e+03	1.000	1.00000	0.00000e+00	2.07245e+06	10	1	1
11.00000	4.57418	5.150000	400	0.01644	7.33145e-02	0.100	0.00115	0.00000e+00	7.72385e+07	10	1	1
11.00000	4.57418	5.150000	400	0.01644	9.82388e-01	0.100	0.00115	0.00000e+00	7.72385e+07	10	1	1
11.00000	4.57418	5.150000	400	0.01644	1.31636e+01	0.100	0.00115	0.00000e+00	7.72385e+07	10	1	1
11.00000	4.57418	5.150000	400	0.01644	1.76388e+02	0.100	0.00115	0.00000e+00	7.72385e+07	10	1	1
11.00000	4.57418	5.150000	400	0.01644	2.36354e+03	0.100	0.00115	3.76414e+07	7.72385e+07	0	0	0
11.00000	4.57418	5.150000	400	0.04070	7.33145e-02	0.220	0.00707	0.00000e+00	4.86570e+07	10	1	1
11.00000	4.57418	5.150000	400	0.04070	9.82388e-01	0.220	0.00707	0.00000e+00	4.86570e+07	10	1	1
11.00000	4.57418	5.150000	400	0.04070	1.31636e+01	0.220	0.00707	3.45554e+06	4.86570e+07	1	0	0
11.00000	4.57418	5.150000	400	0.04070	1.76388e+02	0.220	0.00707	0.00000e+00	4.86570e+07	10	1	1
11.00000	4.57418	5.150000	400	0.04070	2.36354e+03	0.220	0.00707	0.00000e+00	4.86570e+07	10	1	1
11.00000	4.57418	5.150000	400	0.05815	7.33145e-02	0.300	0.01442	0.00000e+00	2.47864e+07	10	1	1
11.00000	4.57418	5.150000	400	0.05815	9.82388e-01	0.300	0.01442	0.00000e+00	2.47864e+07	10	1	1
11.00000	4.57418	5.150000	400	0.05815	1.31636e+01	0.300	0.01442	4.67402e-01	2.47864e+07	1	0	0
11.00000	4.57418	5.150000	400	0.05815	1.76388e+02	0.300	0.01442	0.00000e+00	2.47864e+07	10	1	1
11.00000	4.57418	5.150000	400	0.05815	2.36354e+03	0.300	0.01442	0.00000e+00	2.47864e+07	10	1	1
11.00000	4.57418	5.150000	400	0.14646	7.33145e-02	0.550	0.09151	0.00000e+00	3.58100e+06	10	1	1
11.00000	4.57418	5.150000	400	0.14646	9.82388e-01	0.550	0.09151	0.00000e+00	3.58100e+06	10	1	1
11.00000	4.57418	5.150000	400	0.14646	1.31636e+01	0.550	0.09151	0.00000e+00	3.58100e+06	10	1	1
11.00000	4.57418	5.150000	400	0.14646	1.76388e+02	0.550	0.09151	0.00000e+00	3.58100e+06	10	1	1
11.00000	4.57418	5.150000	400	0.14646	2.36354e+03	0.550	0.09151	0.00000e+00	3.58100e+06	10	1	1
11.00000	4.57418	5.150000	400	0.48417	7.33145e-02	1.000	1.00000	0.00000e+00	3.12075e+05	10	1	1
11.00000	4.57418	5.150000	400	0.48417	9.82388e-01	1.000	1.00000	0.00000e+00	3.12075e+05	10	1	1
11.00000	4.57418	5.150000	400	0.48417	1.31636e+01	1.000	1.00000	0.00000e+00	3.12075e+05	10	1	1
11.00000	4.57418	5.150000	400	0.48417	1.76388e+02	1.000	1.00000	0.00000e+00	3.12075e+05	10	1	1
11.00000	4.57418	5.150000	400	0.48417	2.36354e+03	1.000	1.00000	0.00000e+00	3.12075e+05	10	1	1
11.00000	4.57418	5.150000	675	0.00577	7.33145e-02	0.100	0.00115	3.65607e+04	3.38203e+09	1	0	0
11.00000	4.57418	5.150000	675	0.00577	9.82388e-01	0.100	0.00115	4.60364e+05	3.38203e+09	1	0	0
11.00000	4.57418	5.150000	675	0.00577	1.31636e+01	0.100	0.00115	4.65884e+06	3.38203e+09	1	0	0
11.00000	4.57418	5.150000	675	0.00577	1.76388e+02	0.100	0.00115	2.52244e+07	3.38203e+09	0	0	0
11.00000	4.57418	5.150000	675	0.00577	2.36354e+03	0.100	0.00115	0.00000e+00	3.38203e+09	10	1	1
11.00000	4.57418	5.150000	675	0.01429	7.33145e-02	0.220	0.00707	0.00000e+00	6.76612e+08	10	1	1
11.00000	4.57418	5.150000	675	0.01429	9.82388e-01	0.220	0.00707	0.00000e+00	6.76612e+08	10	1	1
11.00000	4.57418	5.150000	675	0.01429	1.31636e+01	0.220	0.00707	4.65884e+06	6.76612e+08	1	0	0
11.00000	4.57418	5.150000	675	0.01429	1.76388e+02	0.220	0.00707	0.00000e+00	6.76612e+08	10	1	1
11.00000	4.57418	5.150000	675	0.01429	2.36354e+03	0.220	0.00707	0.00000e+00	6.76612e+08	10	1	1
11.00000	4.57418	5.150000	675	0.02042	7.33145e-02	0.300	0.01442	0.00000e+00	2.93849e+08	10	1	1
11.00000	4.57418	5.150000	675	0.02042	9.82388e-01	0.300	0.01442	0.00000e+00	2.93849e+08	10	1	1
11.00000	4.57418	5.150000	675	0.02042	1.31636e+01	0.300	0.01442	0.00000e+00	2.93849e+08	10	1	1
11.00000	4.57418	5.150000	675	0.02042	1.76388e+02	0.300	0.01442	0.00000e+00	2.93849e+08	10	1	1
11.00000	4.57418	5.150000	675	0.02042	2.36354e+03	0.300	0.01442	4.12879e+07	2.93849e+08	0	0	0
11.00000	4.57418	5.150000	675	0.05143	7.33145e-02	0.550	0.09151	0.00000e+00	3.39745e+07	10	1	1
11.00000	4.57418	5.150000	675	0.05143	9.82388e-01	0.550	0.09151	0.00000e+00	3.39745e+07	10	1	1
11.00000	4.57418	5.150000	675	0.05143	1.31636e+01	0.550	0.09151	0.00000e+00	3.39745e+07	10	1	1
11.00000	4.57418	5.150000	675	0.05143	1.76388e+02	0.550	0.09151	0.00000e+00	3.39745e+07	10	1	1
11.00000	4.57418	5.150000	675	0.05143	2.36354e+03	0.550	0.09151	0.00000e+00	3.39745e+07	10	1	1
11.00000	4.57418	5.150000	675	0.17002	7.33145e-02	1.000	1.00000	0.00000e+00	2.66809e+06	10	1	1
11.00000	4.57418	5.150000	675	0.17002	9.82388e-01	1.000	1.00000	0.00000e+00	2.66809e+06	10	1	1
11.00000	4.57418	5.150000	675	0.17002	1.31636e+01	1.000	1.00000	0.00000e+00	2.66809e+06	10	1	1
11.00000	4.57418	5.150000	675	0.17002	1.76388e+02	1.000	1.00000	0.00000e+00	2.66809e+06	10	1	1
11.00000	4.57418	5.150000	675	0.17002	2.36354e+03	1.000	1.00000	0.00000e+00	2.66809e+06	10	1	1
11.00000	4.57418	5.150000	950	0.00291	7.33145e-02	0.100	0.00115	0.00000e+00	5.87001e+09	10	1	1
11.00000	4.57418	5.150000	950	0.00291	9.82388e-01	0.100	0.00115	0.00000e+00	5.87001e+09	10	1	1
11.00000	4.57418	5.150000	950	0.00291	1.31636e+01	0.100	0.00115	0.00000e+00	5.87001e+09	10	1	1
11.00000	4.57418	5.150000	950	0.00291	1.76388e+02	0.100	0.00115	0.00000e+00	5.87001e+09	10	1	1
11.00000	4.57418	5.150000	950	0.00291	2.36354e+03	0.100	0.00115	0.00000e+00	5.87001e+09	10	1	1
11.00000	4.57418	5.150000	950	0.00722	7.33145e-02	0.220	0.00707	3.65607e+04	1.28354e+10	1	0	0
11.00000	4.57418	5.150000	950	0.00722	9.82388e-01	0.220	0.00707	4.60364e+05	1.28354e+10	1	0	0
11.00000	4.57418	5.150000	950	0.00722	1.31636e+01	0.220	0.00707	4.65884e+06	1.28354e+10	1	0	0
11.00000	4.57418	5.150000	950	0.00722	1.76388e+02	0.220	0.00707	2.84312e+07	1.28354e+10	1	0	0
11.00000	4.57418	5.150000	950	0.00722	2.36354e+03	0.220	0.00707	0.00000e+00	1.28354e+10	10	1	1
11.00000	4.57418	5.150000	950	0.01031	7.33145e-02	0.300	0.01442	3.65607e+04	2.80884e+09	1	0	0
11.00000	4.57418	5.150000	950	0.01031	9.82388e-01	0.300	0.01442	4.60364e+05	2.80884e+09	1	0	0
11.00000	4.57418	5.150000	950	0.01031	1.31636e+01	0.300	0.01442	4.65884e+06	2.80884e+09	1	0	0
11.00000	4.57418	5.150000	950	0.01031	1.76388e+02	0.300	0.01442	2.84312e+07	2.80884e+09	1	0	0
11.00000	4.57418	5.150000	950	0.01031	2.36354e+03	0.300	0.01442	8.96115e+07	2.80884e+09	0	0	0
11.00000	4.57418	5.150000	950	0.02597	7.33145e-02	0.550	0.09151	9.79140e+03	1.77208e+08	0	0	0
11.00000	4.57418	5.150000	950	0.02597	9.82388e-01	0.550	0.09151	1.11219e+05	1.77208e+08	0	0	0
11.00000	4.57418	5.150000	950	0.02597	1.31636e+01	0.550	0.09151	8.91820e+05	1.77208e+08	0	0	0
11.00000	4.57418	5.150000	950	0.02597	1.76388e+02	0.550	0.09151	4.81894e+06	1.77208e+08	0	0	0
11.00000	4.57418	5.150000	950	0.02597	2.36354e+03	0.550	0.09151	4.02033e+07	1.77208e+08	0	0	0
11.00000	4.57418	5.150000	950	0.08584	7.33145e-02	1.000	1.00000	0.00000e+00	1.13997e+07	10	1	1
11.00000	4.57418	5.150000	950	0.08584	9.82388e-01	1.000	1.00000	0.00000e+00	1.13997e+07	10	1	1
11.00000	4.57418	5.150000	950	0.08584	1.31636e+01	1.000	1.00000	0.00000e+00	1.13997e+07	10	1	1
11.00000	4.57418	5.150000	950	0.08584	1.76388e+02	1.000	1.00000	0.00000e+00	1.13997e+07	10	1	1
11.00000	4.57418	5.150000	950	0.08584	2.36354e+03	1.000	1.00000	0.00000e+00	1.13997e+07	10	1	1
11.00000	4.57418	5.150000	1225	0.00175	7.33145e-02	0.100	0.00115	0.00000e+00	1.14605e+09	10	1	1
11.00000	4.57418	5.150000	1225	0.00175	9.82388e-01	0.100	0.00115	0.00000e+00	1.14605e+09	10	1	1
11.00000	4.57418	5.150000	1225	0.00175	1.31636e+01	0.100	0.00115	0.00000e+00	1.14605e+09	10	1	1
11.00000	4.57418	5.150000	1225	0.00175	1.76388e+02	0.100	0.00115	0.00000e+00	1.14605e+09	10	1	1
11.00000	4.57418	5.150000	1225	0.00175	2.36354e+03	0.100	0.00115	0.00000e+00	1.14605e+09	10	1	1
11.00000	4.57418	5.150000	1225	0.00434	7.33145e-02	0.220	0.00707	0.00000e+00	4.45908e+10	10	1	1
11.00000	4.57418	5.150000	1225	0.00434	9.82388e-01	0.220	0.00707	0.00000e+00	4.45908e+10	10	1	1
11.00000	4.57418	5.150000	1225	0.00434	1.31636e+01	0.220	0.00707	0.00000e+00	4.45908e+10	10	1	1
11.00000	4.57418	5.150000	1225	0.00434	1.76388e+02	0.220	0.00707	0.00000e+00	4.45908e+10	10	1	1
11.00000	4.57418	5.150000	1225	0.00434	2.36354e+03	0.220	0.00707	0.00000e+00	4.45908e+10	10	1	1
11.00000	4.57418	5.150000	1225	0.00620	7.33145e-02	0.300	0.01442	0.00000e+00	4.37899e+11	10	1	1
11.00000	4.57418	5.150000	1225	0.00620	9.82388e-01	0.300	0.01442	0.00000e+00	4.37899e+11	10	1	1
11.00000	4.57418	5.150000	1225	0.00620	1.31636e+01	0.300	0.01442	0.00000e+00	4.37899e+11	10	1	1
11.00000	4.57418	5.150000	1225	0.00620	1.76388e+02	0.300	0.01442	0.00000e+00	4.37899e+11	10	1	1
11.00000	4.57418	5.150000	1225	0.00620	2.36354e+03	0.300	0.01442	0.00000e+00	4.37899e+11	10	1	1
11.00000	4.57418	5.150000	1225	0.01562	7.33145e-02	0.550	0.09151	0.00000e+00	8.13431e+08	10	1	1
11.00000	4.57418	5.150000	1225	0.01562	9.82388e-01	0.550	0.09151	4.60364e+05	8.13431e+08	1	0	0
11.00000	4.57418	5.150000	1225	0.01562	1.31636e+01	0.550	0.09151	4.65884e+06	8.13431e+08	1	0	0
11.00000	4.57418	5.150000	1225	0.01562	1.76388e+02	0.550	0.09151	2.84312e+07	8.13431e+08	1	0	0
11.00000	4.57418	5.150000	1225	0.01562	2.36354e+03	0.550	0.09151	6.42621e+07	8.13431e+08	0	0	0
11.00000	4.57418	5.150000	1225	0.05162	7.33145e-02	1.000	1.00000	0.00000e+00	3.57151e+07	10	1	1
11.00000	4.57418	5.150000	1225	0.05162	9.82388e-01	1.000	1.00000	0.00000e+00	3.57151e+07	10	1	1
11.00000	4.57418	5.150000	1225	0.05162	1.31636e+01	1.000	1.00000	0.00000e+00	3.57151e+07	10	1	1
11.00000	4.57418	5.150000	1225	0.05162	1.76388e+02	1.000	1.00000	0.00000e+00	3.57151e+07	10	1	1
11.00000	4.57418	5.150000	1225	0.05162	2.36354e+03	1.000	1.00000	0.00000e+00	3.57151e+07	10	1	1
11.00000	4.57418	5.150000	1500	0.00117	7.33145e-02	0.100	0.00115	0.00000e+00	5.76432e+08	10	1	1
11.00000	4.57418	5.150000	1500	0.00117	9.82388e-01	0.100	0.00115	0.00000e+00	5.76432e+08	10	1	1
11.00000	4.57418	5.150000	1500	0.00117	1.31636e+01	0.100	0.00115	0.00000e+00	5.76432e+08	10	1	1
11.00000	4.57418	5.150000	1500	0.00117	1.76388e+02	0.100	0.00115	0.00000e+00	5.76432e+08	10	1	1
11.00000	4.57418	5.150000	1500	0.00117	2.36354e+03	0.100	0.00115	0.00000e+00	5.76432e+08	10	1	1
11.00000	4.57418	5.150000	1500	0.00289	7.33145e-02	0.220	0.00707	0.00000e+00	5.90922e+09	10	1	1
11.00000	4.57418	5.150000	1500	0.00289	9.82388e-01	0.220	0.00707	0.00000e+00	5.90922e+09	10	1	1
11.00000	4.57418	5.150000	1500	0.00289	1.31636e+01	0.220	0.00707	0.00000e+00	5.90922e+09	10	1	1
11.00000	4.57418	5.150000	1500	0.00289	1.76388e+02	0.220	0.00707	0.00000e+00	5.90922e+09	10	1	1
11.00000	4.57418	5.150000	1500	0.00289	2.36354e+03	0.220	0.00707	0.00000e+00	5.90922e+09	10	1	1
11.00000	4.57418	5.150000	1500	0.00414	7.33145e-02	0.300	0.01442	0.00000e+00	1.38647e+10	10	1	1
11.00000	4.57418	5.150000	1500	0.00414	9.82388e-01	0.300	0.01442	0.00000e+00	1.38647e+10	10	1	1
11.00000	4.57418	5.150000	1500	0.00414	1.31636e+01	0.300	0.01442	0.00000e+00	1.38647e+10	10	1	1
11.00000	4.57418	5.150000	1500	0.00414	1.76388e+02	0.300	0.01442	0.00000e+00	1.38647e+10	10	1	1
11.00000	4.57418	5.150000	1500	0.00414	2.36354e+03	0.300	0.01442	0.00000e+00	1.38647e+10	10	1	1
11.00000	4.57418	5.150000	1500	0.01041	7.33145e-02	0.550	0.09151	3.65607e+04	5.06264e+09	1	0	0
11.00000	4.57418	5.150000	1500	0.01041	9.82388e-01	0.550	0.09151	4.60364e+05	5.06264e+09	1	0	0
11.00000	4.57418	5.150000	1500	0.01041	1.31636e+01	0.550	0.09151	4.65884e+06	5.06264e+09	1	0	0
11.00000	4.57418	5.150000	1500	0.01041	1.76388e+02	0.550	0.09151	2.84312e+07	5.06264e+09	1	0	0
11.00000	4.57418	5.150000	1500	0.01041	2.36354e+03	0.550	0.09151	0.00000e+00	5.06264e+09	10	1	1
11.00000	4.57418	5.150000	1500	0.03443	7.33145e-02	1.000	1.00000	0.00000e+00	9.58522e+07	10	1	1
11.00000	4.57418	5.150000	1500	0.03443	9.82388e-01	1.000	1.00000	0.00000e+00	9.58522e+07	10	1	1
11.00000	4.57418	5.150000	1500	0.03443	1.31636e+01	1.000	1.00000	0.00000e+00	9.58522e+07	10	1	1
11.00000	4.57418	5.150000	1500	0.03443	1.76388e+02	1.000	1.00000	0.00000e+00	9.58522e+07	10	1	1
11.00000	4.57418	5.150000	1500	0.03443	2.36354e+03	1.000	1.00000	0.00000e+00	9.58522e+07	10	1	1
11.00000	3.85787	7.240000	400	0.01644	7.33145e-02	0.100	0.00115	0.00000e+00	3.59667e+07	10	1	1
11.00000	3.85787	7.240000	400	0.01644	9.82388e-01	0.100	0.00115	1.76366e+04	3.59667e+07	0	0	0
11.00000	3.85787	7.240000	400	0.01644	1.31636e+01	0.100	0.00115	1.40285e+05	3.59667e+07	0	0	0
11.00000	3.85787	7.240000	400	0.01644	1.76388e+02	0.100	0.00115	1.33942e+06	3.59667e+07	0	0	0
11.00000	3.85787	7.240000	400	0.01644	2.36354e+03	0.100	0.00115	1.70795e+07	3.59667e+07	0	0	0
11.00000	3.85787	7.240000	400	0.04070	7.33145e-02	0.220	0.00707	4.63806e+02	2.37336e+07	0	0	0
11.00000	3.85787	7.240000	400	0.04070	9.82388e-01	0.220	0.00707	4.98140e+03	2.37336e+07	0	0	0
11.00000	3.85787	7.240000	400	0.04070	1.31636e+01	0.220	0.00707	5.23612e+04	2.37336e+07	0	0	0
11.00000	3.85787	7.240000	400	0.04070	1.76388e+02	0.220	0.00707	7.42101e+05	2.37336e+07	0	0	0
11.00000	3.85787	7.240000	400	0.04070	2.36354e+03	0.220	0.00707	1.25716e+07	2.37336e+07	0	0	0
11.00000	3.85787	7.240000	400	0.05815	7.33145e-02	0.300	0.01442	3.47215e+02	1.22038e+07	0	0	0
11.00000	3.85787	7.240000	400	0.05815	9.82388e-01	0.300	0.01442	3.87855e+03	1.22038e+07	0	0	0
11.00000	3.85787	7.240000	400	0.05815	1.31636e+01	0.300	0.01442	4.35222e+04	1.22038e+07	0	0	0
11.00000	3.85787	7.240000	400	0.05815	1.76388e+02	0.300	0.01442	6.60013e+05	1.22038e+07	0	0	0
11.00000	3.85787	7.240000	400	0.05815	2.36354e+03	0.300	0.01442	1.19464e+07	1.22038e+07	0	0	0
11.00000	3.85787	7.240000	400	0.14646	7.33145e-02	0.550	0.09151	2.27874e+02	1.78973e+06	0	0	0
11.00000	3.85787	7.240000	400	0.14646	9.82388e-01	0.550	0.09151	2.72854e+03	1.78973e+06	0	0	0
11.00000	3.85787	7.240000	400	0.14646	1.31636e+01	0.550	0.09151	3.38930e+04	1.78973e+06	0	0	0
11.00000	3.85787	7.240000	400	0.14646	1.76388e+02	0.550	0.09151	1.08629e+06	1.78973e+06	0	0	0
11.00000	3.85787	7.240000	400	0.14646	2.36354e+03	0.550	0.09151	1.13517e+07	1.78973e+06	0	0	0
11.00000	3.85787	7.240000	400	0.48417	7.33145e-02	1.000	1.00000	1.88673e+02	1.57218e+05	0	0	0
11.00000	3.85787	7.240000	400	0.48417	9.82388e-01	1.000	1.00000	2.39527e+03	1.57218e+05	0	0	0
11.00000	3.85787	7.240000	400	0.48417	1.31636e+01	1.000	1.00000	3.18608e+04	1.57218e+05	0	0	0
11.00000	3.85787	7.240000	400	0.48417	1.76388e+02	1.000	1.00000	5.31448e+05	1.57218e+05	0	0	0
11.00000	3.85787	7.240000	400	0.48417	2.36354e+03	1.000	1.00000	1.12653e+07	1.57218e+05	0	0	0
11.00000	3.85787	7.240000	675	0.00577	7.33145e-02	0.100	0.00115	4.54628e+04	9.45140e+08	0	0	0
11.00000	3.85787	7.240000	675	0.00577	9.82388e-01	0.100	0.00115	5.48522e+05	9.45140e+08	0	0	0
11.00000	3.85787	7.240000	675	0.00577	1.31636e+01	0.100	0.00115	4.93754e+06	9.45140e+08	0	0	0
11.00000	3.85787	7.240000	675	0.00577	1.76388e+02	0.100	0.00115	2.52191e+07	9.45140e+08	0	0	0
11.00000	3.85787	7.240000	675	0.00577	2.36354e+03	0.100	0.00115	7.04650e+07	9.45140e+08	0	0	0
11.00000	3.85787	7.240000	675	0.01429	7.33145e-02	0.220	0.00707	5.58530e+03	2.94272e+08	0	0	0
11.00000	3.85787	7.240000	675	0.01429	9.82388e-01	0.220	0.00707	6.38226e+04	2.94272e+08	0	0	0
11.00000	3.85787	7.240000	675	0.01429	1.31636e+01	0.220	0.00707	5.21671e+05	2.94272e+08	0	0	0
11.00000	3.85787	7.240000	675	0.01429	1.76388e+02	0.220	0.00707	2.89056e+06	2.94272e+08	0	0	0
11.00000	3.85787	7.240000	675	0.01429	2.36354e+03	0.220	0.00707	2.47719e+07	2.94272e+08	0	0	0
11.00000	3.85787	7.240000	675	0.02042	7.33145e-02	0.300	0.01442	2.63065e+03	1.34186e+08	0	0	0
11.00000	3.85787	7.240000	675	0.02042	9.82388e-01	0.300	0.01442	2.76146e+04	1.34186e+08	0	0	0
11.00000	3.85787	7.240000	675	0.02042	1.31636e+01	0.300	0.01442	2.10411e+05	1.34186e+08	0	0	0
11.00000	3.85787	7.240000	675	0.02042	1.76388e+02	0.300	0.01442	1.68359e+06	1.34186e+08	0	0	0
11.00000	3.85787	7.240000	675	0.02042	2.36354e+03	0.300	0.01442	1.92194e+07	1.34186e+08	0	0	0
11.00000	3.85787	7.240000	675	0.05143	7.33145e-02	0.550	0.09151	0.00000e+00	1.65178e+07	10	1	1
11.00000	3.85787	7.240000	675	0.05143	9.82388e-01	0.550	0.09151	0.00000e+00	1.65178e+07	10	1	1
11.00000	3.85787	7.240000	675	0.05143	1.31636e+01	0.550	0.09151	5.58696e+04	1.65178e+07	0	0	0
11.00000	3.85787	7.240000	675	0.05143	1.76388e+02	0.550	0.09151	7.73001e+05	1.65178e+07	0	0	0
11.00000	3.85787	7.240000	675	0.05143	2.36354e+03	0.550	0.09151	1.28189e+07	1.65178e+07	0	0	0
11.00000	3.85787	7.240000	675	0.17002	7.33145e-02	1.000	1.00000	2.31646e+02	1.33256e+06	0	0	0
11.00000	3.85787	7.240000	675	0.17002	9.82388e-01	1.000	1.00000	2.76454e+03	1.33256e+06	0	0	0
11.00000	3.85787	7.240000	675	0.17002	1.31636e+01	1.000	1.00000	3.42035e+04	1.33256e+06	0	0	0
11.00000	3.85787	7.240000	675	0.17002	1.76388e+02	1.000	1.00000	0.00000e+00	1.33256e+06	10	1	1
11.00000	3.85787	7.240000	675	0.17002	2.36354e+03	1.000	1.00000	0.00000e+00	1.33256e+06	10	1	1
11.00000	3.85787	7.240000	950	0.00291	7.33145e-02	0.100	0.00115	0.00000e+00	1.58143e+10	10	1	1
11.00000	3.85787	7.240000	950	0.00291	9.82388e-01	0.100	0.00115	0.00000e+00	1.58143e+10	10	1	1
11.00000	3.85787	7.240000	950	0.00291	1.31636e+01	0.100	0.00115	0.00000e+00	1.58143e+10	10	1	1
11.00000	3.85787	7.240000	950	0.00291	1.76388e+02	0.100	0.00115	0.00000e+00	1.58143e+10	10	1	1
11.00000	3.85787	7.240000	950	0.00291	2.36354e+03	0.100	0.00115	0.00000e+00	1.58143e+10	10	1	1
11.00000	3.85787	7.240000	950	0.00722	7.33145e-02	0.220	0.00707	0.00000e+00	3.31283e+09	10	1	1
11.00000	3.85787	7.240000	950	0.00722	9.82388e-01	0.220	0.00707	7.48197e+05	3.31283e+09	0	0	0
11.00000	3.85787	7.240000	950	0.00722	1.31636e+01	0.220	0.00707	6.27603e+06	3.31283e+09	0	0	0
11.00000	3.85787	7.240000	950	0.00722	1.76388e+02	0.220	0.00707	3.06361e+07	3.31283e+09	0	0	0
11.00000	3.85787	7.240000	950	0.00722	2.36354e+03	0.220	0.00707	7.84490e+07	3.31283e+09	0	0	0
11.00000	3.85787	7.240000	950	0.01031	7.33145e-02	0.300	0.01442	1.54554e+04	1.01077e+09	0	0	0
11.00000	3.85787	7.240000	950	0.01031	9.82388e-01	0.300	0.01442	1.92038e+05	1.01077e+09	0	0	0
11.00000	3.85787	7.240000	950	0.01031	1.31636e+01	0.300	0.01442	1.94517e+06	1.01077e+09	0	0	0
11.00000	3.85787	7.240000	950	0.01031	1.76388e+02	0.300	0.01442	1.14393e+07	1.01077e+09	0	0	0
11.00000	3.85787	7.240000	950	0.01031	2.36354e+03	0.300	0.01442	4.47902e+07	1.01077e+09	0	0	0
11.00000	3.85787	7.240000	950	0.02597	7.33145e-02	0.550	0.09151	2.34342e+03	8.13683e+07	0	0	0
11.00000	3.85787	7.240000	950	0.02597	9.82388e-01	0.550	0.09151	2.43390e+04	8.13683e+07	0	0	0
11.00000	3.85787	7.240000	950	0.02597	1.31636e+01	0.550	0.09151	1.86792e+05	8.13683e+07	0	0	0
11.00000	3.85787	7.240000	950	0.02597	1.76388e+02	0.550	0.09151	1.57505e+06	8.13683e+07	0	0	0
11.00000	3.85787	7.240000	950	0.02597	2.36354e+03	0.550	0.09151	1.85841e+07	8.13683e+07	0	0	0
11.00000	3.85787	7.240000	950	0.08584	7.33145e-02	1.000	1.00000	3.50453e+02	5.61065e+06	0	0	0
11.00000	3.85787	7.240000	950	0.08584	9.82388e-01	1.000	1.00000	3.90968e+03	5.61065e+06	0	0	0
11.00000	3.85787	7.240000	950	0.08584	1.31636e+01	1.000	1.00000	4.37807e+04	5.61065e+06	0	0	0
11.00000	3.85787	7.240000	950	0.08584	1.76388e+02	1.000	1.00000	6.62580e+05	5.61065e+06	0	0	0
11.00000	3.85787	7.240000	950	0.08584	2.36354e+03	1.000	1.00000	1.19659e+07	5.61065e+06	0	0	0
11.00000	3.85787	7.240000	1225	0.00175	7.33145e-02	0.100	0.00115	0.00000e+00	1.20494e+09	10	1	1
11.00000	3.85787	7.240000	1225	0.00175	9.82388e-01	0.100	0.00115	0.00000e+00	1.20494e+09	10	1	1
11.00000	3.85787	7.240000	1225	0.00175	1.31636e+01	0.100	0.00115	0.00000e+00	1.20494e+09	10	1	1
11.00000	3.85787	7.240000	1225	0.00175	1.76388e+02	0.100	0.00115	0.00000e+00	1.20494e+09	10	1	1
11.00000	3.85787	7.240000	1225	0.00175	2.36354e+03	0.100	0.00115	0.00000e+00	1.20494e+09	10	1	1
11.00000	3.85787	7.240000	1225	0.00434	7.33145e-02	0.220	0.00707	0.00000e+00	1.43804e+12	10	1	1
11.00000	3.85787	7.240000	1225	0.00434	9.82388e-01	0.220	0.00707	0.00000e+00	1.43804e+12	10	1	1
11.00000	3.85787	7.240000	1225	0.00434	1.31636e+01	0.220	0.00707	0.00000e+00	1.43804e+12	10	1	1
11.00000	3.85787	7.240000	1225	0.00434	1.76388e+02	0.220	0.00707	0.00000e+00	1.43804e+12	10	1	1
11.00000	3.85787	7.240000	1225	0.00434	2.36354e+03	0.220	0.00707	0.00000e+00	1.43804e+12	10	1	1
11.00000	3.85787	7.240000	1225	0.00620	7.33145e-02	0.300	0.01442	0.00000e+00	1.64448e+10	10	1	1
11.00000	3.85787	7.240000	1225	0.00620	9.82388e-01	0.300	0.01442	0.00000e+00	1.64448e+10	10	1	1
11.00000	3.85787	7.240000	1225	0.00620	1.31636e+01	0.300	0.01442	0.00000e+00	1.64448e+10	10	1	1
11.00000	3.85787	7.240000	1225	0.00620	1.76388e+02	0.300	0.01442	0.00000e+00	1.64448e+10	10	1	1
11.00000	3.85787	7.240000	1225	0.00620	2.36354e+03	0.300	0.01442	0.00000e+00	1.64448e+10	10	1	1
11.00000	3.85787	7.240000	1225	0.01562	7.33145e-02	0.550	0.09151	9.39371e+03	3.30095e+08	0	0	0
11.00000	3.85787	7.240000	1225	0.01562	9.82388e-01	0.550	0.09151	1.14192e+05	3.30095e+08	0	0	0
11.00000	3.85787	7.240000	1225	0.01562	1.31636e+01	0.550	0.09151	1.10352e+06	3.30095e+08	0	0	0
11.00000	3.85787	7.240000	1225	0.01562	1.76388e+02	0.550	0.09151	5.49984e+06	3.30095e+08	0	0	0
11.00000	3.85787	7.240000	1225	0.01562	2.36354e+03	0.550	0.09151	0.00000e+00	3.30095e+08	10	1	1
11.00000	3.85787	7.240000	1225	0.05162	7.33145e-02	1.000	1.00000	7.10738e+02	1.71775e+07	0	0	0
11.00000	3.85787	7.240000	1225	0.05162	9.82388e-01	1.000	1.00000	7.30159e+03	1.71775e+07	0	0	0
11.00000	3.85787	7.240000	1225	0.05162	1.31636e+01	1.000	1.00000	6.97962e+04	1.71775e+07	0	0	0
11.00000	3.85787	7.240000	1225	0.05162	1.76388e+02	1.000	1.00000	8.87384e+05	1.71775e+07	0	0	0
11.00000	3.85787	7.240000	1225	0.05162	2.36354e+03	1.000	1.00000	1.37397e+07	1.71775e+07	0	0	0
11.00000	3.85787	7.240000	1500	0.00117	7.33145e-02	0.100	0.00115	0.00000e+00	5.31970e+08	10	1	1
11.00000	3.85787	7.240000	1500	0.00117	9.82388e-01	0.100	0.00115	0.00000e+00	5.31970e+08	10	1	1
11.00000	3.85787	7.240000	1500	0.00117	1.31636e+01	0.100	0.00115	0.00000e+00	5.31970e+08	10	1	1
11.00000	3.85787	7.240000	1500	0.00117	1.76388e+02	0.100	0.00115	0.00000e+00	5.31970e+08	10	1	1
11.00000	3.85787	7.240000	1500	0.00117	2.36354e+03	0.100	0.00115	0.00000e+00	5.31970e+08	10	1	1
11.00000	3.85787	7.240000	1500	0.00289	7.33145e-02	0.220	0.00707	0.00000e+00	7.54871e+09	10	1	1
11.00000	3.85787	7.240000	1500	0.00289	9.82388e-01	0.220	0.00707	0.00000e+00	7.54871e+09	10	1	1
11.00000	3.85787	7.240000	1500	0.00289	1.31636e+01	0.220	0.00707	0.00000e+00	7.54871e+09	10	1	1
11.00000	3.85787	7.240000	1500	0.00289	1.76388e+02	0.220	0.00707	0.00000e+00	7.54871e+09	10	1	1
11.00000	3.85787	7.240000	1500	0.00289	2.36354e+03	0.220	0.00707	0.00000e+00	7.54871e+09	10	1	1
11.00000	3.85787	7.240000	1500	0.00414	7.33145e-02	0.300	0.01442	0.00000e+00	3.40082e+10	10	1	1
11.00000	3.85787	7.240000	1500	0.00414	9.82388e-01	0.300	0.01442	0.00000e+00	3.40082e+10	10	1	1
11.00000	3.85787	7.240000	1500	0.00414	1.31636e+01	0.300	0.01442	0.00000e+00	3.40082e+10	10	1	1
11.00000	3.85787	7.240000	1500	0.00414	1.76388e+02	0.300	0.01442	0.00000e+00	3.40082e+10	10	1	1
11.00000	3.85787	7.240000	1500	0.00414	2.36354e+03	0.300	0.01442	0.00000e+00	3.40082e+10	10	1	1
11.00000	3.85787	7.240000	1500	0.01041	7.33145e-02	0.550	0.09151	3.67251e+04	1.46903e+09	0	0	0
11.00000	3.85787	7.240000	1500	0.01041	9.82388e-01	0.550	0.09151	4.48860e+05	1.46903e+09	0	0	0
11.00000	3.85787	7.240000	1500	0.01041	1.31636e+01	0.550	0.09151	4.19147e+06	1.46903e+09	0	0	0
11.00000	3.85787	7.240000	1500	0.01041	1.76388e+02	0.550	0.09151	2.21136e+07	1.46903e+09	0	0	0
11.00000	3.85787	7.240000	1500	0.01041	2.36354e+03	0.550	0.09151	6.57134e+07	1.46903e+09	0	0	0
11.00000	3.85787	7.240000	1500	0.03443	7.33145e-02	1.000	1.00000	1.84598e+03	4.44867e+07	0	0	0
11.00000	3.85787	7.240000	1500	0.03443	9.82388e-01	1.000	1.00000	1.88337e+04	4.44867e+07	0	0	0
11.00000	3.85787	7.240000	1500	0.03443	1.31636e+01	1.000	1.00000	1.48465e+05	4.44867e+07	0	0	0
11.00000	3.85787	7.240000	1500	0.03443	1.76388e+02	1.000	1.00000	1.38411e+06	4.44867e+07	0	0	0
11.00000	3.85787	7.240000	1500	0.03443	2.36354e+03	1.000	1.00000	1.73850e+07	4.44867e+07	0	0	0
11.00000	2.77429	14.000000	400	0.01644	7.33145e-02	0.100	0.00115	1.46258e+01	8.56481e+06	0	0	0
11.00000	2.77429	14.000000	400	0.01644	9.82388e-01	0.100	0.00115	1.97520e+02	8.56481e+06	0	0	0
11.00000	2.77429	14.000000	400	0.01644	1.31636e+01	0.100	0.00115	3.12851e+03	8.56481e+06	0	0	0
11.00000	2.77429	14.000000	400	0.01644	1.76388e+02	0.100	0.00115	6.13758e+04	8.56481e+06	0	0	0
11.00000	2.77429	14.000000	400	0.01644	2.36354e+03	0.100	0.00115	1.43532e+06	8.56481e+06	0	0	0
11.00000	2.77429	14.000000	400	0.04070	7.33145e-02	0.220	0.00707	1.35817e+00	6.01778e+06	0	0	0
11.00000	2.77429	14.000000	400	0.04070	9.82388e-01	0.220	0.00707	3.65157e+01	6.01778e+06	0	0	0
11.00000	2.77429	14.000000	400	0.04070	1.31636e+01	0.220	0.00707	9.04095e+02	6.01778e+06	0	0	0
11.00000	2.77429	14.000000	400	0.04070	1.76388e+02	0.220	0.00707	2.29715e+04	6.01778e+06	0	0	0
11.00000	2.77429	14.000000	400	0.04070	2.36354e+03	0.220	0.00707	7.19632e+05	6.01778e+06	0	0	0
11.00000	2.77429	14.000000	400	0.05815	7.33145e-02	0.300	0.01442	7.92621e-01	3.13560e+06	0	0	0
11.00000	2.77429	14.000000	400	0.05815	9.82388e-01	0.300	0.01442	2.43598e+01	3.13560e+06	0	0	0
11.00000	2.77429	14.000000	400	0.05815	1.31636e+01	0.300	0.01442	6.76780e+02	3.13560e+06	0	0	0
11.00000	2.77429	14.000000	400	0.05815	1.76388e+02	0.300	0.01442	1.85001e+04	3.13560e+06	0	0	0
11.00000	2.77429	14.000000	400	0.05815	2.36354e+03	0.300	0.01442	6.21974e+05	3.13560e+06	0	0	0
11.00000	2.77429	14.000000	400	0.14646	7.33145e-02	0.550	0.09151	3.25451e-01	4.69921e+05	0	0	0
11.00000	2.77429	14.000000	400	0.14646	9.82388e-01	0.550	0.09151	1.19569e+01	4.69921e+05	0	0	0
11.00000	2.77429	14.000000	400	0.14646	1.31636e+01	0.550	0.09151	4.35007e+02	4.69921e+05	0	0	0
11.00000	2.77429	14.000000	400	0.14646	1.76388e+02	0.550	0.09151	1.34152e+04	4.69921e+05	0	0	0
11.00000	2.77429	14.000000	400	0.14646	2.36354e+03	0.550	0.09151	5.06179e+05	4.69921e+05	0	0	0
11.00000	2.77429	14.000000	400	0.48417	7.33145e-02	1.000	1.00000	1.76914e-01	4.17709e+04	0	0	0
11.00000	2.77429	14.000000	400	0.48417	9.82388e-01	1.000	1.00000	7.94251e+00	4.17709e+04	0	0	0
11.00000	2.77429	14.000000	400	0.48417	1.31636e+01	1.000	1.00000	0.00000e+00	4.17709e+04	10	1	1
11.00000	2.77429	14.000000	400	0.48417	1.76388e+02	1.000	1.00000	0.00000e+00	4.17709e+04	10	1	1
11.00000	2.77429	14.000000	400	0.48417	2.36354e+03	1.000	1.00000	4.51293e+05	4.17709e+04	0	0	0
11.00000	2.77429	14.000000	675	0.00577	7.33145e-02	0.100	0.00115	3.46082e+03	1.35560e+08	0	0	0
11.00000	2.77429	14.000000	675	0.00577	9.82388e-01	0.100	0.00115	4.24565e+04	1.35560e+08	0	0	0
11.00000	2.77429	14.000000	675	0.00577	1.31636e+01	0.100	0.00115	4.13019e+05	1.35560e+08	0	0	0
11.00000	2.77429	14.000000	675	0.00577	1.76388e+02	0.100	0.00115	2.17623e+06	1.35560e+08	0	0	0
11.00000	2.77429	14.000000	675	0.00577	2.36354e+03	0.100	0.00115	1.33386e+07	1.35560e+08	0	0	0
11.00000	2.77429	14.000000	675	0.01429	7.33145e-02	0.220	0.00707	9.77499e+01	6.43467e+07	0	0	0
11.00000	2.77429	14.000000	675	0.01429	9.82388e-01	0.220	0.00707	1.13141e+03	6.43467e+07	0	0	0
11.00000	2.77429	14.000000	675	0.01429	1.31636e+01	0.220	0.00707	1.17365e+04	6.43467e+07	0	0	0
11.00000	2.77429	14.000000	675	0.01429	1.76388e+02	0.220	0.00707	1.65591e+05	6.43467e+07	0	0	0
11.00000	2.77429	14.000000	675	0.01429	2.36354e+03	0.220	0.00707	2.94049e+06	6.43467e+07	0	0	0
11.00000	2.77429	14.000000	675	0.02042	7.33145e-02	0.300	0.01442	2.93127e+01	3.11591e+07	0	0	0
11.00000	2.77429	14.000000	675	0.02042	9.82388e-01	0.300	0.01442	3.51805e+02	3.11591e+07	0	0	0
11.00000	2.77429	14.000000	675	0.02042	1.31636e+01	0.300	0.01442	4.73355e+03	3.11591e+07	0	0	0
11.00000	2.77429	14.000000	675	0.02042	1.76388e+02	0.300	0.01442	8.50950e+04	3.11591e+07	0	0	0
11.00000	2.77429	14.000000	675	0.02042	2.36354e+03	0.300	0.01442	1.81787e+06	3.11591e+07	0	0	0
11.00000	2.77429	14.000000	675	0.05143	7.33145e-02	0.550	0.09151	1.62869e+00	4.16907e+06	0	0	0
11.00000	2.77429	14.000000	675	0.05143	9.82388e-01	0.550	0.09151	4.15605e+01	4.16907e+06	0	0	0
11.00000	2.77429	14.000000	675	0.05143	1.31636e+01	0.550	0.09151	9.95713e+02	4.16907e+06	0	0	0
11.00000	2.77429	14.000000	675	0.05143	1.76388e+02	0.550	0.09151	2.47205e+04	4.16907e+06	0	0	0
11.00000	2.77429	14.000000	675	0.05143	2.36354e+03	0.550	0.09151	7.56847e+05	4.16907e+06	0	0	0
11.00000	2.77429	14.000000	675	0.17002	7.33145e-02	1.000	1.00000	3.39733e-01	3.49537e+05	0	0	0
11.00000	2.77429	14.000000	675	0.17002	9.82388e-01	1.000	1.00000	1.23335e+01	3.49537e+05	0	0	0
11.00000	2.77429	14.000000	675	0.17002	1.31636e+01	1.000	1.00000	4.42986e+02	3.49537e+05	0	0	0
11.00000	2.77429	14.000000	675	0.17002	1.76388e+02	1.000	1.00000	0.00000e+00	3.49537e+05	10	1	1
11.00000	2.77429	14.000000	675	0.17002	2.36354e+03	1.000	1.00000	0.00000e+00	3.49537e+05	10	1	1
11.00000	2.77429	14.000000	950	0.00291	7.33145e-02	0.100	0.00115	0.00000e+00	6.32944e+09	10	1	1
11.00000	2.77429	14.000000	950	0.00291	9.82388e-01	0.100	0.00115	0.00000e+00	6.32944e+09	10	1	1
11.00000	2.77429	14.000000	950	0.00291	1.31636e+01	0.100	0.00115	0.00000e+00	6.32944e+09	10	1	1
11.00000	2.77429	14.000000	950	0.00291	1.76388e+02	0.100	0.00115	0.00000e+00	6.32944e+09	10	1	1
11.00000	2.77429	14.000000	950	0.00291	2.36354e+03	0.100	0.00115	0.00000e+00	6.32944e+09	10	1	1
11.00000	2.77429	14.000000	950	0.00722	7.33145e-02	0.220	0.00707	4.01264e+03	4.48077e+08	0	0	0
11.00000	2.77429	14.000000	950	0.00722	9.82388e-01	0.220	0.00707	4.96178e+04	4.48077e+08	0	0	0
11.00000	2.77429	14.000000	950	0.00722	1.31636e+01	0.220	0.00707	4.99217e+05	4.48077e+08	0	0	0
11.00000	2.77429	14.000000	950	0.00722	1.76388e+02	0.220	0.00707	2.69169e+06	4.48077e+08	0	0	0
11.00000	2.77429	14.000000	950	0.00722	2.36354e+03	0.220	0.00707	1.46695e+07	4.48077e+08	0	0	0
11.00000	2.77429	14.000000	950	0.01031	7.33145e-02	0.300	0.01442	1.04065e+03	1.80248e+08	0	0	0
11.00000	2.77429	14.000000	950	0.01031	9.82388e-01	0.300	0.01442	1.19683e+04	1.80248e+08	0	0	0
11.00000	2.77429	14.000000	950	0.01031	1.31636e+01	0.300	0.01442	1.01382e+05	1.80248e+08	0	0	0
11.00000	2.77429	14.000000	950	0.01031	1.76388e+02	0.300	0.01442	7.32201e+05	1.80248e+08	0	0	0
11.00000	2.77429	14.000000	950	0.01031	2.36354e+03	0.300	0.01442	7.74739e+06	1.80248e+08	0	0	0
11.00000	2.77429	14.000000	950	0.02597	7.33145e-02	0.550	0.09151	2.42322e+01	1.90276e+07	0	0	0
11.00000	2.77429	14.000000	950	0.02597	9.82388e-01	0.550	0.09151	2.98516e+02	1.90276e+07	0	0	0
11.00000	2.77429	14.000000	950	0.02597	1.31636e+01	0.550	0.09151	4.20439e+03	1.90276e+07	0	0	0
11.00000	2.77429	14.000000	950	0.02597	1.76388e+02	0.550	0.09151	7.76080e+04	1.90276e+07	0	0	0
11.00000	2.77429	14.000000	950	0.02597	2.36354e+03	0.550	0.09151	1.70085e+06	1.90276e+07	0	0	0
11.00000	2.77429	14.000000	950	0.08584	7.33145e-02	1.000	1.00000	8.06630e-01	1.44081e+06	0	0	0
11.00000	2.77429	14.000000	950	0.08584	9.82388e-01	1.000	1.00000	2.46958e+01	1.44081e+06	0	0	0
11.00000	2.77429	14.000000	950	0.08584	1.31636e+01	1.000	1.00000	6.83150e+02	1.44081e+06	0	0	0
11.00000	2.77429	14.000000	950	0.08584	1.76388e+02	1.000	1.00000	1.86304e+04	1.44081e+06	0	0	0
11.00000	2.77429	14.000000	950	0.08584	2.36354e+03	1.000	1.00000	6.24976e+05	1.44081e+06	0	0	0
11.00000	2.77429	14.000000	1225	0.00175	7.33145e-02	0.100	0.00115	0.00000e+00	2.06336e+09	10	1	1
11.00000	2.77429	14.000000	1225	0.00175	9.82388e-01	0.100	0.00115	0.00000e+00	2.06336e+09	10	1	1
11.00000	2.77429	14.000000	1225	0.00175	1.31636e+01	0.100	0.00115	0.00000e+00	2.06336e+09	10	1	1
11.00000	2.77429	14.000000	1225	0.00175	1.76388e+02	0.100	0.00115	0.00000e+00	2.06336e+09	10	1	1
11.00000	2.77429	14.000000	1225	0.00175	2.36354e+03	0.100	0.00115	0.00000e+00	2.06336e+09	10	1	1
11.00000	2.77429	14.000000	1225	0.00434	7.33145e-02	0.220	0.00707	0.00000e+00	5.02232e+09	10	1	1
11.00000	2.77429	14.000000	1225	0.00434	9.82388e-01	0.220	0.00707	0.00000e+00	5.02232e+09	10	1	1
11.00000	2.77429	14.000000	1225	0.00434	1.31636e+01	0.220	0.00707	0.00000e+00	5.02232e+09	10	1	1
11.00000	2.77429	14.000000	1225	0.00434	1.76388e+02	0.220	0.00707	0.00000e+00	5.02232e+09	10	1	1
11.00000	2.77429	14.000000	1225	0.00434	2.36354e+03	0.220	0.00707	0.00000e+00	5.02232e+09	10	1	1
11.00000	2.77429	14.000000	1225	0.00620	7.33145e-02	0.300	0.01442	0.00000e+00	1.07275e+09	10	1	1
11.00000	2.77429	14.000000	1225	0.00620	9.82388e-01	0.300	0.01442	0.00000e+00	1.07275e+09	10	1	1
11.00000	2.77429	14.000000	1225	0.00620	1.31636e+01	0.300	0.01442	0.00000e+00	1.07275e+09	10	1	1
11.00000	2.77429	14.000000	1225	0.00620	1.76388e+02	0.300	0.01442	0.00000e+00	1.07275e+09	10	1	1
11.00000	2.77429	14.000000	1225	0.00620	2.36354e+03	0.300	0.01442	0.00000e+00	1.07275e+09	10	1	1
11.00000	2.77429	14.000000	1225	0.01562	7.33145e-02	0.550	0.09151	2.87085e+02	6.66598e+07	0	0	0
11.00000	2.77429	14.000000	1225	0.01562	9.82388e-01	0.550	0.09151	3.27530e+03	6.66598e+07	0	0	0
11.00000	2.77429	14.000000	1225	0.01562	1.31636e+01	0.550	0.09151	3.07629e+04	6.66598e+07	0	0	0
11.00000	2.77429	14.000000	1225	0.01562	1.76388e+02	0.550	0.09151	3.24960e+05	6.66598e+07	0	0	0
11.00000	2.77429	14.000000	1225	0.01562	2.36354e+03	0.550	0.09151	4.68603e+06	6.66598e+07	0	0	0
11.00000	2.77429	14.000000	1225	0.05162	7.33145e-02	1.000	1.00000	2.98141e+00	4.27130e+06	0	0	0
11.00000	2.77429	14.000000	1225	0.05162	9.82388e-01	1.000	1.00000	6.30636e+01	4.27130e+06	0	0	0
11.00000	2.77429	14.000000	1225	0.05162	1.31636e+01	1.000	1.00000	1.36327e+03	4.27130e+06	0	0	0
11.00000	2.77429	14.000000	1225	0.05162	1.76388e+02	1.000	1.00000	3.15248e+04	4.27130e+06	0	0	0
11.00000	2.77429	14.000000	1225	0.05162	2.36354e+03	1.000	1.00000	8.95786e+05	4.27130e+06	0	0	0
11.00000	2.77429	14.000000	1500	0.00117	7.33145e-02	0.100	0.00115	0.00000e+00	5.18387e+08	10	1	1
11.00000	2.77429	14.000000	1500	0.00117	9.82388e-01	0.100	0.00115	0.00000e+00	5.18387e+08	10	1	1
11.00000	2.77429	14.000000	1500	0.00117	1.31636e+01	0.100	0.00115	0.00000e+00	5.18387e+08	10	1	1
11.00000	2.77429	14.000000	1500	0.00117	1.76388e+02	0.100	0.00115	0.00000e+00	5.18387e+08	10	1	1
11.00000	2.77429	14.000000	1500	0.00117	2.36354e+03	0.100	0.00115	0.00000e+00	5.18387e+08	10	1	1
11.00000	2.77429	14.000000	1500	0.00289	7.33145e-02	0.220	0.00707	0.00000e+00	5.70735e+10	10	1	1
11.00000	2.77429	14.000000	1500	0.00289	9.82388e-01	0.220	0.00707	0.00000e+00	5.70735e+10	10	1	1
11.00000	2.77429	14.000000	1500	0.00289	1.31636e+01	0.220	0.00707	0.00000e+00	5.70735e+10	10	1	1
11.00000	2.77429	14.000000	1500	0.00289	1.76388e+02	0.220	0.00707	0.00000e+00	5.70735e+10	10	1	1
11.00000	2.77429	14.000000	1500	0.00289	2.36354e+03	0.220	0.00707	0.00000e+00	5.70735e+10	10	1	1
11.00000	2.77429	14.000000	1500	0.00414	7.33145e-02	0.300	0.01442	0.00000e+00	2.02847e+10	10	1	1
11.00000	2.77429	14.000000	1500	0.00414	9.82388e-01	0.300	0.01442	0.00000e+00	2.02847e+10	10	1	1
11.00000	2.77429	14.000000	1500	0.00414	1.31636e+01	0.300	0.01442	0.00000e+00	2.02847e+10	10	1	1
11.00000	2.77429	14.000000	1500	0.00414	1.76388e+02	0.300	0.01442	0.00000e+00	2.02847e+10	10	1	1
11.00000	2.77429	14.000000	1500	0.00414	2.36354e+03	0.300	0.01442	0.00000e+00	2.02847e+10	10	1	1
11.00000	2.77429	14.000000	1500	0.01041	7.33145e-02	0.550	0.09151	3.04980e+03	2.16952e+08	0	0	0
11.00000	2.77429	14.000000	1500	0.01041	9.82388e-01	0.550	0.09151	3.71735e+04	2.16952e+08	0	0	0
11.00000	2.77429	14.000000	1500	0.01041	1.31636e+01	0.550	0.09151	3.52559e+05	2.16952e+08	0	0	0
11.00000	2.77429	14.000000	1500	0.01041	1.76388e+02	0.550	0.09151	1.86383e+06	2.16952e+08	0	0	0
11.00000	2.77429	14.000000	1500	0.01041	2.36354e+03	0.550	0.09151	1.24262e+07	2.16952e+08	0	0	0
11.00000	2.77429	14.000000	1500	0.03443	7.33145e-02	1.000	1.00000	1.62595e+01	1.05480e+07	0	0	0
11.00000	2.77429	14.000000	1500	0.03443	9.82388e-01	1.000	1.00000	2.14882e+02	1.05480e+07	0	0	0
11.00000	2.77429	14.000000	1500	0.03443	1.31636e+01	1.000	1.00000	3.32313e+03	1.05480e+07	0	0	0
11.00000	2.77429	14.000000	1500	0.03443	1.76388e+02	1.000	1.00000	6.44313e+04	1.05480e+07	0	0	0
11.00000	2.77429	14.000000	1500	0.03443	2.36354e+03	1.000	1.00000	1.48732e+06	1.05480e+07	0	0	0
11.00000	1.89520	30.000000	400	0.01644	7.33145e-02	0.100	0.00115	0.00000e+00	1.71059e+06	10	1	1
11.00000	1.89520	30.000000	400	0.01644	9.82388e-01	0.100	0.00115	0.00000e+00	1.71059e+06	10	1	1
11.00000	1.89520	30.000000	400	0.01644	1.31636e+01	0.100	0.00115	0.00000e+00	1.71059e+06	10	1	1
11.00000	1.89520	30.000000	400	0.01644	1.76388e+02	0.100	0.00115	6.83878e+02	1.71059e+06	1	0	0
11.00000	1.89520	30.000000	400	0.01644	2.36354e+03	0.100	0.00115	0.00000e+00	1.71059e+06	10	1	1
11.00000	1.89520	30.000000	400	0.04070	7.33145e-02	0.220	0.00707	0.00000e+00	1.25735e+06	10	1	1
11.00000	1.89520	30.000000	400	0.04070	9.82388e-01	0.220	0.00707	0.00000e+00	1.25735e+06	10	1	1
11.00000	1.89520	30.000000	400	0.04070	1.31636e+01	0.220	0.00707	1.14028e+06	1.25735e+06	1	0	0
11.00000	1.89520	30.000000	400	0.04070	1.76388e+02	0.220	0.00707	0.00000e+00	1.25735e+06	10	1	1
11.00000	1.89520	30.000000	400	0.04070	2.36354e+03	0.220	0.00707	0.00000e+00	1.25735e+06	10	1	1
11.00000	1.89520	30.000000	400	0.05815	7.33145e-02	0.300	0.01442	0.00000e+00	6.61728e+05	10	1	1
11.00000	1.89520	30.000000	400	0.05815	9.82388e-01	0.300	0.01442	0.00000e+00	6.61728e+05	10	1	1
11.00000	1.89520	30.000000	400	0.05815	1.31636e+01	0.300	0.01442	0.00000e+00	6.61728e+05	10	1	1
11.00000	1.89520	30.000000	400	0.05815	1.76388e+02	0.300	0.01442	0.00000e+00	6.61728e+05	10	1	1
11.00000	1.89520	30.000000	400	0.05815	2.36354e+03	0.300	0.01442	0.00000e+00	6.61728e+05	10	1	1
11.00000	1.89520	30.000000	400	0.14646	7.33145e-02	0.550	0.09151	0.00000e+00	1.00847e+05	10	1	1
11.00000	1.89520	30.000000	400	0.14646	9.82388e-01	0.550	0.09151	0.00000e+00	1.00847e+05	10	1	1
11.00000	1.89520	30.000000	400	0.14646	1.31636e+01	0.550	0.09151	0.00000e+00	1.00847e+05	10	1	1
11.00000	1.89520	30.000000	400	0.14646	1.76388e+02	0.550	0.09151	0.00000e+00	1.00847e+05	10	1	1
11.00000	1.89520	30.000000	400	0.14646	2.36354e+03	0.550	0.09151	0.00000e+00	1.00847e+05	10	1	1
11.00000	1.89520	30.000000	400	0.48417	7.33145e-02	1.000	1.00000	0.00000e+00	9.04877e+03	10	1	1
11.00000	1.89520	30.000000	400	0.48417	9.82388e-01	1.000	1.00000	1.58980e+03	9.04877e+03	1	0	0
11.00000	1.89520	30.000000	400	0.48417	1.31636e+01	1.000	1.00000	1.95567e+04	9.04877e+03	1	0	0
11.00000	1.89520	30.000000	400	0.48417	1.76388e+02	1.000	1.00000	7.36082e+04	9.04877e+03	1	0	0
11.00000	1.89520	30.000000	400	0.48417	2.36354e+03	1.000	1.00000	9.60936e+05	9.04877e+03	1	0	0
11.00000	1.89520	30.000000	675	0.00577	7.33145e-02	0.100	0.00115	0.00000e+00	2.04470e+07	10	1	1
11.00000	1.89520	30.000000	675	0.00577	9.82388e-01	0.100	0.00115	0.00000e+00	2.04470e+07	10	1	1
11.00000	1.89520	30.000000	675	0.00577	1.31636e+01	0.100	0.00115	0.00000e+00	2.04470e+07	10	1	1
11.00000	1.89520	30.000000	675	0.00577	1.76388e+02	0.100	0.00115	0.00000e+00	2.04470e+07	10	1	1
11.00000	1.89520	30.000000	675	0.00577	2.36354e+03	0.100	0.00115	0.00000e+00	2.04470e+07	10	1	1
11.00000	1.89520	30.000000	675	0.01429	7.33145e-02	0.220	0.00707	0.00000e+00	1.21455e+07	10	1	1
11.00000	1.89520	30.000000	675	0.01429	9.82388e-01	0.220	0.00707	2.18646e+00	1.21455e+07	1	0	0
11.00000	1.89520	30.000000	675	0.01429	1.31636e+01	0.220	0.00707	3.78018e+01	1.21455e+07	1	0	0
11.00000	1.89520	30.000000	675	0.01429	1.76388e+02	0.220	0.00707	1.51213e+03	1.21455e+07	1	0	0
11.00000	1.89520	30.000000	675	0.01429	2.36354e+03	0.220	0.00707	1.93123e+04	1.21455e+07	1	0	0
11.00000	1.89520	30.000000	675	0.02042	7.33145e-02	0.300	0.01442	0.00000e+00	6.11699e+06	10	1	1
11.00000	1.89520	30.000000	675	0.02042	9.82388e-01	0.300	0.01442	0.00000e+00	6.11699e+06	10	1	1
11.00000	1.89520	30.000000	675	0.02042	1.31636e+01	0.300	0.01442	4.04091e+01	6.11699e+06	1	0	0
11.00000	1.89520	30.000000	675	0.02042	1.76388e+02	0.300	0.01442	1.70891e+03	6.11699e+06	1	0	0
11.00000	1.89520	30.000000	675	0.02042	2.36354e+03	0.300	0.01442	0.00000e+00	6.11699e+06	10	1	1
11.00000	1.89520	30.000000	675	0.05143	7.33145e-02	0.550	0.09151	0.00000e+00	8.68119e+05	10	1	1
11.00000	1.89520	30.000000	675	0.05143	9.82388e-01	0.550	0.09151	0.00000e+00	8.68119e+05	10	1	1
11.00000	1.89520	30.000000	675	0.05143	1.31636e+01	0.550	0.09151	0.00000e+00	8.68119e+05	10	1	1
11.00000	1.89520	30.000000	675	0.05143	1.76388e+02	0.550	0.09151	0.00000e+00	8.68119e+05	10	1	1
11.00000	1.89520	30.000000	675	0.05143	2.36354e+03	0.550	0.09151	0.00000e+00	8.68119e+05	10	1	1
11.00000	1.89520	30.000000	675	0.17002	7.33145e-02	1.000	1.00000	0.00000e+00	7.49534e+04	10	1	1
11.00000	1.89520	30.000000	675	0.17002	9.82388e-01	1.000	1.00000	0.00000e+00	7.49534e+04	10	1	1
11.00000	1.89520	30.000000	675	0.17002	1.31636e+01	1.000	1.00000	0.00000e+00	7.49534e+04	10	1	1
11.00000	1.89520	30.000000	675	0.17002	1.76388e+02	1.000	1.00000	0.00000e+00	7.49534e+04	10	1	1
11.00000	1.89520	30.000000	675	0.17002	2.36354e+03	1.000	1.00000	0.00000e+00	7.49534e+04	10	1	1
11.00000	1.89520	30.000000	950	0.00291	7.33145e-02	0.100	0.00115	0.00000e+00	2.01133e+08	10	1	1
11.00000	1.89520	30.000000	950	0.00291	9.82388e-01	0.100	0.00115	0.00000e+00	2.01133e+08	10	1	1
11.00000	1.89520	30.000000	950	0.00291	1.31636e+01	0.100	0.00115	0.00000e+00	2.01133e+08	10	1	1
11.00000	1.89520	30.000000	950	0.00291	1.76388e+02	0.100	0.00115	0.00000e+00	2.01133e+08	10	1	1
11.00000	1.89520	30.000000	950	0.00291	2.36354e+03	0.100	0.00115	0.00000e+00	2.01133e+08	10	1	1
11.00000	1.89520	30.000000	950	0.00722	7.33145e-02	0.220	0.00707	0.00000e+00	6.58710e+07	10	1	1
11.00000	1.89520	30.000000	950	0.00722	9.82388e-01	0.220	0.00707	0.00000e+00	6.58710e+07	10	1	1
11.00000	1.89520	30.000000	950	0.00722	1.31636e+01	0.220	0.00707	0.00000e+00	6.58710e+07	10	1	1
11.00000	1.89520	30.000000	950	0.00722	1.76388e+02	0.220	0.00707	0.00000e+00	6.58710e+07	10	1	1
11.00000	1.89520	30.000000	950	0.00722	2.36354e+03	0.220	0.00707	0.00000e+00	6.58710e+07	10	1	1
11.00000	1.89520	30.000000	950	0.01031	7.33145e-02	0.300	0.01442	6.32636e-01	3.02300e+07	1	0	0
11.00000	1.89520	30.000000	950	0.01031	9.82388e-01	0.300	0.01442	3.08992e+00	3.02300e+07	0	0	0
11.00000	1.89520	30.000000	950	0.01031	1.31636e+01	0.300	0.01442	9.75480e+01	3.02300e+07	0	0	0
11.00000	1.89520	30.000000	950	0.01031	1.76388e+02	0.300	0.01442	2.72569e+03	3.02300e+07	0	0	0
11.00000	1.89520	30.000000	950	0.01031	2.36354e+03	0.300	0.01442	9.16068e+04	3.02300e+07	0	0	0
11.00000	1.89520	30.000000	950	0.02597	7.33145e-02	0.550	0.09151	0.00000e+00	3.75319e+06	10	1	1
11.00000	1.89520	30.000000	950	0.02597	9.82388e-01	0.550	0.09151	0.00000e+00	3.75319e+06	10	1	1
11.00000	1.89520	30.000000	950	0.02597	1.31636e+01	0.550	0.09151	0.00000e+00	3.75319e+06	10	1	1
11.00000	1.89520	30.000000	950	0.02597	1.76388e+02	0.550	0.09151	5.67690e+02	3.75319e+06	1	0	0
11.00000	1.89520	30.000000	950	0.02597	2.36354e+03	0.550	0.09151	0.00000e+00	3.75319e+06	10	1	1
11.00000	1.89520	30.000000	950	0.08584	7.33145e-02	1.000	1.00000	0.00000e+00	3.03941e+05	10	1	1
11.00000	1.89520	30.000000	950	0.08584	9.82388e-01	1.000	1.00000	0.00000e+00	3.03941e+05	10	1	1
11.00000	1.89520	30.000000	950	0.08584	1.31636e+01	1.000	1.00000	0.00000e+00	3.03941e+05	10	1	1
11.00000	1.89520	30.000000	950	0.08584	1.76388e+02	1.000	1.00000	0.00000e+00	3.03941e+05	10	1	1
11.00000	1.89520	30.000000	950	0.08584	2.36354e+03	1.000	1.00000	0.00000e+00	3.03941e+05	10	1	1
11.00000	1.89520	30.000000	1225	0.00175	7.33145e-02	0.100	0.00115	0.00000e+00	5.89246e+10	10	1	1
11.00000	1.89520	30.000000	1225	0.00175	9.82388e-01	0.100	0.00115	0.00000e+00	5.89246e+10	10	1	1
11.00000	1.89520	30.000000	1225	0.00175	1.31636e+01	0.100	0.00115	0.00000e+00	5.89246e+10	10	1	1
11.00000	1.89520	30.000000	1225	0.00175	1.76388e+02	0.100	0.00115	0.00000e+00	5.89246e+10	10	1	1
11.00000	1.89520	30.000000	1225	0.00175	2.36354e+03	0.100	0.00115	0.00000e+00	5.89246e+10	10	1	1
11.00000	1.89520	30.000000	1225	0.00434	7.33145e-02	0.220	0.00707	0.00000e+00	3.31502e+08	10	1	1
11.00000	1.89520	30.000000	1225	0.00434	9.82388e-01	0.220	0.00707	0.00000e+00	3.31502e+08	10	1	1
11.00000	1.89520	30.000000	1225	0.00434	1.31636e+01	0.220	0.00707	0.00000e+00	3.31502e+08	10	1	1
11.00000	1.89520	30.000000	1225	0.00434	1.76388e+02	0.220	0.00707	0.00000e+00	3.31502e+08	10	1	1
11.00000	1.89520	30.000000	1225	0.00434	2.36354e+03	0.220	0.00707	0.00000e+00	3.31502e+08	10	1	1
11.00000	1.89520	30.000000	1225	0.00620	7.33145e-02	0.300	0.01442	0.00000e+00	1.23452e+08	10	1	1
11.00000	1.89520	30.000000	1225	0.00620	9.82388e-01	0.300	0.01442	0.00000e+00	1.23452e+08	10	1	1
11.00000	1.89520	30.000000	1225	0.00620	1.31636e+01	0.300	0.01442	0.00000e+00	1.23452e+08	10	1	1
11.00000	1.89520	30.000000	1225	0.00620	1.76388e+02	0.300	0.01442	0.00000e+00	1.23452e+08	10	1	1
11.00000	1.89520	30.000000	1225	0.00620	2.36354e+03	0.300	0.01442	0.00000e+00	1.23452e+08	10	1	1
11.00000	1.89520	30.000000	1225	0.01562	7.33145e-02	0.550	0.09151	6.32636e-01	1.19846e+07	1	0	0
11.00000	1.89520	30.000000	1225	0.01562	9.82388e-01	0.550	0.09151	1.64407e+00	1.19846e+07	1	0	0
11.00000	1.89520	30.000000	1225	0.01562	1.31636e+01	0.550	0.09151	2.26698e+01	1.19846e+07	1	0	0
11.00000	1.89520	30.000000	1225	0.01562	1.76388e+02	0.550	0.09151	1.13612e+03	1.19846e+07	1	0	0
11.00000	1.89520	30.000000	1225	0.01562	2.36354e+03	0.550	0.09151	6.85329e+04	1.19846e+07	1	0	0
11.00000	1.89520	30.000000	1225	0.05162	7.33145e-02	1.000	1.00000	0.00000e+00	8.79687e+05	10	1	1
11.00000	1.89520	30.000000	1225	0.05162	9.82388e-01	1.000	1.00000	0.00000e+00	8.79687e+05	10	1	1
11.00000	1.89520	30.000000	1225	0.05162	1.31636e+01	1.000	1.00000	0.00000e+00	8.79687e+05	10	1	1
11.00000	1.89520	30.000000	1225	0.05162	1.76388e+02	1.000	1.00000	0.00000e+00	8.79687e+05	10	1	1
11.00000	1.89520	30.000000	1225	0.05162	2.36354e+03	1.000	1.00000	0.00000e+00	8.79687e+05	10	1	1
11.00000	1.89520	30.000000	1500	0.00117	7.33145e-02	0.100	0.00115	0.00000e+00	8.51547e+08	10	1	1
11.00000	1.89520	30.000000	1500	0.00117	9.82388e-01	0.100	0.00115	0.00000e+00	8.51547e+08	10	1	1
11.00000	1.89520	30.000000	1500	0.00117	1.31636e+01	0.100	0.00115	0.00000e+00	8.51547e+08	10	1	1
11.00000	1.89520	30.000000	1500	0.00117	1.76388e+02	0.100	0.00115	0.00000e+00	8.51547e+08	10	1	1
11.00000	1.89520	30.000000	1500	0.00117	2.36354e+03	0.100	0.00115	0.00000e+00	8.51547e+08	10	1	1
11.00000	1.89520	30.000000	1500	0.00289	7.33145e-02	0.220	0.00707	0.00000e+00	2.81773e+09	10	1	1
11.00000	1.89520	30.000000	1500	0.00289	9.82388e-01	0.220	0.00707	0.00000e+00	2.81773e+09	10	1	1
11.00000	1.89520	30.000000	1500	0.00289	1.31636e+01	0.220	0.00707	0.00000e+00	2.81773e+09	10	1	1
11.00000	1.89520	30.000000	1500	0.00289	1.76388e+02	0.220	0.00707	0.00000e+00	2.81773e+09	10	1	1
11.00000	1.89520	30.000000	1500	0.00289	2.36354e+03	0.220	0.00707	0.00000e+00	2.81773e+09	10	1	1
11.00000	1.89520	30.000000	1500	0.00414	7.33145e-02	0.300	0.01442	0.00000e+00	5.58303e+08	10	1	1
11.00000	1.89520	30.000000	1500	0.00414	9.82388e-01	0.300	0.01442	0.00000e+00	5.58303e+08	10	1	1
11.00000	1.89520	30.000000	1500	0.00414	1.31636e+01	0.300	0.01442	0.00000e+00	5.58303e+08	10	1	1
11.00000	1.89520	30.000000	1500	0.00414	1.76388e+02	0.300	0.01442	0.00000e+00	5.58303e+08	10	1	1
11.00000	1.89520	30.000000	1500	0.00414	2.36354e+03	0.300	0.01442	0.00000e+00	5.58303e+08	10	1	1
11.00000	1.89520	30.000000	1500	0.01041	7.33145e-02	0.550	0.09151	0.00000e+00	3.31591e+07	10	1	1
11.00000	1.89520	30.000000	1500	0.01041	9.82388e-01	0.550	0.09151	0.00000e+00	3.31591e+07	10	1	1
11.00000	1.89520	30.000000	1500	0.01041	1.31636e+01	0.550	0.09151	0.00000e+00	3.31591e+07	10	1	1
11.00000	1.89520	30.000000	1500	0.01041	1.76388e+02	0.550	0.09151	0.00000e+00	3.31591e+07	10	1	1
11.00000	1.89520	30.000000	1500	0.01041	2.36354e+03	0.550	0.09151	0.00000e+00	3.31591e+07	10	1	1
11.00000	1.89520	30.000000	1500	0.03443	7.33145e-02	1.000	1.00000	0.00000e+00	2.10040e+06	10	1	1
11.00000	1.89520	30.000000	1500	0.03443	9.82388e-01	1.000	1.00000	0.00000e+00	2.10040e+06	10	1	1
11.00000	1.89520	30.000000	1500	0.03443	1.31636e+01	1.000	1.00000	3.59729e+01	2.10040e+06	1	0	0
11.00000	1.89520	30.000000	1500	0.03443	1.76388e+02	1.000	1.00000	6.76305e+02	2.10040e+06	1	0	0
11.00000	1.89520	30.000000	1500	0.03443	2.36354e+03	1.000	1.00000	0.00000e+00	2.10040e+06	10	1	1
15.00000	5.34149	5.150000	400	0.01644	7.33145e-02	0.100	0.00115	0.00000e+00	7.95415e+07	10	1	1
15.00000	5.34149	5.150000	400	0.01644	9.82388e-01	0.100	0.00115	0.00000e+00	7.95415e+07	10	1	1
15.00000	5.34149	5.150000	400	0.01644	1.31636e+01	0.100	0.00115	0.00000e+00	7.95415e+07	10	1	1
15.00000	5.34149	5.150000	400	0.01644	1.76388e+02	0.100	0.00115	0.00000e+00	7.95415e+07	10	1	1
15.00000	5.34149	5.150000	400	0.01644	2.36354e+03	0.100	0.00115	0.00000e+00	7.95415e+07	10	1	1
15.00000	5.34149	5.150000	400	0.04070	7.33145e-02	0.220	0.00707	0.00000e+00	4.92782e+07	10	1	1
15.00000	5.34149	5.150000	400	0.04070	9.82388e-01	0.220	0.00707	0.00000e+00	4.92782e+07	10	1	1
15.00000	5.34149	5.150000	400	0.04070	1.31636e+01	0.220	0.00707	2.92270e+05	4.92782e+07	1	0	0
15.00000	5.34149	5.150000	400	0.04070	1.76388e+02	0.220	0.00707	0.00000e+00	4.92782e+07	10	1	1
15.00000	5.34149	5.150000	400	0.04070	2.36354e+03	0.220	0.00707	0.00000e+00	4.92782e+07	10	1	1
15.00000	5.34149	5.150000	400	0.05815	7.33145e-02	0.300	0.01442	0.00000e+00	2.50204e+07	10	1	1
15.00000	5.34149	5.150000	400	0.05815	9.82388e-01	0.300	0.01442	0.00000e+00	2.50204e+07	10	1	1
15.00000	5.34149	5.150000	400	0.05815	1.31636e+01	0.300	0.01442	9.86001e+07	2.50204e+07	1	0	0
15.00000	5.34149	5.150000	400	0.05815	1.76388e+02	0.300	0.01442	0.00000e+00	2.50204e+07	10	1	1
15.00000	5.34149	5.150000	400	0.05815	2.36354e+03	0.300	0.01442	0.00000e+00	2.50204e+07	10	1	1
15.00000	5.34149	5.150000	400	0.14646	7.33145e-02	0.550	0.09151	0.00000e+00	3.59611e+06	10	1	1
15.00000	5.34149	5.150000	400	0.14646	9.82388e-01	0.550	0.09151	0.00000e+00	3.59611e+06	10	1	1
15.00000	5.34149	5.150000	400	0.14646	1.31636e+01	0.550	0.09151	0.00000e+00	3.59611e+06	10	1	1
15.00000	5.34149	5.150000	400	0.14646	1.76388e+02	0.550	0.09151	0.00000e+00	3.59611e+06	10	1	1
15.00000	5.34149	5.150000	400	0.14646	2.36354e+03	0.550	0.09151	0.00000e+00	3.59611e+06	10	1	1
15.00000	5.34149	5.150000	400	0.48417	7.33145e-02	1.000	1.00000	0.00000e+00	3.12538e+05	10	1	1
15.00000	5.34149	5.150000	400	0.48417	9.82388e-01	1.000	1.00000	0.00000e+00	3.12538e+05	10	1	1
15.00000	5.34149	5.150000	400	0.48417	1.31636e+01	1.000	1.00000	0.00000e+00	3.12538e+05	10	1	1
15.00000	5.34149	5.150000	400	0.48417	1.76388e+02	1.000	1.00000	0.00000e+00	3.12538e+05	10	1	1
15.00000	5.34149	5.150000	400	0.48417	2.36354e+03	1.000	1.00000	0.00000e+00	3.12538e+05	10	1	1
15.00000	5.34149	5.150000	675	0.00577	7.33145e-02	0.100	0.00115	3.65607e+04	4.37379e+09	1	0	0
15.00000	5.34149	5.150000	675	0.00577	9.82388e-01	0.100	0.00115	4.60364e+05	4.37379e+09	1	0	0
15.00000	5.34149	5.150000	675	0.00577	1.31636e+01	0.100	0.00115	4.65884e+06	4.37379e+09	1	0	0
15.00000	5.34149	5.150000	675	0.00577	1.76388e+02	0.100	0.00115	3.64017e+07	4.37379e+09	0	0	0
15.00000	5.34149	5.150000	675	0.00577	2.36354e+03	0.100	0.00115	0.00000e+00	4.37379e+09	10	1	1
15.00000	5.34149	5.150000	675	0.01429	7.33145e-02	0.220	0.00707	0.00000e+00	7.14945e+08	10	1	1
15.00000	5.34149	5.150000	675	0.01429	9.82388e-01	0.220	0.00707	0.00000e+00	7.14945e+08	10	1	1
15.00000	5.34149	5.150000	675	0.01429	1.31636e+01	0.220	0.00707	0.00000e+00	7.14945e+08	10	1	1
15.00000	5.34149	5.150000	675	0.01429	1.76388e+02	0.220	0.00707	0.00000e+00	7.14945e+08	10	1	1
15.00000	5.34149	5.150000	675	0.01429	2.36354e+03	0.220	0.00707	0.00000e+00	7.14945e+08	10	1	1
15.00000	5.34149	5.150000	675	0.02042	7.33145e-02	0.300	0.01442	0.00000e+00	3.04805e+08	10	1	1
15.00000	5.34149	5.150000	675	0.02042	9.82388e-01	0.300	0.01442	0.00000e+00	3.04805e+08	10	1	1
15.00000	5.34149	5.150000	675	0.02042	1.31636e+01	0.300	0.01442	0.00000e+00	3.04805e+08	10	1	1
15.00000	5.34149	5.150000	675	0.02042	1.76388e+02	0.300	0.01442	0.00000e+00	3.04805e+08	10	1	1
15.00000	5.34149	5.150000	675	0.02042	2.36354e+03	0.300	0.01442	0.00000e+00	3.04805e+08	10	1	1
15.00000	5.34149	5.150000	675	0.05143	7.33145e-02	0.550	0.09151	0.00000e+00	3.44480e+07	10	1	1
15.00000	5.34149	5.150000	675	0.05143	9.82388e-01	0.550	0.09151	0.00000e+00	3.44480e+07	10	1	1
15.00000	5.34149	5.150000	675	0.05143	1.31636e+01	0.550	0.09151	0.00000e+00	3.44480e+07	10	1	1
15.00000	5.34149	5.150000	675	0.05143	1.76388e+02	0.550	0.09151	0.00000e+00	3.44480e+07	10	1	1
15.00000	5.34149	5.150000	675	0.05143	2.36354e+03	0.550	0.09151	0.00000e+00	3.44480e+07	10	1	1
15.00000	5.34149	5.150000	675	0.17002	7.33145e-02	1.000	1.00000	0.00000e+00	2.67997e+06	10	1	1
15.00000	5.34149	5.150000	675	0.17002	9.82388e-01	1.000	1.00000	0.00000e+00	2.67997e+06	10	1	1
15.00000	5.34149	5.150000	675	0.17002	1.31636e+01	1.000	1.00000	0.00000e+00	2.67997e+06	10	1	1
15.00000	5.34149	5.150000	675	0.17002	1.76388e+02	1.000	1.00000	0.00000e+00	2.67997e+06	10	1	1
15.00000	5.34149	5.150000	675	0.17002	2.36354e+03	1.000	1.00000	0.00000e+00	2.67997e+06	10	1	1
15.00000	5.34149	5.150000	950	0.00291	7.33145e-02	0.100	0.00115	0.00000e+00	4.07731e+09	10	1	1
15.00000	5.34149	5.150000	950	0.00291	9.82388e-01	0.100	0.00115	0.00000e+00	4.07731e+09	10	1	1
15.00000	5.34149	5.150000	950	0.00291	1.31636e+01	0.100	0.00115	0.00000e+00	4.07731e+09	10	1	1
15.00000	5.34149	5.150000	950	0.00291	1.76388e+02	0.100	0.00115	0.00000e+00	4.07731e+09	10	1	1
15.00000	5.34149	5.150000	950	0.00291	2.36354e+03	0.100	0.00115	0.00000e+00	4.07731e+09	10	1	1
15.00000	5.34149	5.150000	950	0.00722	7.33145e-02	0.220	0.00707	3.65607e+04	1.73461e+10	1	0	0
15.00000	5.34149	5.150000	950	0.00722	9.82388e-01	0.220	0.00707	4.60364e+05	1.73461e+10	1	0	0
15.00000	5.34149	5.150000	950	0.00722	1.31636e+01	0.220	0.00707	4.65884e+06	1.73461e+10	1	0	0
15.00000	5.34149	5.150000	950	0.00722	1.76388e+02	0.220	0.00707	0.00000e+00	1.73461e+10	10	1	1
15.00000	5.34149	5.150000	950	0.00722	2.36354e+03	0.220	0.00707	0.00000e+00	1.73461e+10	10	1	1
15.00000	5.34149	5.150000	950	0.01031	7.33145e-02	0.300	0.01442	3.65607e+04	3.21052e+09	1	0	0
15.00000	5.34149	5.150000	950	0.01031	9.82388e-01	0.300	0.01442	4.60364e+05	3.21052e+09	1	0	0
15.00000	5.34149	5.150000	950	0.01031	1.31636e+01	0.300	0.01442	4.65884e+06	3.21052e+09	1	0	0
15.00000	5.34149	5.150000	950	0.01031	1.76388e+02	0.300	0.01442	0.00000e+00	3.21052e+09	10	1	1
15.00000	5.34149	5.150000	950	0.01031	2.36354e+03	0.300	0.01442	0.00000e+00	3.21052e+09	10	1	1
15.00000	5.34149	5.150000	950	0.02597	7.33145e-02	0.550	0.09151	0.00000e+00	1.83440e+08	10	1	1
15.00000	5.34149	5.150000	950	0.02597	9.82388e-01	0.550	0.09151	9.77912e+04	1.83440e+08	0	0	0
15.00000	5.34149	5.150000	950	0.02597	1.31636e+01	0.550	0.09151	7.13595e+05	1.83440e+08	0	0	0
15.00000	5.34149	5.150000	950	0.02597	1.76388e+02	0.550	0.09151	4.41976e+06	1.83440e+08	0	0	0
15.00000	5.34149	5.150000	950	0.02597	2.36354e+03	0.550	0.09151	4.21595e+07	1.83440e+08	0	0	0
15.00000	5.34149	5.150000	950	0.08584	7.33145e-02	1.000	1.00000	0.00000e+00	1.15089e+07	10	1	1
15.00000	5.34149	5.150000	950	0.08584	9.82388e-01	1.000	1.00000	0.00000e+00	1.15089e+07	10	1	1
15.00000	5.34149	5.150000	950	0.08584	1.31636e+01	1.000	1.00000	0.00000e+00	1.15089e+07	10	1	1
15.00000	5.34149	5.150000	950	0.08584	1.76388e+02	1.000	1.00000	0.00000e+00	1.15089e+07	10	1	1
15.00000	5.34149	5.150000	950	0.08584	2.36354e+03	1.000	1.00000	0.00000e+00	1.15089e+07	10	1	1
15.00000	5.34149	5.150000	1225	0.00175	7.33145e-02	0.100	0.00115	0.00000e+00	9.32396e+08	10	1	1
15.00000	5.34149	5.150000	1225	0.00175	9.82388e-01	0.100	0.00115	0.00000e+00	9.32396e+08	10	1	1
15.00000	5.34149	5.150000	1225	0.00175	1.31636e+01	0.100	0.00115	0.00000e+00	9.32396e+08	10	1	1
15.00000	5.34149	5.150000	1225	0.00175	1.76388e+02	0.100	0.00115	0.00000e+00	9.32396e+08	10	1	1
15.00000	5.34149	5.150000	1225	0.00175	2.36354e+03	0.100	0.00115	0.00000e+00	9.32396e+08	10	1	1
15.00000	5.34149	5.150000	1225	0.00434	7.33145e-02	0.220	0.00707	0.00000e+00	2.60645e+10	10	1	1
15.00000	5.34149	5.150000	1225	0.00434	9.82388e-01	0.220	0.00707	0.00000e+00	2.60645e+10	10	1	1
15.00000	5.34149	5.150000	1225	0.00434	1.31636e+01	0.220	0.00707	0.00000e+00	2.60645e+10	10	1	1
15.00000	5.34149	5.150000	1225	0.00434	1.76388e+02	0.220	0.00707	0.00000e+00	2.60645e+10	10	1	1
15.00000	5.34149	5.150000	1225	0.00434	2.36354e+03	0.220	0.00707	0.00000e+00	2.60645e+10	10	1	1
15.00000	5.34149	5.150000	1225	0.00620	7.33145e-02	0.300	0.01442	0.00000e+00	1.09369e+14	10	1	1
15.00000	5.34149	5.150000	1225	0.00620	9.82388e-01	0.300	0.01442	0.00000e+00	1.09369e+14	10	1	1
15.00000	5.34149	5.150000	1225	0.00620	1.31636e+01	0.300	0.01442	0.00000e+00	1.09369e+14	10	1	1
15.00000	5.34149	5.150000	1225	0.00620	1.76388e+02	0.300	0.01442	0.00000e+00	1.09369e+14	10	1	1
15.00000	5.34149	5.150000	1225	0.00620	2.36354e+03	0.300	0.01442	0.00000e+00	1.09369e+14	10	1	1
15.00000	5.34149	5.150000	1225	0.01562	7.33145e-02	0.550	0.09151	0.00000e+00	8.83458e+08	10	1	1
15.00000	5.34149	5.150000	1225	0.01562	9.82388e-01	0.550	0.09151	4.60364e+05	8.83458e+08	1	0	0
15.00000	5.34149	5.150000	1225	0.01562	1.31636e+01	0.550	0.09151	4.65884e+06	8.83458e+08	1	0	0
15.00000	5.34149	5.150000	1225	0.01562	1.76388e+02	0.550	0.09151	0.00000e+00	8.83458e+08	10	1	1
15.00000	5.34149	5.150000	1225	0.01562	2.36354e+03	0.550	0.09151	0.00000e+00	8.83458e+08	10	1	1
15.00000	5.34149	5.150000	1225	0.05162	7.33145e-02	1.000	1.00000	0.00000e+00	3.63520e+07	10	1	1
15.00000	5.34149	5.150000	1225	0.05162	9.82388e-01	1.000	1.00000	0.00000e+00	3.63520e+07	10	1	1
15.00000	5.34149	5.150000	1225	0.05162	1.31636e+01	1.000	1.00000	0.00000e+00	3.63520e+07	10	1	1
15.00000	5.34149	5.150000	1225	0.05162	1.76388e+02	1.000	1.00000	0.00000e+00	3.63520e+07	10	1	1
15.00000	5.34149	5.150000	1225	0.05162	2.36354e+03	1.000	1.00000	0.00000e+00	3.63520e+07	10	1	1
15.00000	5.34149	5.150000	1500	0.00117	7.33145e-02	0.100	0.00115	0.00000e+00	4.83051e+08	10	1	1
15.00000	5.34149	5.150000	1500	0.00117	9.82388e-01	0.100	0.00115	0.00000e+00	4.83051e+08	10	1	1
15.00000	5.34149	5.150000	1500	0.00117	1.31636e+01	0.100	0.00115	0.00000e+00	4.83051e+08	10	1	1
15.00000	5.34149	5.150000	1500	0.00117	1.76388e+02	0.100	0.00115	0.00000e+00	4.83051e+08	10	1	1
15.00000	5.34149	5.150000	1500	0.00117	2.36354e+03	0.100	0.00115	0.00000e+00	4.83051e+08	10	1	1
15.00000	5.34149	5.150000	1500	0.00289	7.33145e-02	0.220	0.00707	0.00000e+00	4.61815e+09	10	1	1
15.00000	5.34149	5.150000	1500	0.00289	9.82388e-01	0.220	0.00707	0.00000e+00	4.61815e+09	10	1	1
15.00000	5.34149	5.150000	1500	0.00289	1.31636e+01	0.220	0.00707	0.00000e+00	4.61815e+09	10	1	1
15.00000	5.34149	5.150000	1500	0.00289	1.76388e+02	0.220	0.00707	0.00000e+00	4.61815e+09	10	1	1
15.00000	5.34149	5.150000	1500	0.00289	2.36354e+03	0.220	0.00707	0.00000e+00	4.61815e+09	10	1	1
15.00000	5.34149	5.150000	1500	0.00414	7.33145e-02	0.300	0.01442	0.00000e+00	9.74863e+09	10	1	1
15.00000	5.34149	5.150000	1500	0.00414	9.82388e-01	0.300	0.01442	0.00000e+00	9.74863e+09	10	1	1
15.00000	5.34149	5.150000	1500	0.00414	1.31636e+01	0.300	0.01442	0.00000e+00	9.74863e+09	10	1	1
15.00000	5.34149	5.150000	1500	0.00414	1.76388e+02	0.300	0.01442	0.00000e+00	9.74863e+09	10	1	1
15.00000	5.34149	5.150000	1500	0.00414	2.36354e+03	0.300	0.01442	0.00000e+00	9.74863e+09	10	1	1
15.00000	5.34149	5.150000	1500	0.01041	7.33145e-02	0.550	0.09151	3.65607e+04	6.41825e+09	1	0	0
15.00000	5.34149	5.150000	1500	0.01041	9.82388e-01	0.550	0.09151	4.60364e+05	6.41825e+09	1	0	0
15.00000	5.34149	5.150000	1500	0.01041	1.31636e+01	0.550	0.09151	4.65884e+06	6.41825e+09	1	0	0
15.00000	5.34149	5.150000	1500	0.01041	1.76388e+02	0.550	0.09151	0.00000e+00	6.41825e+09	10	1	1
15.00000	5.34149	5.150000	1500	0.01041	2.36354e+03	0.550	0.09151	0.00000e+00	6.41825e+09	10	1	1
15.00000	5.34149	5.150000	1500	0.03443	7.33145e-02	1.000	1.00000	0.00000e+00	9.88305e+07	10	1	1
15.00000	5.34149	5.150000	1500	0.03443	9.82388e-01	1.000	1.00000	0.00000e+00	9.88305e+07	10	1	1
15.00000	5.34149	5.150000	1500	0.03443	1.31636e+01	1.000	1.00000	0.00000e+00	9.88305e+07	10	1	1
15.00000	5.34149	5.150000	1500	0.03443	1.76388e+02	1.000	1.00000	0.00000e+00	9.88305e+07	10	1	1
15.00000	5.34149	5.150000	1500	0.03443	2.36354e+03	1.000	1.00000	0.00000e+00	9.88305e+07	10	1	1
15.00000	4.50502	7.240000	400	0.01644	7.33145e-02	0.100	0.00115	0.00000e+00	3.68105e+07	10	1	1
15.00000	4.50502	7.240000	400	0.01644	9.82388e-01	0.100	0.00115	9.66339e+03	3.68105e+07	0	0	0
15.00000	4.50502	7.240000	400	0.01644	1.31636e+01	0.100	0.00115	8.74683e+04	3.68105e+07	0	0	0
15.00000	4.50502	7.240000	400	0.01644	1.76388e+02	0.100	0.00115	1.01062e+06	3.68105e+07	0	0	0
15.00000	4.50502	7.240000	400	0.01644	2.36354e+03	0.100	0.00115	1.45607e+07	3.68105e+07	0	0	0
15.00000	4.50502	7.240000	400	0.04070	7.33145e-02	0.220	0.00707	1.58500e+02	2.39806e+07	0	0	0
15.00000	4.50502	7.240000	400	0.04070	9.82388e-01	0.220	0.00707	1.87061e+03	2.39806e+07	0	0	0
15.00000	4.50502	7.240000	400	0.04070	1.31636e+01	0.220	0.00707	2.41718e+04	2.39806e+07	0	0	0
15.00000	4.50502	7.240000	400	0.04070	1.76388e+02	0.220	0.00707	4.12395e+05	2.39806e+07	0	0	0
15.00000	4.50502	7.240000	400	0.04070	2.36354e+03	0.220	0.00707	8.25428e+06	2.39806e+07	0	0	0
15.00000	4.50502	7.240000	400	0.05815	7.33145e-02	0.300	0.01442	9.83285e+01	1.22985e+07	0	0	0
15.00000	4.50502	7.240000	400	0.05815	9.82388e-01	0.300	0.01442	1.26789e+03	1.22985e+07	0	0	0
15.00000	4.50502	7.240000	400	0.05815	1.31636e+01	0.300	0.01442	1.83593e+04	1.22985e+07	0	0	0
15.00000	4.50502	7.240000	400	0.05815	1.76388e+02	0.300	0.01442	3.35528e+05	1.22985e+07	0	0	0
15.00000	4.50502	7.240000	400	0.05815	2.36354e+03	0.300	0.01442	7.35178e+06	1.22985e+07	0	0	0
15.00000	4.50502	7.240000	400	0.14646	7.33145e-02	0.550	0.09151	5.29137e+01	1.79602e+06	0	0	0
15.00000	4.50502	7.240000	400	0.14646	9.82388e-01	0.550	0.09151	7.12788e+02	1.79602e+06	0	0	0
15.00000	4.50502	7.240000	400	0.14646	1.31636e+01	0.550	0.09151	1.31080e+04	1.79602e+06	0	0	0
15.00000	4.50502	7.240000	400	0.14646	1.76388e+02	0.550	0.09151	2.47013e+05	1.79602e+06	0	0	0
15.00000	4.50502	7.240000	400	0.14646	2.36354e+03	0.550	0.09151	6.53896e+06	1.79602e+06	0	0	0
15.00000	4.50502	7.240000	400	0.48417	7.33145e-02	1.000	1.00000	3.89821e+01	1.57414e+05	0	0	0
15.00000	4.50502	7.240000	400	0.48417	9.82388e-01	1.000	1.00000	5.52806e+02	1.57414e+05	0	0	0
15.00000	4.50502	7.240000	400	0.48417	1.31636e+01	1.000	1.00000	1.09329e+04	1.57414e+05	0	0	0
15.00000	4.50502	7.240000	400	0.48417	1.76388e+02	1.000	1.00000	2.17899e+05	1.57414e+05	0	0	0
15.00000	4.50502	7.240000	400	0.48417	2.36354e+03	1.000	1.00000	6.28106e+06	1.57414e+05	0	0	0
15.00000	4.50502	7.240000	675	0.00577	7.33145e-02	0.100	0.00115	7.33502e+04	1.09789e+09	0	0	0
15.00000	4.50502	7.240000	675	0.00577	9.82388e-01	0.100	0.00115	8.61599e+05	1.09789e+09	0	0	0
15.00000	4.50502	7.240000	675	0.00577	1.31636e+01	0.100	0.00115	7.35026e+06	1.09789e+09	0	0	0
15.00000	4.50502	7.240000	675	0.00577	1.76388e+02	0.100	0.00115	3.63899e+07	1.09789e+09	0	0	0
15.00000	4.50502	7.240000	675	0.00577	2.36354e+03	0.100	0.00115	9.58356e+07	1.09789e+09	0	0	0
15.00000	4.50502	7.240000	675	0.01429	7.33145e-02	0.220	0.00707	5.02112e+03	3.06778e+08	0	0	0
15.00000	4.50502	7.240000	675	0.01429	9.82388e-01	0.220	0.00707	5.52442e+04	3.06778e+08	0	0	0
15.00000	4.50502	7.240000	675	0.01429	1.31636e+01	0.220	0.00707	4.20835e+05	3.06778e+08	0	0	0
15.00000	4.50502	7.240000	675	0.01429	1.76388e+02	0.220	0.00707	2.65316e+06	3.06778e+08	0	0	0
15.00000	4.50502	7.240000	675	0.01429	2.36354e+03	0.220	0.00707	2.58092e+07	3.06778e+08	0	0	0
15.00000	4.50502	7.240000	675	0.02042	7.33145e-02	0.300	0.01442	1.66015e+03	1.38067e+08	0	0	0
15.00000	4.50502	7.240000	675	0.02042	9.82388e-01	0.300	0.01442	1.70507e+04	1.38067e+08	0	0	0
15.00000	4.50502	7.240000	675	0.02042	1.31636e+01	0.300	0.01442	1.39205e+05	1.38067e+08	0	0	0
15.00000	4.50502	7.240000	675	0.02042	1.76388e+02	0.300	0.01442	1.36504e+06	1.38067e+08	0	0	0
15.00000	4.50502	7.240000	675	0.02042	2.36354e+03	0.300	0.01442	1.76213e+07	1.38067e+08	0	0	0
15.00000	4.50502	7.240000	675	0.05143	7.33145e-02	0.550	0.09151	3.12765e+02	1.67050e+07	0	0	0
15.00000	4.50502	7.240000	675	0.05143	9.82388e-01	0.550	0.09151	2.12955e+03	1.67050e+07	0	0	0
15.00000	4.50502	7.240000	675	0.05143	1.31636e+01	0.550	0.09151	3.83439e+04	1.67050e+07	0	0	0
15.00000	4.50502	7.240000	675	0.05143	1.76388e+02	0.550	0.09151	4.41769e+05	1.67050e+07	0	0	0
15.00000	4.50502	7.240000	675	0.05143	2.36354e+03	0.550	0.09151	1.01410e+07	1.67050e+07	0	0	0
15.00000	4.50502	7.240000	675	0.17002	7.33145e-02	1.000	1.00000	1.09127e+02	1.33751e+06	0	0	0
15.00000	4.50502	7.240000	675	0.17002	9.82388e-01	1.000	1.00000	7.29213e+02	1.33751e+06	0	0	0
15.00000	4.50502	7.240000	675	0.17002	1.31636e+01	1.000	1.00000	1.94531e+04	1.33751e+06	0	0	0
15.00000	4.50502	7.240000	675	0.17002	1.76388e+02	1.000	1.00000	2.49968e+05	1.33751e+06	0	0	0
15.00000	4.50502	7.240000	675	0.17002	2.36354e+03	1.000	1.00000	7.52817e+06	1.33751e+06	0	0	0
15.00000	4.50502	7.240000	950	0.00291	7.33145e-02	0.100	0.00115	0.00000e+00	8.48475e+09	10	1	1
15.00000	4.50502	7.240000	950	0.00291	9.82388e-01	0.100	0.00115	0.00000e+00	8.48475e+09	10	1	1
15.00000	4.50502	7.240000	950	0.00291	1.31636e+01	0.100	0.00115	0.00000e+00	8.48475e+09	10	1	1
15.00000	4.50502	7.240000	950	0.00291	1.76388e+02	0.100	0.00115	0.00000e+00	8.48475e+09	10	1	1
15.00000	4.50502	7.240000	950	0.00291	2.36354e+03	0.100	0.00115	0.00000e+00	8.48475e+09	10	1	1
15.00000	4.50502	7.240000	950	0.00722	7.33145e-02	0.220	0.00707	0.00000e+00	3.91641e+09	10	1	1
15.00000	4.50502	7.240000	950	0.00722	9.82388e-01	0.220	0.00707	0.00000e+00	3.91641e+09	10	1	1
15.00000	4.50502	7.240000	950	0.00722	1.31636e+01	0.220	0.00707	8.49915e+06	3.91641e+09	1	0	0
15.00000	4.50502	7.240000	950	0.00722	1.76388e+02	0.220	0.00707	2.89350e+07	3.91641e+09	1	0	0
15.00000	4.50502	7.240000	950	0.00722	2.36354e+03	0.220	0.00707	0.00000e+00	3.91641e+09	10	1	1
15.00000	4.50502	7.240000	950	0.01031	7.33145e-02	0.300	0.01442	2.00796e+04	1.10621e+09	0	0	0
15.00000	4.50502	7.240000	950	0.01031	9.82388e-01	0.300	0.01442	2.48463e+05	1.10621e+09	0	0	0
15.00000	4.50502	7.240000	950	0.01031	1.31636e+01	0.300	0.01442	2.49060e+06	1.10621e+09	0	0	0
15.00000	4.50502	7.240000	950	0.01031	1.76388e+02	0.300	0.01442	1.42750e+07	1.10621e+09	0	0	0
15.00000	4.50502	7.240000	950	0.01031	2.36354e+03	0.300	0.01442	5.57570e+07	1.10621e+09	0	0	0
15.00000	4.50502	7.240000	950	0.02597	7.33145e-02	0.550	0.09151	3.74905e+03	8.35967e+07	0	0	0
15.00000	4.50502	7.240000	950	0.02597	9.82388e-01	0.550	0.09151	1.44506e+04	8.35967e+07	0	0	0
15.00000	4.50502	7.240000	950	0.02597	1.31636e+01	0.550	0.09151	1.21412e+05	8.35967e+07	0	0	0
15.00000	4.50502	7.240000	950	0.02597	1.76388e+02	0.550	0.09151	1.25207e+06	8.35967e+07	0	0	0
15.00000	4.50502	7.240000	950	0.02597	2.36354e+03	0.550	0.09151	2.32048e+07	8.35967e+07	0	0	0
15.00000	4.50502	7.240000	950	0.08584	7.33145e-02	1.000	1.00000	5.39915e+02	5.65479e+06	0	0	0
15.00000	4.50502	7.240000	950	0.08584	9.82388e-01	1.000	1.00000	1.28355e+03	5.65479e+06	0	0	0
15.00000	4.50502	7.240000	950	0.08584	1.31636e+01	1.000	1.00000	5.79747e+04	5.65479e+06	0	0	0
15.00000	4.50502	7.240000	950	0.08584	1.76388e+02	1.000	1.00000	3.37781e+05	5.65479e+06	0	0	0
15.00000	4.50502	7.240000	950	0.08584	2.36354e+03	1.000	1.00000	1.21903e+07	5.65479e+06	0	0	0
15.00000	4.50502	7.240000	1225	0.00175	7.33145e-02	0.100	0.00115	0.00000e+00	9.55631e+08	10	1	1
15.00000	4.50502	7.240000	1225	0.00175	9.82388e-01	0.100	0.00115	0.00000e+00	9.55631e+08	10	1	1
15.00000	4.50502	7.240000	1225	0.00175	1.31636e+01	0.100	0.00115	0.00000e+00	9.55631e+08	10	1	1
15.00000	4.50502	7.240000	1225	0.00175	1.76388e+02	0.100	0.00115	0.00000e+00	9.55631e+08	10	1	1
15.00000	4.50502	7.240000	1225	0.00175	2.36354e+03	0.100	0.00115	0.00000e+00	9.55631e+08	10	1	1
15.00000	4.50502	7.240000	1225	0.00434	7.33145e-02	0.220	0.00707	0.00000e+00	1.64917e+11	10	1	1
15.00000	4.50502	7.240000	1225	0.00434	9.82388e-01	0.220	0.00707	0.00000e+00	1.64917e+11	10	1	1
15.00000	4.50502	7.240000	1225	0.00434	1.31636e+01	0.220	0.00707	0.00000e+00	1.64917e+11	10	1	1
15.00000	4.50502	7.240000	1225	0.00434	1.76388e+02	0.220	0.00707	0.00000e+00	1.64917e+11	10	1	1
15.00000	4.50502	7.240000	1225	0.00434	2.36354e+03	0.220	0.00707	0.00000e+00	1.64917e+11	10	1	1
15.00000	4.50502	7.240000	1225	0.00620	7.33145e-02	0.300	0.01442	0.00000e+00	2.59480e+10	10	1	1
15.00000	4.50502	7.240000	1225	0.00620	9.82388e-01	0.300	0.01442	0.00000e+00	2.59480e+10	10	1	1
15.00000	4.50502	7.240000	1225	0.00620	1.31636e+01	0.300	0.01442	0.00000e+00	2.59480e+10	10	1	1
15.00000	4.50502	7.240000	1225	0.00620	1.76388e+02	0.300	0.01442	0.00000e+00	2.59480e+10	10	1	1
15.00000	4.50502	7.240000	1225	0.00620	2.36354e+03	0.300	0.01442	0.00000e+00	2.59480e+10	10	1	1
15.00000	4.50502	7.240000	1225	0.01562	7.33145e-02	0.550	0.09151	1.11111e+04	3.50440e+08	0	0	0
15.00000	4.50502	7.240000	1225	0.01562	9.82388e-01	0.550	0.09151	1.33025e+05	3.50440e+08	0	0	0
15.00000	4.50502	7.240000	1225	0.01562	1.31636e+01	0.550	0.09151	1.21625e+06	3.50440e+08	0	0	0
15.00000	4.50502	7.240000	1225	0.01562	1.76388e+02	0.550	0.09151	5.73412e+06	3.50440e+08	0	0	0
15.00000	4.50502	7.240000	1225	0.01562	2.36354e+03	0.550	0.09151	0.00000e+00	3.50440e+08	10	1	1
15.00000	4.50502	7.240000	1225	0.05162	7.33145e-02	1.000	1.00000	4.07284e+03	1.74245e+07	0	0	0
15.00000	4.50502	7.240000	1225	0.05162	9.82388e-01	1.000	1.00000	3.24107e+03	1.74245e+07	0	0	0
15.00000	4.50502	7.240000	1225	0.05162	1.31636e+01	1.000	1.00000	3.30616e+05	1.74245e+07	0	0	0
15.00000	4.50502	7.240000	1225	0.05162	1.76388e+02	1.000	1.00000	5.52967e+05	1.74245e+07	0	0	0
15.00000	4.50502	7.240000	1225	0.05162	2.36354e+03	1.000	1.00000	2.39076e+07	1.74245e+07	0	0	0
15.00000	4.50502	7.240000	1500	0.00117	7.33145e-02	0.100	0.00115	0.00000e+00	4.41750e+08	10	1	1
15.00000	4.50502	7.240000	1500	0.00117	9.82388e-01	0.100	0.00115	0.00000e+00	4.41750e+08	10	1	1
15.00000	4.50502	7.240000	1500	0.00117	1.31636e+01	0.100	0.00115	0.00000e+00	4.41750e+08	10	1	1
15.00000	4.50502	7.240000	1500	0.00117	1.76388e+02	0.100	0.00115	0.00000e+00	4.41750e+08	10	1	1
15.00000	4.50502	7.240000	1500	0.00117	2.36354e+03	0.100	0.00115	0.00000e+00	4.41750e+08	10	1	1
15.00000	4.50502	7.240000	1500	0.00289	7.33145e-02	0.220	0.00707	0.00000e+00	5.56972e+09	10	1	1
15.00000	4.50502	7.240000	1500	0.00289	9.82388e-01	0.220	0.00707	0.00000e+00	5.56972e+09	10	1	1
15.00000	4.50502	7.240000	1500	0.00289	1.31636e+01	0.220	0.00707	0.00000e+00	5.56972e+09	10	1	1
15.00000	4.50502	7.240000	1500	0.00289	1.76388e+02	0.220	0.00707	0.00000e+00	5.56972e+09	10	1	1
15.00000	4.50502	7.240000	1500	0.00289	2.36354e+03	0.220	0.00707	0.00000e+00	5.56972e+09	10	1	1
15.00000	4.50502	7.240000	1500	0.00414	7.33145e-02	0.300	0.01442	0.00000e+00	1.90633e+10	10	1	1
15.00000	4.50502	7.240000	1500	0.00414	9.82388e-01	0.300	0.01442	0.00000e+00	1.90633e+10	10	1	1
15.00000	4.50502	7.240000	1500	0.00414	1.31636e+01	0.300	0.01442	0.00000e+00	1.90633e+10	10	1	1
15.00000	4.50502	7.240000	1500	0.00414	1.76388e+02	0.300	0.01442	0.00000e+00	1.90633e+10	10	1	1
15.00000	4.50502	7.240000	1500	0.00414	2.36354e+03	0.300	0.01442	0.00000e+00	1.90633e+10	10	1	1
15.00000	4.50502	7.240000	1500	0.01041	7.33145e-02	0.550	0.09151	5.62716e+04	1.69201e+09	0	0	0
15.00000	4.50502	7.240000	1500	0.01041	9.82388e-01	0.550	0.09151	6.76489e+05	1.69201e+09	0	0	0
15.00000	4.50502	7.240000	1500	0.01041	1.31636e+01	0.550	0.09151	6.07000e+06	1.69201e+09	0	0	0
15.00000	4.50502	7.240000	1500	0.01041	1.76388e+02	0.550	0.09151	3.09694e+07	1.69201e+09	0	0	0
15.00000	4.50502	7.240000	1500	0.01041	2.36354e+03	0.550	0.09151	8.75210e+07	1.69201e+09	0	0	0
15.00000	4.50502	7.240000	1500	0.03443	7.33145e-02	1.000	1.00000	1.60112e+04	4.55717e+07	0	0	0
15.00000	4.50502	7.240000	1500	0.03443	9.82388e-01	1.000	1.00000	1.04490e+04	4.55717e+07	0	0	0
15.00000	4.50502	7.240000	1500	0.03443	1.31636e+01	1.000	1.00000	9.32379e+04	4.55717e+07	0	0	0
15.00000	4.50502	7.240000	1500	0.03443	1.76388e+02	1.000	1.00000	1.05496e+06	4.55717e+07	0	0	0
15.00000	4.50502	7.240000	1500	0.03443	2.36354e+03	1.000	1.00000	4.82687e+07	4.55717e+07	0	0	0
15.00000	3.23968	14.000000	400	0.01644	7.33145e-02	0.100	0.00115	1.10897e+00	8.69540e+06	0	0	0
15.00000	3.23968	14.000000	400	0.01644	9.82388e-01	0.100	0.00115	3.10356e+01	8.69540e+06	0	0	0
15.00000	3.23968	14.000000	400	0.01644	1.31636e+01	0.100	0.00115	8.07476e+02	8.69540e+06	0	0	0
15.00000	3.23968	14.000000	400	0.01644	1.76388e+02	0.100	0.00115	1.98843e+04	8.69540e+06	0	0	0
15.00000	3.23968	14.000000	400	0.01644	2.36354e+03	0.100	0.00115	5.74325e+05	8.69540e+06	0	0	0
15.00000	3.23968	14.000000	400	0.04070	7.33145e-02	0.220	0.00707	2.82267e-02	6.06061e+06	0	0	0
15.00000	3.23968	14.000000	400	0.04070	9.82388e-01	0.220	0.00707	1.89865e+00	6.06061e+06	0	0	0
15.00000	3.23968	14.000000	400	0.04070	1.31636e+01	0.220	0.00707	1.12889e+02	6.06061e+06	0	0	0
15.00000	3.23968	14.000000	400	0.04070	1.76388e+02	0.220	0.00707	4.19988e+03	6.06061e+06	0	0	0
15.00000	3.23968	14.000000	400	0.04070	2.36354e+03	0.220	0.00707	1.68996e+05	6.06061e+06	0	0	0
15.00000	3.23968	14.000000	400	0.05815	7.33145e-02	0.300	0.01442	1.19851e-02	3.15244e+06	0	0	0
15.00000	3.23968	14.000000	400	0.05815	9.82388e-01	0.300	0.01442	9.37719e-01	3.15244e+06	0	0	0
15.00000	3.23968	14.000000	400	0.05815	1.31636e+01	0.300	0.01442	6.94819e+01	3.15244e+06	0	0	0
15.00000	3.23968	14.000000	400	0.05815	1.76388e+02	0.300	0.01442	2.94662e+03	3.15244e+06	0	0	0
15.00000	3.23968	14.000000	400	0.05815	2.36354e+03	0.300	0.01442	1.28174e+05	3.15244e+06	0	0	0
15.00000	3.23968	14.000000	400	0.14646	7.33145e-02	0.550	0.09151	0.00000e+00	4.71087e+05	10	1	1
15.00000	3.23968	14.000000	400	0.14646	9.82388e-01	0.550	0.09151	0.00000e+00	4.71087e+05	10	1	1
15.00000	3.23968	14.000000	400	0.14646	1.31636e+01	0.550	0.09151	3.13142e+01	4.71087e+05	0	0	0
15.00000	3.23968	14.000000	400	0.14646	1.76388e+02	0.550	0.09151	1.70014e+03	4.71087e+05	0	0	0
15.00000	3.23968	14.000000	400	0.14646	2.36354e+03	0.550	0.09151	9.07259e+04	4.71087e+05	0	0	0
15.00000	3.23968	14.000000	400	0.48417	7.33145e-02	1.000	1.00000	0.00000e+00	4.18081e+04	10	1	1
15.00000	3.23968	14.000000	400	0.48417	9.82388e-01	1.000	1.00000	0.00000e+00	4.18081e+04	10	1	1
15.00000	3.23968	14.000000	400	0.48417	1.31636e+01	1.000	1.00000	0.00000e+00	4.18081e+04	10	1	1
15.00000	3.23968	14.000000	400	0.48417	1.76388e+02	1.000	1.00000	0.00000e+00	4.18081e+04	10	1	1
15.00000	3.23968	14.000000	400	0.48417	2.36354e+03	1.000	1.00000	3.78392e+05	4.18081e+04	0	0	0
15.00000	3.23968	14.000000	675	0.00577	7.33145e-02	0.100	0.00115	3.98805e+03	1.45613e+08	0	0	0
15.00000	3.23968	14.000000	675	0.00577	9.82388e-01	0.100	0.00115	4.85115e+04	1.45613e+08	0	0	0
15.00000	3.23968	14.000000	675	0.00577	1.31636e+01	0.100	0.00115	4.54111e+05	1.45613e+08	0	0	0
15.00000	3.23968	14.000000	675	0.00577	1.76388e+02	0.100	0.00115	2.33584e+06	1.45613e+08	0	0	0
15.00000	3.23968	14.000000	675	0.00577	2.36354e+03	0.100	0.00115	1.54740e+07	1.45613e+08	0	0	0
15.00000	3.23968	14.000000	675	0.01429	7.33145e-02	0.220	0.00707	3.25030e+01	6.60164e+07	0	0	0
15.00000	3.23968	14.000000	675	0.01429	9.82388e-01	0.220	0.00707	3.84025e+02	6.60164e+07	0	0	0
15.00000	3.23968	14.000000	675	0.01429	1.31636e+01	0.220	0.00707	5.07211e+03	6.60164e+07	0	0	0
15.00000	3.23968	14.000000	675	0.01429	1.76388e+02	0.220	0.00707	9.02239e+04	6.60164e+07	0	0	0
15.00000	3.23968	14.000000	675	0.01429	2.36354e+03	0.220	0.00707	1.84062e+06	6.60164e+07	0	0	0
15.00000	3.23968	14.000000	675	0.02042	7.33145e-02	0.300	0.01442	3.64599e+00	3.17338e+07	0	0	0
15.00000	3.23968	14.000000	675	0.02042	9.82388e-01	0.300	0.01442	7.00281e+01	3.17338e+07	0	0	0
15.00000	3.23968	14.000000	675	0.02042	1.31636e+01	0.300	0.01442	1.48801e+03	3.17338e+07	0	0	0
15.00000	3.23968	14.000000	675	0.02042	1.76388e+02	0.300	0.01442	3.30801e+04	3.17338e+07	0	0	0
15.00000	3.23968	14.000000	675	0.02042	2.36354e+03	0.300	0.01442	8.51732e+05	3.17338e+07	0	0	0
15.00000	3.23968	14.000000	675	0.05143	7.33145e-02	0.550	0.09151	3.79884e-02	4.20125e+06	0	0	0
15.00000	3.23968	14.000000	675	0.05143	9.82388e-01	0.550	0.09151	2.39458e+00	4.20125e+06	0	0	0
15.00000	3.23968	14.000000	675	0.05143	1.31636e+01	0.550	0.09151	1.32039e+02	4.20125e+06	0	0	0
15.00000	3.23968	14.000000	675	0.05143	1.76388e+02	0.550	0.09151	4.72447e+03	4.20125e+06	0	0	0
15.00000	3.23968	14.000000	675	0.05143	2.36354e+03	0.550	0.09151	1.85427e+05	4.20125e+06	0	0	0
15.00000	3.23968	14.000000	675	0.17002	7.33145e-02	1.000	1.00000	0.00000e+00	3.50451e+05	10	1	1
15.00000	3.23968	14.000000	675	0.17002	9.82388e-01	1.000	1.00000	0.00000e+00	3.50451e+05	10	1	1
15.00000	3.23968	14.000000	675	0.17002	1.31636e+01	1.000	1.00000	3.24108e+01	3.50451e+05	0	0	0
15.00000	3.23968	14.000000	675	0.17002	1.76388e+02	1.000	1.00000	0.00000e+00	3.50451e+05	10	1	1
15.00000	3.23968	14.000000	675	0.17002	2.36354e+03	1.000	1.00000	0.00000e+00	3.50451e+05	10	1	1
15.00000	3.23968	14.000000	950	0.00291	7.33145e-02	0.100	0.00115	0.00000e+00	1.24699e+10	10	1	1
15.00000	3.23968	14.000000	950	0.00291	9.82388e-01	0.100	0.00115	0.00000e+00	1.24699e+10	10	1	1
15.00000	3.23968	14.000000	950	0.00291	1.31636e+01	0.100	0.00115	0.00000e+00	1.24699e+10	10	1	1
15.00000	3.23968	14.000000	950	0.00291	1.76388e+02	0.100	0.00115	0.00000e+00	1.24699e+10	10	1	1
15.00000	3.23968	14.000000	950	0.00291	2.36354e+03	0.100	0.00115	0.00000e+00	1.24699e+10	10	1	1
15.00000	3.23968	14.000000	950	0.00722	7.33145e-02	0.220	0.00707	4.88666e+03	4.84057e+08	0	0	0
15.00000	3.23968	14.000000	950	0.00722	9.82388e-01	0.220	0.00707	5.99919e+04	4.84057e+08	0	0	0
15.00000	3.23968	14.000000	950	0.00722	1.31636e+01	0.220	0.00707	5.84455e+05	4.84057e+08	0	0	0
15.00000	3.23968	14.000000	950	0.00722	1.76388e+02	0.220	0.00707	3.00021e+06	4.84057e+08	0	0	0
15.00000	3.23968	14.000000	950	0.00722	2.36354e+03	0.220	0.00707	1.73927e+07	4.84057e+08	0	0	0
15.00000	3.23968	14.000000	950	0.01031	7.33145e-02	0.300	0.01442	7.89246e+02	1.89293e+08	0	0	0
15.00000	3.23968	14.000000	950	0.01031	9.82388e-01	0.300	0.01442	9.00950e+03	1.89293e+08	0	0	0
15.00000	3.23968	14.000000	950	0.01031	1.31636e+01	0.300	0.01442	7.79145e+04	1.89293e+08	0	0	0
15.00000	3.23968	14.000000	950	0.01031	1.76388e+02	0.300	0.01442	6.46612e+05	1.89293e+08	0	0	0
15.00000	3.23968	14.000000	950	0.01031	2.36354e+03	0.300	0.01442	7.60778e+06	1.89293e+08	0	0	0
15.00000	3.23968	14.000000	950	0.02597	7.33145e-02	0.550	0.09151	2.59390e+00	1.93617e+07	0	0	0
15.00000	3.23968	14.000000	950	0.02597	9.82388e-01	0.550	0.09151	5.54913e+01	1.93617e+07	0	0	0
15.00000	3.23968	14.000000	950	0.02597	1.31636e+01	0.550	0.09151	1.25255e+03	1.93617e+07	0	0	0
15.00000	3.23968	14.000000	950	0.02597	1.76388e+02	0.550	0.09151	2.86419e+04	1.93617e+07	0	0	0
15.00000	3.23968	14.000000	950	0.02597	2.36354e+03	0.550	0.09151	7.62396e+05	1.93617e+07	0	0	0
15.00000	3.23968	14.000000	950	0.08584	7.33145e-02	1.000	1.00000	1.22998e-02	1.44865e+06	0	0	0
15.00000	3.23968	14.000000	950	0.08584	9.82388e-01	1.000	1.00000	9.58791e-01	1.44865e+06	0	0	0
15.00000	3.23968	14.000000	950	0.08584	1.31636e+01	1.000	1.00000	7.05730e+01	1.44865e+06	0	0	0
15.00000	3.23968	14.000000	950	0.08584	1.76388e+02	1.000	1.00000	2.97990e+03	1.44865e+06	0	0	0
15.00000	3.23968	14.000000	950	0.08584	2.36354e+03	1.000	1.00000	1.29316e+05	1.44865e+06	0	0	0
15.00000	3.23968	14.000000	1225	0.00175	7.33145e-02	0.100	0.00115	0.00000e+00	1.44248e+09	10	1	1
15.00000	3.23968	14.000000	1225	0.00175	9.82388e-01	0.100	0.00115	0.00000e+00	1.44248e+09	10	1	1
15.00000	3.23968	14.000000	1225	0.00175	1.31636e+01	0.100	0.00115	0.00000e+00	1.44248e+09	10	1	1
15.00000	3.23968	14.000000	1225	0.00175	1.76388e+02	0.100	0.00115	0.00000e+00	1.44248e+09	10	1	1
15.00000	3.23968	14.000000	1225	0.00175	2.36354e+03	0.100	0.00115	0.00000e+00	1.44248e+09	10	1	1
15.00000	3.23968	14.000000	1225	0.00434	7.33145e-02	0.220	0.00707	0.00000e+00	6.86274e+09	10	1	1
15.00000	3.23968	14.000000	1225	0.00434	9.82388e-01	0.220	0.00707	0.00000e+00	6.86274e+09	10	1	1
15.00000	3.23968	14.000000	1225	0.00434	1.31636e+01	0.220	0.00707	0.00000e+00	6.86274e+09	10	1	1
15.00000	3.23968	14.000000	1225	0.00434	1.76388e+02	0.220	0.00707	0.00000e+00	6.86274e+09	10	1	1
15.00000	3.23968	14.000000	1225	0.00434	2.36354e+03	0.220	0.00707	0.00000e+00	6.86274e+09	10	1	1
15.00000	3.23968	14.000000	1225	0.00620	7.33145e-02	0.300	0.01442	0.00000e+00	1.22975e+09	10	1	1
15.00000	3.23968	14.000000	1225	0.00620	9.82388e-01	0.300	0.01442	0.00000e+00	1.22975e+09	10	1	1
15.00000	3.23968	14.000000	1225	0.00620	1.31636e+01	0.300	0.01442	0.00000e+00	1.22975e+09	10	1	1
15.00000	3.23968	14.000000	1225	0.00620	1.76388e+02	0.300	0.01442	0.00000e+00	1.22975e+09	10	1	1
15.00000	3.23968	14.000000	1225	0.00620	2.36354e+03	0.300	0.01442	0.00000e+00	1.22975e+09	10	1	1
15.00000	3.23968	14.000000	1225	0.01562	7.33145e-02	0.550	0.09151	1.58101e+02	6.90342e+07	0	0	0
15.00000	3.23968	14.000000	1225	0.01562	9.82388e-01	0.550	0.09151	1.85279e+03	6.90342e+07	0	0	0
15.00000	3.23968	14.000000	1225	0.01562	1.31636e+01	0.550	0.09151	1.80977e+04	6.90342e+07	0	0	0
15.00000	3.23968	14.000000	1225	0.01562	1.76388e+02	0.550	0.09151	2.29174e+05	6.90342e+07	0	0	0
15.00000	3.23968	14.000000	1225	0.01562	2.36354e+03	0.550	0.09151	3.72252e+06	6.90342e+07	0	0	0
15.00000	3.23968	14.000000	1225	0.05162	7.33145e-02	1.000	1.00000	1.00940e-01	4.31261e+06	0	0	0
15.00000	3.23968	14.000000	1225	0.05162	9.82388e-01	1.000	1.00000	5.07378e+00	4.31261e+06	0	0	0
15.00000	3.23968	14.000000	1225	0.05162	1.31636e+01	1.000	1.00000	2.18451e+02	4.31261e+06	0	0	0
15.00000	3.23968	14.000000	1225	0.05162	1.76388e+02	1.000	1.00000	6.95691e+03	4.31261e+06	0	0	0
15.00000	3.23968	14.000000	1225	0.05162	2.36354e+03	1.000	1.00000	2.51764e+05	4.31261e+06	0	0	0
15.00000	3.23968	14.000000	1500	0.00117	7.33145e-02	0.100	0.00115	0.00000e+00	4.16449e+08	10	1	1
15.00000	3.23968	14.000000	1500	0.00117	9.82388e-01	0.100	0.00115	0.00000e+00	4.16449e+08	10	1	1
15.00000	3.23968	14.000000	1500	0.00117	1.31636e+01	0.100	0.00115	0.00000e+00	4.16449e+08	10	1	1
15.00000	3.23968	14.000000	1500	0.00117	1.76388e+02	0.100	0.00115	0.00000e+00	4.16449e+08	10	1	1
15.00000	3.23968	14.000000	1500	0.00117	2.36354e+03	0.100	0.00115	0.00000e+00	4.16449e+08	10	1	1
15.00000	3.23968	14.000000	1500	0.00289	7.33145e-02	0.220	0.00707	0.00000e+00	2.35942e+10	10	1	1
15.00000	3.23968	14.000000	1500	0.00289	9.82388e-01	0.220	0.00707	0.00000e+00	2.35942e+10	10	1	1
15.00000	3.23968	14.000000	1500	0.00289	1.31636e+01	0.220	0.00707	0.00000e+00	2.35942e+10	10	1	1
15.00000	3.23968	14.000000	1500	0.00289	1.76388e+02	0.220	0.00707	0.00000e+00	2.35942e+10	10	1	1
15.00000	3.23968	14.000000	1500	0.00289	2.36354e+03	0.220	0.00707	0.00000e+00	2.35942e+10	10	1	1
15.00000	3.23968	14.000000	1500	0.00414	7.33145e-02	0.300	0.01442	0.00000e+00	4.41763e+10	10	1	1
15.00000	3.23968	14.000000	1500	0.00414	9.82388e-01	0.300	0.01442	0.00000e+00	4.41763e+10	10	1	1
15.00000	3.23968	14.000000	1500	0.00414	1.31636e+01	0.300	0.01442	0.00000e+00	4.41763e+10	10	1	1
15.00000	3.23968	14.000000	1500	0.00414	1.76388e+02	0.300	0.01442	0.00000e+00	4.41763e+10	10	1	1
15.00000	3.23968	14.000000	1500	0.00414	2.36354e+03	0.300	0.01442	0.00000e+00	4.41763e+10	10	1	1
15.00000	3.23968	14.000000	1500	0.01041	7.33145e-02	0.550	0.09151	3.34123e+03	2.32365e+08	0	0	0
15.00000	3.23968	14.000000	1500	0.01041	9.82388e-01	0.550	0.09151	4.02891e+04	2.32365e+08	0	0	0
15.00000	3.23968	14.000000	1500	0.01041	1.31636e+01	0.550	0.09151	3.65913e+05	2.32365e+08	0	0	0
15.00000	3.23968	14.000000	1500	0.01041	1.76388e+02	0.550	0.09151	1.93640e+06	2.32365e+08	0	0	0
15.00000	3.23968	14.000000	1500	0.01041	2.36354e+03	0.550	0.09151	1.41410e+07	2.32365e+08	0	0	0
15.00000	3.23968	14.000000	1500	0.03443	7.33145e-02	1.000	1.00000	1.31164e+00	1.07147e+07	0	0	0
15.00000	3.23968	14.000000	1500	0.03443	9.82388e-01	1.000	1.00000	3.48601e+01	1.07147e+07	0	0	0
15.00000	3.23968	14.000000	1500	0.03443	1.31636e+01	1.000	1.00000	8.82204e+02	1.07147e+07	0	0	0
15.00000	3.23968	14.000000	1500	0.03443	1.76388e+02	1.000	1.00000	2.14002e+04	1.07147e+07	0	0	0
15.00000	3.23968	14.000000	1500	0.03443	2.36354e+03	1.000	1.00000	6.08554e+05	1.07147e+07	0	0	0
15.00000	2.21312	30.000000	400	0.01644	7.33145e-02	0.100	0.00115	0.00000e+00	1.72705e+06	10	1	1
15.00000	2.21312	30.000000	400	0.01644	9.82388e-01	0.100	0.00115	0.00000e+00	1.72705e+06	10	1	1
15.00000	2.21312	30.000000	400	0.01644	1.31636e+01	0.100	0.00115	0.00000e+00	1.72705e+06	10	1	1
15.00000	2.21312	30.000000	400	0.01644	1.76388e+02	0.100	0.00115	0.00000e+00	1.72705e+06	10	1	1
15.00000	2.21312	30.000000	400	0.01644	2.36354e+03	0.100	0.00115	0.00000e+00	1.72705e+06	10	1	1
15.00000	2.21312	30.000000	400	0.04070	7.33145e-02	0.220	0.00707	0.00000e+00	1.26322e+06	10	1	1
15.00000	2.21312	30.000000	400	0.04070	9.82388e-01	0.220	0.00707	0.00000e+00	1.26322e+06	10	1	1
15.00000	2.21312	30.000000	400	0.04070	1.31636e+01	0.220	0.00707	3.20988e+01	1.26322e+06	1	0	0
15.00000	2.21312	30.000000	400	0.04070	1.76388e+02	0.220	0.00707	0.00000e+00	1.26322e+06	10	1	1
15.00000	2.21312	30.000000	400	0.04070	2.36354e+03	0.220	0.00707	0.00000e+00	1.26322e+06	10	1	1
15.00000	2.21312	30.000000	400	0.05815	7.33145e-02	0.300	0.01442	0.00000e+00	6.64081e+05	10	1	1
15.00000	2.21312	30.000000	400	0.05815	9.82388e-01	0.300	0.01442	0.00000e+00	6.64081e+05	10	1	1
15.00000	2.21312	30.000000	400	0.05815	1.31636e+01	0.300	0.01442	0.00000e+00	6.64081e+05	10	1	1
15.00000	2.21312	30.000000	400	0.05815	1.76388e+02	0.300	0.01442	0.00000e+00	6.64081e+05	10	1	1
15.00000	2.21312	30.000000	400	0.05815	2.36354e+03	0.300	0.01442	0.00000e+00	6.64081e+05	10	1	1
15.00000	2.21312	30.000000	400	0.14646	7.33145e-02	0.550	0.09151	0.00000e+00	1.01016e+05	10	1	1
15.00000	2.21312	30.000000	400	0.14646	9.82388e-01	0.550	0.09151	0.00000e+00	1.01016e+05	10	1	1
15.00000	2.21312	30.000000	400	0.14646	1.31636e+01	0.550	0.09151	0.00000e+00	1.01016e+05	10	1	1
15.00000	2.21312	30.000000	400	0.14646	1.76388e+02	0.550	0.09151	0.00000e+00	1.01016e+05	10	1	1
15.00000	2.21312	30.000000	400	0.14646	2.36354e+03	0.550	0.09151	0.00000e+00	1.01016e+05	10	1	1
15.00000	2.21312	30.000000	400	0.48417	7.33145e-02	1.000	1.00000	0.00000e+00	9.05423e+03	10	1	1
15.00000	2.21312	30.000000	400	0.48417	9.82388e-01	1.000	1.00000	0.00000e+00	9.05423e+03	10	1	1
15.00000	2.21312	30.000000	400	0.48417	1.31636e+01	1.000	1.00000	0.00000e+00	9.05423e+03	10	1	1
15.00000	2.21312	30.000000	400	0.48417	1.76388e+02	1.000	1.00000	0.00000e+00	9.05423e+03	10	1	1
15.00000	2.21312	30.000000	400	0.48417	2.36354e+03	1.000	1.00000	0.00000e+00	9.05423e+03	10	1	1
15.00000	2.21312	30.000000	675	0.00577	7.33145e-02	0.100	0.00115	0.00000e+00	2.12286e+07	10	1	1
15.00000	2.21312	30.000000	675	0.00577	9.82388e-01	0.100	0.00115	0.00000e+00	2.12286e+07	10	1	1
15.00000	2.21312	30.000000	675	0.00577	1.31636e+01	0.100	0.00115	0.00000e+00	2.12286e+07	10	1	1
15.00000	2.21312	30.000000	675	0.00577	1.76388e+02	0.100	0.00115	0.00000e+00	2.12286e+07	10	1	1
15.00000	2.21312	30.000000	675	0.00577	2.36354e+03	0.100	0.00115	0.00000e+00	2.12286e+07	10	1	1
15.00000	2.21312	30.000000	675	0.01429	7.33145e-02	0.220	0.00707	0.00000e+00	1.23357e+07	10	1	1
15.00000	2.21312	30.000000	675	0.01429	9.82388e-01	0.220	0.00707	0.00000e+00	1.23357e+07	10	1	1
15.00000	2.21312	30.000000	675	0.01429	1.31636e+01	0.220	0.00707	0.00000e+00	1.23357e+07	10	1	1
15.00000	2.21312	30.000000	675	0.01429	1.76388e+02	0.220	0.00707	0.00000e+00	1.23357e+07	10	1	1
15.00000	2.21312	30.000000	675	0.01429	2.36354e+03	0.220	0.00707	0.00000e+00	1.23357e+07	10	1	1
15.00000	2.21312	30.000000	675	0.02042	7.33145e-02	0.300	0.01442	0.00000e+00	6.18722e+06	10	1	1
15.00000	2.21312	30.000000	675	0.02042	9.82388e-01	0.300	0.01442	0.00000e+00	6.18722e+06	10	1	1
15.00000	2.21312	30.000000	675	0.02042	1.31636e+01	0.300	0.01442	0.00000e+00	6.18722e+06	10	1	1
15.00000	2.21312	30.000000	675	0.02042	1.76388e+02	0.300	0.01442	0.00000e+00	6.18722e+06	10	1	1
15.00000	2.21312	30.000000	675	0.02042	2.36354e+03	0.300	0.01442	0.00000e+00	6.18722e+06	10	1	1
15.00000	2.21312	30.000000	675	0.05143	7.33145e-02	0.550	0.09151	0.00000e+00	8.72502e+05	10	1	1
15.00000	2.21312	30.000000	675	0.05143	9.82388e-01	0.550	0.09151	0.00000e+00	8.72502e+05	10	1	1
15.00000	2.21312	30.000000	675	0.05143	1.31636e+01	0.550	0.09151	0.00000e+00	8.72502e+05	10	1	1
15.00000	2.21312	30.000000	675	0.05143	1.76388e+02	0.550	0.09151	0.00000e+00	8.72502e+05	10	1	1
15.00000	2.21312	30.000000	675	0.05143	2.36354e+03	0.550	0.09151	0.00000e+00	8.72502e+05	10	1	1
15.00000	2.21312	30.000000	675	0.17002	7.33145e-02	1.000	1.00000	0.00000e+00	7.50852e+04	10	1	1
15.00000	2.21312	30.000000	675	0.17002	9.82388e-01	1.000	1.00000	0.00000e+00	7.50852e+04	10	1	1
15.00000	2.21312	30.000000	675	0.17002	1.31636e+01	1.000	1.00000	0.00000e+00	7.50852e+04	10	1	1
15.00000	2.21312	30.000000	675	0.17002	1.76388e+02	1.000	1.00000	0.00000e+00	7.50852e+04	10	1	1
15.00000	2.21312	30.000000	675	0.17002	2.36354e+03	1.000	1.00000	0.00000e+00	7.50852e+04	10	1	1
15.00000	2.21312	30.000000	950	0.00291	7.33145e-02	0.100	0.00115	0.00000e+00	2.31202e+08	10	1	1
15.00000	2.21312	30.000000	950	0.00291	9.82388e-01	0.100	0.00115	0.00000e+00	2.31202e+08	10	1	1
15.00000	2.21312	30.000000	950	0.00291	1.31636e+01	0.100	0.00115	0.00000e+00	2.31202e+08	10	1	1
15.00000	2.21312	30.000000	950	0.00291	1.76388e+02	0.100	0.00115	0.00000e+00	2.31202e+08	10	1	1
15.00000	2.21312	30.000000	950	0.00291	2.36354e+03	0.100	0.00115	0.00000e+00	2.31202e+08	10	1	1
15.00000	2.21312	30.000000	950	0.00722	7.33145e-02	0.220	0.00707	0.00000e+00	6.85508e+07	10	1	1
15.00000	2.21312	30.000000	950	0.00722	9.82388e-01	0.220	0.00707	0.00000e+00	6.85508e+07	10	1	1
15.00000	2.21312	30.000000	950	0.00722	1.31636e+01	0.220	0.00707	0.00000e+00	6.85508e+07	10	1	1
15.00000	2.21312	30.000000	950	0.00722	1.76388e+02	0.220	0.00707	0.00000e+00	6.85508e+07	10	1	1
15.00000	2.21312	30.000000	950	0.00722	2.36354e+03	0.220	0.00707	0.00000e+00	6.85508e+07	10	1	1
15.00000	2.21312	30.000000	950	0.01031	7.33145e-02	0.300	0.01442	0.00000e+00	3.10708e+07	10	1	1
15.00000	2.21312	30.000000	950	0.01031	9.82388e-01	0.300	0.01442	8.52528e-01	3.10708e+07	1	0	0
15.00000	2.21312	30.000000	950	0.01031	1.31636e+01	0.300	0.01442	1.39166e+01	3.10708e+07	1	0	0
15.00000	2.21312	30.000000	950	0.01031	1.76388e+02	0.300	0.01442	1.03460e+03	3.10708e+07	1	0	0
15.00000	2.21312	30.000000	950	0.01031	2.36354e+03	0.300	0.01442	2.37914e+04	3.10708e+07	0	0	0
15.00000	2.21312	30.000000	950	0.02597	7.33145e-02	0.550	0.09151	0.00000e+00	3.79436e+06	10	1	1
15.00000	2.21312	30.000000	950	0.02597	9.82388e-01	0.550	0.09151	0.00000e+00	3.79436e+06	10	1	1
15.00000	2.21312	30.000000	950	0.02597	1.31636e+01	0.550	0.09151	0.00000e+00	3.79436e+06	10	1	1
15.00000	2.21312	30.000000	950	0.02597	1.76388e+02	0.550	0.09151	0.00000e+00	3.79436e+06	10	1	1
15.00000	2.21312	30.000000	950	0.02597	2.36354e+03	0.550	0.09151	0.00000e+00	3.79436e+06	10	1	1
15.00000	2.21312	30.000000	950	0.08584	7.33145e-02	1.000	1.00000	0.00000e+00	3.05035e+05	10	1	1
15.00000	2.21312	30.000000	950	0.08584	9.82388e-01	1.000	1.00000	0.00000e+00	3.05035e+05	10	1	1
15.00000	2.21312	30.000000	950	0.08584	1.31636e+01	1.000	1.00000	0.00000e+00	3.05035e+05	10	1	1
15.00000	2.21312	30.000000	950	0.08584	1.76388e+02	1.000	1.00000	0.00000e+00	3.05035e+05	10	1	1
15.00000	2.21312	30.000000	950	0.08584	2.36354e+03	1.000	1.00000	0.00000e+00	3.05035e+05	10	1	1
15.00000	2.21312	30.000000	1225	0.00175	7.33145e-02	0.100	0.00115	0.00000e+00	5.15066e+11	10	1	1
15.00000	2.21312	30.000000	1225	0.00175	9.82388e-01	0.100	0.00115	0.00000e+00	5.15066e+11	10	1	1
15.00000	2.21312	30.000000	1225	0.00175	1.31636e+01	0.100	0.00115	0.00000e+00	5.15066e+11	10	1	1
15.00000	2.21312	30.000000	1225	0.00175	1.76388e+02	0.100	0.00115	0.00000e+00	5.15066e+11	10	1	1
15.00000	2.21312	30.000000	1225	0.00175	2.36354e+03	0.100	0.00115	0.00000e+00	5.15066e+11	10	1	1
15.00000	2.21312	30.000000	1225	0.00434	7.33145e-02	0.220	0.00707	0.00000e+00	3.66631e+08	10	1	1
15.00000	2.21312	30.000000	1225	0.00434	9.82388e-01	0.220	0.00707	0.00000e+00	3.66631e+08	10	1	1
15.00000	2.21312	30.000000	1225	0.00434	1.31636e+01	0.220	0.00707	0.00000e+00	3.66631e+08	10	1	1
15.00000	2.21312	30.000000	1225	0.00434	1.76388e+02	0.220	0.00707	0.00000e+00	3.66631e+08	10	1	1
15.00000	2.21312	30.000000	1225	0.00434	2.36354e+03	0.220	0.00707	0.00000e+00	3.66631e+08	10	1	1
15.00000	2.21312	30.000000	1225	0.00620	7.33145e-02	0.300	0.01442	0.00000e+00	1.31215e+08	10	1	1
15.00000	2.21312	30.000000	1225	0.00620	9.82388e-01	0.300	0.01442	0.00000e+00	1.31215e+08	10	1	1
15.00000	2.21312	30.000000	1225	0.00620	1.31636e+01	0.300	0.01442	0.00000e+00	1.31215e+08	10	1	1
15.00000	2.21312	30.000000	1225	0.00620	1.76388e+02	0.300	0.01442	0.00000e+00	1.31215e+08	10	1	1
15.00000	2.21312	30.000000	1225	0.00620	2.36354e+03	0.300	0.01442	0.00000e+00	1.31215e+08	10	1	1
15.00000	2.21312	30.000000	1225	0.01562	7.33145e-02	0.550	0.09151	0.00000e+00	1.22332e+07	10	1	1
15.00000	2.21312	30.000000	1225	0.01562	9.82388e-01	0.550	0.09151	0.00000e+00	1.22332e+07	10	1	1
15.00000	2.21312	30.000000	1225	0.01562	1.31636e+01	0.550	0.09151	0.00000e+00	1.22332e+07	10	1	1
15.00000	2.21312	30.000000	1225	0.01562	1.76388e+02	0.550	0.09151	0.00000e+00	1.22332e+07	10	1	1
15.00000	2.21312	30.000000	1225	0.01562	2.36354e+03	0.550	0.09151	0.00000e+00	1.22332e+07	10	1	1
15.00000	2.21312	30.000000	1225	0.05162	7.33145e-02	1.000	1.00000	0.00000e+00	8.85198e+05	10	1	1
15.00000	2.21312	30.000000	1225	0.05162	9.82388e-01	1.000	1.00000	0.00000e+00	8.85198e+05	10	1	1
15.00000	2.21312	30.000000	1225	0.05162	1.31636e+01	1.000	1.00000	0.00000e+00	8.85198e+05	10	1	1
15.00000	2.21312	30.000000	1225	0.05162	1.76388e+02	1.000	1.00000	0.00000e+00	8.85198e+05	10	1	1
15.00000	2.21312	30.000000	1225	0.05162	2.36354e+03	1.000	1.00000	0.00000e+00	8.85198e+05	10	1	1
15.00000	2.21312	30.000000	1500	0.00117	7.33145e-02	0.100	0.00115	0.00000e+00	6.05374e+08	10	1	1
15.00000	2.21312	30.000000	1500	0.00117	9.82388e-01	0.100	0.00115	0.00000e+00	6.05374e+08	10	1	1
15.00000	2.21312	30.000000	1500	0.00117	1.31636e+01	0.100	0.00115	0.00000e+00	6.05374e+08	10	1	1
15.00000	2.21312	30.000000	1500	0.00117	1.76388e+02	0.100	0.00115	0.00000e+00	6.05374e+08	10	1	1
15.00000	2.21312	30.000000	1500	0.00117	2.36354e+03	0.100	0.00115	0.00000e+00	6.05374e+08	10	1	1
15.00000	2.21312	30.000000	1500	0.00289	7.33145e-02	0.220	0.00707	0.00000e+00	3.98960e+09	10	1	1
15.00000	2.21312	30.000000	1500	0.00289	9.82388e-01	0.220	0.00707	0.00000e+00	3.98960e+09	10	1	1
15.00000	2.21312	30.000000	1500	0.00289	1.31636e+01	0.220	0.00707	0.00000e+00	3.98960e+09	10	1	1
15.00000	2.21312	30.000000	1500	0.00289	1.76388e+02	0.220	0.00707	0.00000e+00	3.98960e+09	10	1	1
15.00000	2.21312	30.000000	1500	0.00289	2.36354e+03	0.220	0.00707	0.00000e+00	3.98960e+09	10	1	1
15.00000	2.21312	30.000000	1500	0.00414	7.33145e-02	0.300	0.01442	0.00000e+00	6.45715e+08	10	1	1
15.00000	2.21312	30.000000	1500	0.00414	9.82388e-01	0.300	0.01442	0.00000e+00	6.45715e+08	10	1	1
15.00000	2.21312	30.000000	1500	0.00414	1.31636e+01	0.300	0.01442	0.00000e+00	6.45715e+08	10	1	1
15.00000	2.21312	30.000000	1500	0.00414	1.76388e+02	0.300	0.01442	0.00000e+00	6.45715e+08	10	1	1
15.00000	2.21312	30.000000	1500	0.00414	2.36354e+03	0.300	0.01442	0.00000e+00	6.45715e+08	10	1	1
15.00000	2.21312	30.000000	1500	0.01041	7.33145e-02	0.550	0.09151	6.34572e-01	3.43845e+07	1	0	0
15.00000	2.21312	30.000000	1500	0.01041	9.82388e-01	0.550	0.09151	8.52528e-01	3.43845e+07	1	0	0
15.00000	2.21312	30.000000	1500	0.01041	1.31636e+01	0.550	0.09151	1.39166e+01	3.43845e+07	1	0	0
15.00000	2.21312	30.000000	1500	0.01041	1.76388e+02	0.550	0.09151	1.03460e+03	3.43845e+07	1	0	0
15.00000	2.21312	30.000000	1500	0.01041	2.36354e+03	0.550	0.09151	2.37719e+04	3.43845e+07	1	0	0
15.00000	2.21312	30.000000	1500	0.03443	7.33145e-02	1.000	1.00000	0.00000e+00	2.12129e+06	10	1	1
15.00000	2.21312	30.000000	1500	0.03443	9.82388e-01	1.000	1.00000	0.00000e+00	2.12129e+06	10	1	1
15.00000	2.21312	30.000000	1500	0.03443	1.31636e+01	1.000	1.00000	0.00000e+00	2.12129e+06	10	1	1
15.00000	2.21312	30.000000	1500	0.03443	1.76388e+02	1.000	1.00000	0.00000e+00	2.12129e+06	10	1	1
15.00000	2.21312	30.000000	1500	0.03443	2.36354e+03	1.000	1.00000	0.00000e+00	2.12129e+06	10	1	1
18.00000	5.85130	5.150000	400	0.01644	7.33145e-02	0.100	0.00115	0.00000e+00	8.10122e+07	10	1	1
18.00000	5.85130	5.150000	400	0.01644	9.82388e-01	0.100	0.00115	0.00000e+00	8.10122e+07	10	1	1
18.00000	5.85130	5.150000	400	0.01644	1.31636e+01	0.100	0.00115	0.00000e+00	8.10122e+07	10	1	1
18.00000	5.85130	5.150000	400	0.01644	1.76388e+02	0.100	0.00115	0.00000e+00	8.10122e+07	10	1	1
18.00000	5.85130	5.150000	400	0.01644	2.36354e+03	0.100	0.00115	0.00000e+00	8.10122e+07	10	1	1
18.00000	5.85130	5.150000	400	0.04070	7.33145e-02	0.220	0.00707	0.00000e+00	4.96659e+07	10	1	1
18.00000	5.85130	5.150000	400	0.04070	9.82388e-01	0.220	0.00707	0.00000e+00	4.96659e+07	10	1	1
18.00000	5.85130	5.150000	400	0.04070	1.31636e+01	0.220	0.00707	2.55458e+03	4.96659e+07	1	0	0
18.00000	5.85130	5.150000	400	0.04070	1.76388e+02	0.220	0.00707	0.00000e+00	4.96659e+07	10	1	1
18.00000	5.85130	5.150000	400	0.04070	2.36354e+03	0.220	0.00707	0.00000e+00	4.96659e+07	10	1	1
18.00000	5.85130	5.150000	400	0.05815	7.33145e-02	0.300	0.01442	0.00000e+00	2.51659e+07	10	1	1
18.00000	5.85130	5.150000	400	0.05815	9.82388e-01	0.300	0.01442	0.00000e+00	2.51659e+07	10	1	1
18.00000	5.85130	5.150000	400	0.05815	1.31636e+01	0.300	0.01442	0.00000e+00	2.51659e+07	10	1	1
18.00000	5.85130	5.150000	400	0.05815	1.76388e+02	0.300	0.01442	0.00000e+00	2.51659e+07	10	1	1
18.00000	5.85130	5.150000	400	0.05815	2.36354e+03	0.300	0.01442	0.00000e+00	2.51659e+07	10	1	1
18.00000	5.85130	5.150000	400	0.14646	7.33145e-02	0.550	0.09151	0.00000e+00	3.60542e+06	10	1	1
18.00000	5.85130	5.150000	400	0.14646	9.82388e-01	0.550	0.09151	0.00000e+00	3.60542e+06	10	1	1
18.00000	5.85130	5.150000	400	0.14646	1.31636e+01	0.550	0.09151	0.00000e+00	3.60542e+06	10	1	1
18.00000	5.85130	5.150000	400	0.14646	1.76388e+02	0.550	0.09151	0.00000e+00	3.60542e+06	10	1	1
18.00000	5.85130	5.150000	400	0.14646	2.36354e+03	0.550	0.09151	0.00000e+00	3.60542e+06	10	1	1
18.00000	5.85130	5.150000	400	0.48417	7.33145e-02	1.000	1.00000	0.00000e+00	3.12822e+05	10	1	1
18.00000	5.85130	5.150000	400	0.48417	9.82388e-01	1.000	1.00000	0.00000e+00	3.12822e+05	10	1	1
18.00000	5.85130	5.150000	400	0.48417	1.31636e+01	1.000	1.00000	0.00000e+00	3.12822e+05	10	1	1
18.00000	5.85130	5.150000	400	0.48417	1.76388e+02	1.000	1.00000	0.00000e+00	3.12822e+05	10	1	1
18.00000	5.85130	5.150000	400	0.48417	2.36354e+03	1.000	1.00000	0.00000e+00	3.12822e+05	10	1	1
18.00000	5.85130	5.150000	675	0.00577	7.33145e-02	0.100	0.00115	3.65607e+04	5.22450e+09	1	0	0
18.00000	5.85130	5.150000	675	0.00577	9.82388e-01	0.100	0.00115	4.60364e+05	5.22450e+09	1	0	0
18.00000	5.85130	5.150000	675	0.00577	1.31636e+01	0.100	0.00115	4.65884e+06	5.22450e+09	1	0	0
18.00000	5.85130	5.150000	675	0.00577	1.76388e+02	0.100	0.00115	4.63154e+07	5.22450e+09	0	0	0
18.00000	5.85130	5.150000	675	0.00577	2.36354e+03	0.100	0.00115	0.00000e+00	5.22450e+09	10	1	1
18.00000	5.85130	5.150000	675	0.01429	7.33145e-02	0.220	0.00707	0.00000e+00	7.40261e+08	10	1	1
18.00000	5.85130	5.150000	675	0.01429	9.82388e-01	0.220	0.00707	0.00000e+00	7.40261e+08	10	1	1
18.00000	5.85130	5.150000	675	0.01429	1.31636e+01	0.220	0.00707	0.00000e+00	7.40261e+08	10	1	1
18.00000	5.85130	5.150000	675	0.01429	1.76388e+02	0.220	0.00707	0.00000e+00	7.40261e+08	10	1	1
18.00000	5.85130	5.150000	675	0.01429	2.36354e+03	0.220	0.00707	0.00000e+00	7.40261e+08	10	1	1
18.00000	5.85130	5.150000	675	0.02042	7.33145e-02	0.300	0.01442	0.00000e+00	3.11869e+08	10	1	1
18.00000	5.85130	5.150000	675	0.02042	9.82388e-01	0.300	0.01442	0.00000e+00	3.11869e+08	10	1	1
18.00000	5.85130	5.150000	675	0.02042	1.31636e+01	0.300	0.01442	0.00000e+00	3.11869e+08	10	1	1
18.00000	5.85130	5.150000	675	0.02042	1.76388e+02	0.300	0.01442	0.00000e+00	3.11869e+08	10	1	1
18.00000	5.85130	5.150000	675	0.02042	2.36354e+03	0.300	0.01442	0.00000e+00	3.11869e+08	10	1	1
18.00000	5.85130	5.150000	675	0.05143	7.33145e-02	0.550	0.09151	0.00000e+00	3.47440e+07	10	1	1
18.00000	5.85130	5.150000	675	0.05143	9.82388e-01	0.550	0.09151	0.00000e+00	3.47440e+07	10	1	1
18.00000	5.85130	5.150000	675	0.05143	1.31636e+01	0.550	0.09151	0.00000e+00	3.47440e+07	10	1	1
18.00000	5.85130	5.150000	675	0.05143	1.76388e+02	0.550	0.09151	0.00000e+00	3.47440e+07	10	1	1
18.00000	5.85130	5.150000	675	0.05143	2.36354e+03	0.550	0.09151	0.00000e+00	3.47440e+07	10	1	1
18.00000	5.85130	5.150000	675	0.17002	7.33145e-02	1.000	1.00000	0.00000e+00	2.68730e+06	10	1	1
18.00000	5.85130	5.150000	675	0.17002	9.82388e-01	1.000	1.00000	0.00000e+00	2.68730e+06	10	1	1
18.00000	5.85130	5.150000	675	0.17002	1.31636e+01	1.000	1.00000	0.00000e+00	2.68730e+06	10	1	1
18.00000	5.85130	5.150000	675	0.17002	1.76388e+02	1.000	1.00000	0.00000e+00	2.68730e+06	10	1	1
18.00000	5.85130	5.150000	675	0.17002	2.36354e+03	1.000	1.00000	0.00000e+00	2.68730e+06	10	1	1
18.00000	5.85130	5.150000	950	0.00291	7.33145e-02	0.100	0.00115	0.00000e+00	3.34760e+09	10	1	1
18.00000	5.85130	5.150000	950	0.00291	9.82388e-01	0.100	0.00115	0.00000e+00	3.34760e+09	10	1	1
18.00000	5.85130	5.150000	950	0.00291	1.31636e+01	0.100	0.00115	0.00000e+00	3.34760e+09	10	1	1
18.00000	5.85130	5.150000	950	0.00291	1.76388e+02	0.100	0.00115	0.00000e+00	3.34760e+09	10	1	1
18.00000	5.85130	5.150000	950	0.00291	2.36354e+03	0.100	0.00115	0.00000e+00	3.34760e+09	10	1	1
18.00000	5.85130	5.150000	950	0.00722	7.33145e-02	0.220	0.00707	3.65607e+04	2.14499e+10	1	0	0
18.00000	5.85130	5.150000	950	0.00722	9.82388e-01	0.220	0.00707	4.60364e+05	2.14499e+10	1	0	0
18.00000	5.85130	5.150000	950	0.00722	1.31636e+01	0.220	0.00707	4.65884e+06	2.14499e+10	1	0	0
18.00000	5.85130	5.150000	950	0.00722	1.76388e+02	0.220	0.00707	0.00000e+00	2.14499e+10	10	1	1
18.00000	5.85130	5.150000	950	0.00722	2.36354e+03	0.220	0.00707	0.00000e+00	2.14499e+10	10	1	1
18.00000	5.85130	5.150000	950	0.01031	7.33145e-02	0.300	0.01442	3.65607e+04	3.50387e+09	1	0	0
18.00000	5.85130	5.150000	950	0.01031	9.82388e-01	0.300	0.01442	4.60364e+05	3.50387e+09	1	0	0
18.00000	5.85130	5.150000	950	0.01031	1.31636e+01	0.300	0.01442	4.65884e+06	3.50387e+09	1	0	0
18.00000	5.85130	5.150000	950	0.01031	1.76388e+02	0.300	0.01442	0.00000e+00	3.50387e+09	10	1	1
18.00000	5.85130	5.150000	950	0.01031	2.36354e+03	0.300	0.01442	0.00000e+00	3.50387e+09	10	1	1
18.00000	5.85130	5.150000	950	0.02597	7.33145e-02	0.550	0.09151	8.17147e+03	1.87447e+08	0	0	0
18.00000	5.85130	5.150000	950	0.02597	9.82388e-01	0.550	0.09151	8.56844e+04	1.87447e+08	0	0	0
18.00000	5.85130	5.150000	950	0.02597	1.31636e+01	0.550	0.09151	6.07038e+05	1.87447e+08	0	0	0
18.00000	5.85130	5.150000	950	0.02597	1.76388e+02	0.550	0.09151	4.17691e+06	1.87447e+08	0	0	0
18.00000	5.85130	5.150000	950	0.02597	2.36354e+03	0.550	0.09151	4.25737e+07	1.87447e+08	0	0	0
18.00000	5.85130	5.150000	950	0.08584	7.33145e-02	1.000	1.00000	0.00000e+00	1.15767e+07	10	1	1
18.00000	5.85130	5.150000	950	0.08584	9.82388e-01	1.000	1.00000	0.00000e+00	1.15767e+07	10	1	1
18.00000	5.85130	5.150000	950	0.08584	1.31636e+01	1.000	1.00000	0.00000e+00	1.15767e+07	10	1	1
18.00000	5.85130	5.150000	950	0.08584	1.76388e+02	1.000	1.00000	0.00000e+00	1.15767e+07	10	1	1
18.00000	5.85130	5.150000	950	0.08584	2.36354e+03	1.000	1.00000	0.00000e+00	1.15767e+07	10	1	1
18.00000	5.85130	5.150000	1225	0.00175	7.33145e-02	0.100	0.00115	0.00000e+00	8.28105e+08	10	1	1
18.00000	5.85130	5.150000	1225	0.00175	9.82388e-01	0.100	0.00115	0.00000e+00	8.28105e+08	10	1	1
18.00000	5.85130	5.150000	1225	0.00175	1.31636e+01	0.100	0.00115	0.00000e+00	8.28105e+08	10	1	1
18.00000	5.85130	5.150000	1225	0.00175	1.76388e+02	0.100	0.00115	0.00000e+00	8.28105e+08	10	1	1
18.00000	5.85130	5.150000	1225	0.00175	2.36354e+03	0.100	0.00115	0.00000e+00	8.28105e+08	10	1	1
18.00000	5.85130	5.150000	1225	0.00434	7.33145e-02	0.220	0.00707	0.00000e+00	1.98335e+10	10	1	1
18.00000	5.85130	5.150000	1225	0.00434	9.82388e-01	0.220	0.00707	0.00000e+00	1.98335e+10	10	1	1
18.00000	5.85130	5.150000	1225	0.00434	1.31636e+01	0.220	0.00707	0.00000e+00	1.98335e+10	10	1	1
18.00000	5.85130	5.150000	1225	0.00434	1.76388e+02	0.220	0.00707	0.00000e+00	1.98335e+10	10	1	1
18.00000	5.85130	5.150000	1225	0.00434	2.36354e+03	0.220	0.00707	0.00000e+00	1.98335e+10	10	1	1
18.00000	5.85130	5.150000	1225	0.00620	7.33145e-02	0.300	0.01442	3.65607e+04	1.63054e+12	1	0	0
18.00000	5.85130	5.150000	1225	0.00620	9.82388e-01	0.300	0.01442	4.60364e+05	1.63054e+12	1	0	0
18.00000	5.85130	5.150000	1225	0.00620	1.31636e+01	0.300	0.01442	4.65884e+06	1.63054e+12	1	0	0
18.00000	5.85130	5.150000	1225	0.00620	1.76388e+02	0.300	0.01442	2.84312e+07	1.63054e+12	1	0	0
18.00000	5.85130	5.150000	1225	0.00620	2.36354e+03	0.300	0.01442	1.03612e+08	1.63054e+12	1	0	0
18.00000	5.85130	5.150000	1225	0.01562	7.33145e-02	0.550	0.09151	0.00000e+00	9.31366e+08	10	1	1
18.00000	5.85130	5.150000	1225	0.01562	9.82388e-01	0.550	0.09151	4.60364e+05	9.31366e+08	1	0	0
18.00000	5.85130	5.150000	1225	0.01562	1.31636e+01	0.550	0.09151	4.65884e+06	9.31366e+08	1	0	0
18.00000	5.85130	5.150000	1225	0.01562	1.76388e+02	0.550	0.09151	0.00000e+00	9.31366e+08	10	1	1
18.00000	5.85130	5.150000	1225	0.01562	2.36354e+03	0.550	0.09151	0.00000e+00	9.31366e+08	10	1	1
18.00000	5.85130	5.150000	1225	0.05162	7.33145e-02	1.000	1.00000	0.00000e+00	3.67523e+07	10	1	1
18.00000	5.85130	5.150000	1225	0.05162	9.82388e-01	1.000	1.00000	0.00000e+00	3.67523e+07	10	1	1
18.00000	5.85130	5.150000	1225	0.05162	1.31636e+01	1.000	1.00000	0.00000e+00	3.67523e+07	10	1	1
18.00000	5.85130	5.150000	1225	0.05162	1.76388e+02	1.000	1.00000	0.00000e+00	3.67523e+07	10	1	1
18.00000	5.85130	5.150000	1225	0.05162	2.36354e+03	1.000	1.00000	0.00000e+00	3.67523e+07	10	1	1
18.00000	5.85130	5.150000	1500	0.00117	7.33145e-02	0.100	0.00115	0.00000e+00	4.35829e+08	10	1	1
18.00000	5.85130	5.150000	1500	0.00117	9.82388e-01	0.100	0.00115	0.00000e+00	4.35829e+08	10	1	1
18.00000	5.85130	5.150000	1500	0.00117	1.31636e+01	0.100	0.00115	0.00000e+00	4.35829e+08	10	1	1
18.00000	5.85130	5.150000	1500	0.00117	1.76388e+02	0.100	0.00115	0.00000e+00	4.35829e+08	10	1	1
18.00000	5.85130	5.150000	1500	0.00117	2.36354e+03	0.100	0.00115	0.00000e+00	4.35829e+08	10	1	1
18.00000	5.85130	5.150000	1500	0.00289	7.33145e-02	0.220	0.00707	0.00000e+00	4.01693e+09	10	1	1
18.00000	5.85130	5.150000	1500	0.00289	9.82388e-01	0.220	0.00707	0.00000e+00	4.01693e+09	10	1	1
18.00000	5.85130	5.150000	1500	0.00289	1.31636e+01	0.220	0.00707	0.00000e+00	4.01693e+09	10	1	1
18.00000	5.85130	5.150000	1500	0.00289	1.76388e+02	0.220	0.00707	0.00000e+00	4.01693e+09	10	1	1
18.00000	5.85130	5.150000	1500	0.00289	2.36354e+03	0.220	0.00707	0.00000e+00	4.01693e+09	10	1	1
18.00000	5.85130	5.150000	1500	0.00414	7.33145e-02	0.300	0.01442	0.00000e+00	8.05004e+09	10	1	1
18.00000	5.85130	5.150000	1500	0.00414	9.82388e-01	0.300	0.01442	0.00000e+00	8.05004e+09	10	1	1
18.00000	5.85130	5.150000	1500	0.00414	1.31636e+01	0.300	0.01442	0.00000e+00	8.05004e+09	10	1	1
18.00000	5.85130	5.150000	1500	0.00414	1.76388e+02	0.300	0.01442	0.00000e+00	8.05004e+09	10	1	1
18.00000	5.85130	5.150000	1500	0.00414	2.36354e+03	0.300	0.01442	0.00000e+00	8.05004e+09	10	1	1
18.00000	5.85130	5.150000	1500	0.01041	7.33145e-02	0.550	0.09151	3.65607e+04	7.55086e+09	1	0	0
18.00000	5.85130	5.150000	1500	0.01041	9.82388e-01	0.550	0.09151	4.60364e+05	7.55086e+09	1	0	0
18.00000	5.85130	5.150000	1500	0.01041	1.31636e+01	0.550	0.09151	4.65884e+06	7.55086e+09	1	0	0
18.00000	5.85130	5.150000	1500	0.01041	1.76388e+02	0.550	0.09151	0.00000e+00	7.55086e+09	10	1	1
18.00000	5.85130	5.150000	1500	0.01041	2.36354e+03	0.550	0.09151	0.00000e+00	7.55086e+09	10	1	1
18.00000	5.85130	5.150000	1500	0.03443	7.33145e-02	1.000	1.00000	0.00000e+00	1.00736e+08	10	1	1
18.00000	5.85130	5.150000	1500	0.03443	9.82388e-01	1.000	1.00000	0.00000e+00	1.00736e+08	10	1	1
18.00000	5.85130	5.150000	1500	0.03443	1.31636e+01	1.000	1.00000	0.00000e+00	1.00736e+08	10	1	1
18.00000	5.85130	5.150000	1500	0.03443	1.76388e+02	1.000	1.00000	0.00000e+00	1.00736e+08	10	1	1
18.00000	5.85130	5.150000	1500	0.03443	2.36354e+03	1.000	1.00000	0.00000e+00	1.00736e+08	10	1	1
18.00000	4.93500	7.240000	400	0.01644	7.33145e-02	0.100	0.00115	0.00000e+00	3.73448e+07	10	1	1
18.00000	4.93500	7.240000	400	0.01644	9.82388e-01	0.100	0.00115	6.65742e+03	3.73448e+07	0	0	0
18.00000	4.93500	7.240000	400	0.01644	1.31636e+01	0.100	0.00115	6.41448e+04	3.73448e+07	0	0	0
18.00000	4.93500	7.240000	400	0.01644	1.76388e+02	0.100	0.00115	8.19755e+05	3.73448e+07	0	0	0
18.00000	4.93500	7.240000	400	0.01644	2.36354e+03	0.100	0.00115	1.25702e+07	3.73448e+07	0	0	0
18.00000	4.93500	7.240000	400	0.04070	7.33145e-02	0.220	0.00707	6.07920e+01	2.41343e+07	0	0	0
18.00000	4.93500	7.240000	400	0.04070	9.82388e-01	0.220	0.00707	8.51422e+02	2.41343e+07	0	0	0
18.00000	4.93500	7.240000	400	0.04070	1.31636e+01	0.220	0.00707	1.36031e+04	2.41343e+07	0	0	0
18.00000	4.93500	7.240000	400	0.04070	1.76388e+02	0.220	0.00707	2.58189e+05	2.41343e+07	0	0	0
18.00000	4.93500	7.240000	400	0.04070	2.36354e+03	0.220	0.00707	5.68802e+06	2.41343e+07	0	0	0
18.00000	4.93500	7.240000	400	0.05815	7.33145e-02	0.300	0.01442	3.07203e+01	1.23572e+07	0	0	0
18.00000	4.93500	7.240000	400	0.05815	9.82388e-01	0.300	0.01442	5.22071e+02	1.23572e+07	0	0	0
18.00000	4.93500	7.240000	400	0.05815	1.31636e+01	0.300	0.01442	9.50937e+03	1.23572e+07	0	0	0
18.00000	4.93500	7.240000	400	0.05815	1.76388e+02	0.300	0.01442	1.95493e+05	1.23572e+07	0	0	0
18.00000	4.93500	7.240000	400	0.05815	2.36354e+03	0.300	0.01442	4.76265e+06	1.23572e+07	0	0	0
18.00000	4.93500	7.240000	400	0.14646	7.33145e-02	0.550	0.09151	0.00000e+00	1.79989e+06	10	1	1
18.00000	4.93500	7.240000	400	0.14646	9.82388e-01	0.550	0.09151	0.00000e+00	1.79989e+06	10	1	1
18.00000	4.93500	7.240000	400	0.14646	1.31636e+01	0.550	0.09151	5.25367e+03	1.79989e+06	0	0	0
18.00000	4.93500	7.240000	400	0.14646	1.76388e+02	0.550	0.09151	1.27795e+05	1.79989e+06	0	0	0
18.00000	4.93500	7.240000	400	0.14646	2.36354e+03	0.550	0.09151	3.73797e+06	1.79989e+06	0	0	0
18.00000	4.93500	7.240000	400	0.48417	7.33145e-02	1.000	1.00000	6.09584e+00	1.57534e+05	0	0	0
18.00000	4.93500	7.240000	400	0.48417	9.82388e-01	1.000	1.00000	1.46016e+02	1.57534e+05	0	0	0
18.00000	4.93500	7.240000	400	0.48417	1.31636e+01	1.000	1.00000	3.94327e+03	1.57534e+05	0	0	0
18.00000	4.93500	7.240000	400	0.48417	1.76388e+02	1.000	1.00000	1.05989e+05	1.57534e+05	0	0	0
18.00000	4.93500	7.240000	400	0.48417	2.36354e+03	1.000	1.00000	3.47922e+06	1.57534e+05	0	0	0
18.00000	4.93500	7.240000	675	0.00577	7.33145e-02	0.100	0.00115	0.00000e+00	1.21179e+09	10	1	1
18.00000	4.93500	7.240000	675	0.00577	9.82388e-01	0.100	0.00115	0.00000e+00	1.21179e+09	10	1	1
18.00000	4.93500	7.240000	675	0.00577	1.31636e+01	0.100	0.00115	6.82615e+06	1.21179e+09	1	0	0
18.00000	4.93500	7.240000	675	0.00577	1.76388e+02	0.100	0.00115	0.00000e+00	1.21179e+09	10	1	1
18.00000	4.93500	7.240000	675	0.00577	2.36354e+03	0.100	0.00115	1.16782e+08	1.21179e+09	0	0	0
18.00000	4.93500	7.240000	675	0.01429	7.33145e-02	0.220	0.00707	4.52837e+03	3.14893e+08	0	0	0
18.00000	4.93500	7.240000	675	0.01429	9.82388e-01	0.220	0.00707	4.87916e+04	3.14893e+08	0	0	0
18.00000	4.93500	7.240000	675	0.01429	1.31636e+01	0.220	0.00707	3.64920e+05	3.14893e+08	0	0	0
18.00000	4.93500	7.240000	675	0.01429	1.76388e+02	0.220	0.00707	2.52337e+06	3.14893e+08	0	0	0
18.00000	4.93500	7.240000	675	0.01429	2.36354e+03	0.220	0.00707	2.60989e+07	3.14893e+08	0	0	0
18.00000	4.93500	7.240000	675	0.02042	7.33145e-02	0.300	0.01442	1.19016e+03	1.40543e+08	0	0	0
18.00000	4.93500	7.240000	675	0.02042	9.82388e-01	0.300	0.01442	1.24558e+04	1.40543e+08	0	0	0
18.00000	4.93500	7.240000	675	0.02042	1.31636e+01	0.300	0.01442	1.08900e+05	1.40543e+08	0	0	0
18.00000	4.93500	7.240000	675	0.02042	1.76388e+02	0.300	0.01442	1.17774e+06	1.40543e+08	0	0	0
18.00000	4.93500	7.240000	675	0.02042	2.36354e+03	0.300	0.01442	1.61292e+07	1.40543e+08	0	0	0
18.00000	4.93500	7.240000	675	0.05143	7.33145e-02	0.550	0.09151	7.53613e+01	1.68216e+07	0	0	0
18.00000	4.93500	7.240000	675	0.05143	9.82388e-01	0.550	0.09151	1.00117e+03	1.68216e+07	0	0	0
18.00000	4.93500	7.240000	675	0.05143	1.31636e+01	0.550	0.09151	1.52741e+04	1.68216e+07	0	0	0
18.00000	4.93500	7.240000	675	0.05143	1.76388e+02	0.550	0.09151	2.82956e+05	1.68216e+07	0	0	0
18.00000	4.93500	7.240000	675	0.05143	2.36354e+03	0.550	0.09151	6.04318e+06	1.68216e+07	0	0	0
18.00000	4.93500	7.240000	675	0.17002	7.33145e-02	1.000	1.00000	1.05927e+01	1.34055e+06	0	0	0
18.00000	4.93500	7.240000	675	0.17002	9.82388e-01	1.000	1.00000	2.44339e+02	1.34055e+06	0	0	0
18.00000	4.93500	7.240000	675	0.17002	1.31636e+01	1.000	1.00000	5.38730e+03	1.34055e+06	0	0	0
18.00000	4.93500	7.240000	675	0.17002	1.76388e+02	1.000	1.00000	1.29982e+05	1.34055e+06	0	0	0
18.00000	4.93500	7.240000	675	0.17002	2.36354e+03	1.000	1.00000	3.76971e+06	1.34055e+06	0	0	0
18.00000	4.93500	7.240000	950	0.00291	7.33145e-02	0.100	0.00115	0.00000e+00	6.23790e+09	10	1	1
18.00000	4.93500	7.240000	950	0.00291	9.82388e-01	0.100	0.00115	0.00000e+00	6.23790e+09	10	1	1
18.00000	4.93500	7.240000	950	0.00291	1.31636e+01	0.100	0.00115	0.00000e+00	6.23790e+09	10	1	1
18.00000	4.93500	7.240000	950	0.00291	1.76388e+02	0.100	0.00115	0.00000e+00	6.23790e+09	10	1	1
18.00000	4.93500	7.240000	950	0.00291	2.36354e+03	0.100	0.00115	0.00000e+00	6.23790e+09	10	1	1
18.00000	4.93500	7.240000	950	0.00722	7.33145e-02	0.220	0.00707	0.00000e+00	4.37677e+09	10	1	1
18.00000	4.93500	7.240000	950	0.00722	9.82388e-01	0.220	0.00707	0.00000e+00	4.37677e+09	10	1	1
18.00000	4.93500	7.240000	950	0.00722	1.31636e+01	0.220	0.00707	0.00000e+00	4.37677e+09	10	1	1
18.00000	4.93500	7.240000	950	0.00722	1.76388e+02	0.220	0.00707	0.00000e+00	4.37677e+09	10	1	1
18.00000	4.93500	7.240000	950	0.00722	2.36354e+03	0.220	0.00707	0.00000e+00	4.37677e+09	10	1	1
18.00000	4.93500	7.240000	950	0.01031	7.33145e-02	0.300	0.01442	2.37387e+04	1.17215e+09	0	0	0
18.00000	4.93500	7.240000	950	0.01031	9.82388e-01	0.300	0.01442	2.93083e+05	1.17215e+09	0	0	0
18.00000	4.93500	7.240000	950	0.01031	1.31636e+01	0.300	0.01442	2.91734e+06	1.17215e+09	0	0	0
18.00000	4.93500	7.240000	950	0.01031	1.76388e+02	0.300	0.01442	1.64735e+07	1.17215e+09	0	0	0
18.00000	4.93500	7.240000	950	0.01031	2.36354e+03	0.300	0.01442	6.40180e+07	1.17215e+09	0	0	0
18.00000	4.93500	7.240000	950	0.02597	7.33145e-02	0.550	0.09151	9.80918e+02	8.50153e+07	0	0	0
18.00000	4.93500	7.240000	950	0.02597	9.82388e-01	0.550	0.09151	1.03708e+04	8.50153e+07	0	0	0
18.00000	4.93500	7.240000	950	0.02597	1.31636e+01	0.550	0.09151	9.34679e+04	8.50153e+07	0	0	0
18.00000	4.93500	7.240000	950	0.02597	1.76388e+02	0.550	0.09151	1.06208e+06	8.50153e+07	0	0	0
18.00000	4.93500	7.240000	950	0.02597	2.36354e+03	0.550	0.09151	1.50388e+07	8.50153e+07	0	0	0
18.00000	4.93500	7.240000	950	0.08584	7.33145e-02	1.000	1.00000	3.13984e+01	5.68215e+06	0	0	0
18.00000	4.93500	7.240000	950	0.08584	9.82388e-01	1.000	1.00000	5.30122e+02	5.68215e+06	0	0	0
18.00000	4.93500	7.240000	950	0.08584	1.31636e+01	1.000	1.00000	9.61895e+03	5.68215e+06	0	0	0
18.00000	4.93500	7.240000	950	0.08584	1.76388e+02	1.000	1.00000	1.97231e+05	5.68215e+06	0	0	0
18.00000	4.93500	7.240000	950	0.08584	2.36354e+03	1.000	1.00000	4.79012e+06	5.68215e+06	0	0	0
18.00000	4.93500	7.240000	1225	0.00175	7.33145e-02	0.100	0.00115	0.00000e+00	8.37530e+08	10	1	1
18.00000	4.93500	7.240000	1225	0.00175	9.82388e-01	0.100	0.00115	0.00000e+00	8.37530e+08	10	1	1
18.00000	4.93500	7.240000	1225	0.00175	1.31636e+01	0.100	0.00115	0.00000e+00	8.37530e+08	10	1	1
18.00000	4.93500	7.240000	1225	0.00175	1.76388e+02	0.100	0.00115	0.00000e+00	8.37530e+08	10	1	1
18.00000	4.93500	7.240000	1225	0.00175	2.36354e+03	0.100	0.00115	0.00000e+00	8.37530e+08	10	1	1
18.00000	4.93500	7.240000	1225	0.00434	7.33145e-02	0.220	0.00707	0.00000e+00	8.28641e+10	10	1	1
18.00000	4.93500	7.240000	1225	0.00434	9.82388e-01	0.220	0.00707	0.00000e+00	8.28641e+10	10	1	1
18.00000	4.93500	7.240000	1225	0.00434	1.31636e+01	0.220	0.00707	0.00000e+00	8.28641e+10	10	1	1
18.00000	4.93500	7.240000	1225	0.00434	1.76388e+02	0.220	0.00707	0.00000e+00	8.28641e+10	10	1	1
18.00000	4.93500	7.240000	1225	0.00434	2.36354e+03	0.220	0.00707	0.00000e+00	8.28641e+10	10	1	1
18.00000	4.93500	7.240000	1225	0.00620	7.33145e-02	0.300	0.01442	0.00000e+00	3.66741e+10	10	1	1
18.00000	4.93500	7.240000	1225	0.00620	9.82388e-01	0.300	0.01442	0.00000e+00	3.66741e+10	10	1	1
18.00000	4.93500	7.240000	1225	0.00620	1.31636e+01	0.300	0.01442	0.00000e+00	3.66741e+10	10	1	1
18.00000	4.93500	7.240000	1225	0.00620	1.76388e+02	0.300	0.01442	0.00000e+00	3.66741e+10	10	1	1
18.00000	4.93500	7.240000	1225	0.00620	2.36354e+03	0.300	0.01442	0.00000e+00	3.66741e+10	10	1	1
18.00000	4.93500	7.240000	1225	0.01562	7.33145e-02	0.550	0.09151	1.21876e+04	3.63958e+08	0	0	0
18.00000	4.93500	7.240000	1225	0.01562	9.82388e-01	0.550	0.09151	1.44374e+05	3.63958e+08	0	0	0
18.00000	4.93500	7.240000	1225	0.01562	1.31636e+01	0.550	0.09151	1.27301e+06	3.63958e+08	0	0	0
18.00000	4.93500	7.240000	1225	0.01562	1.76388e+02	0.550	0.09151	5.92085e+06	3.63958e+08	0	0	0
18.00000	4.93500	7.240000	1225	0.01562	2.36354e+03	0.550	0.09151	0.00000e+00	3.63958e+08	10	1	1
18.00000	4.93500	7.240000	1225	0.05162	7.33145e-02	1.000	1.00000	1.45663e+02	1.75790e+07	0	0	0
18.00000	4.93500	7.240000	1225	0.05162	9.82388e-01	1.000	1.00000	1.70737e+03	1.75790e+07	0	0	0
18.00000	4.93500	7.240000	1225	0.05162	1.31636e+01	1.000	1.00000	2.23027e+04	1.75790e+07	0	0	0
18.00000	4.93500	7.240000	1225	0.05162	1.76388e+02	1.000	1.00000	3.80648e+05	1.75790e+07	0	0	0
18.00000	4.93500	7.240000	1225	0.05162	2.36354e+03	1.000	1.00000	7.38018e+06	1.75790e+07	0	0	0
18.00000	4.93500	7.240000	1500	0.00117	7.33145e-02	0.100	0.00115	0.00000e+00	3.96624e+08	10	1	1
18.00000	4.93500	7.240000	1500	0.00117	9.82388e-01	0.100	0.00115	0.00000e+00	3.96624e+08	10	1	1
18.00000	4.93500	7.240000	1500	0.00117	1.31636e+01	0.100	0.00115	0.00000e+00	3.96624e+08	10	1	1
18.00000	4.93500	7.240000	1500	0.00117	1.76388e+02	0.100	0.00115	0.00000e+00	3.96624e+08	10	1	1
18.00000	4.93500	7.240000	1500	0.00117	2.36354e+03	0.100	0.00115	0.00000e+00	3.96624e+08	10	1	1
18.00000	4.93500	7.240000	1500	0.00289	7.33145e-02	0.220	0.00707	0.00000e+00	4.70717e+09	10	1	1
18.00000	4.93500	7.240000	1500	0.00289	9.82388e-01	0.220	0.00707	0.00000e+00	4.70717e+09	10	1	1
18.00000	4.93500	7.240000	1500	0.00289	1.31636e+01	0.220	0.00707	0.00000e+00	4.70717e+09	10	1	1
18.00000	4.93500	7.240000	1500	0.00289	1.76388e+02	0.220	0.00707	0.00000e+00	4.70717e+09	10	1	1
18.00000	4.93500	7.240000	1500	0.00289	2.36354e+03	0.220	0.00707	0.00000e+00	4.70717e+09	10	1	1
18.00000	4.93500	7.240000	1500	0.00414	7.33145e-02	0.300	0.01442	0.00000e+00	1.42602e+10	10	1	1
18.00000	4.93500	7.240000	1500	0.00414	9.82388e-01	0.300	0.01442	0.00000e+00	1.42602e+10	10	1	1
18.00000	4.93500	7.240000	1500	0.00414	1.31636e+01	0.300	0.01442	0.00000e+00	1.42602e+10	10	1	1
18.00000	4.93500	7.240000	1500	0.00414	1.76388e+02	0.300	0.01442	0.00000e+00	1.42602e+10	10	1	1
18.00000	4.93500	7.240000	1500	0.00414	2.36354e+03	0.300	0.01442	0.00000e+00	1.42602e+10	10	1	1
18.00000	4.93500	7.240000	1500	0.01041	7.33145e-02	0.550	0.09151	3.56718e+04	1.85647e+09	1	0	0
18.00000	4.93500	7.240000	1500	0.01041	9.82388e-01	0.550	0.09151	8.87433e+05	1.85647e+09	0	0	0
18.00000	4.93500	7.240000	1500	0.01041	1.31636e+01	0.550	0.09151	7.71049e+06	1.85647e+09	0	0	0
18.00000	4.93500	7.240000	1500	0.01041	1.76388e+02	0.550	0.09151	3.85668e+07	1.85647e+09	0	0	0
18.00000	4.93500	7.240000	1500	0.01041	2.36354e+03	0.550	0.09151	1.05138e+08	1.85647e+09	0	0	0
18.00000	4.93500	7.240000	1500	0.03443	7.33145e-02	1.000	1.00000	6.69096e+02	4.62596e+07	0	0	0
18.00000	4.93500	7.240000	1500	0.03443	9.82388e-01	1.000	1.00000	7.25112e+03	4.62596e+07	0	0	0
18.00000	4.93500	7.240000	1500	0.03443	1.31636e+01	1.000	1.00000	6.90228e+04	4.62596e+07	0	0	0
18.00000	4.93500	7.240000	1500	0.03443	1.76388e+02	1.000	1.00000	8.62977e+05	4.62596e+07	0	0	0
18.00000	4.93500	7.240000	1500	0.03443	2.36354e+03	1.000	1.00000	1.30373e+07	4.62596e+07	0	0	0
18.00000	3.54889	14.000000	400	0.01644	7.33145e-02	0.100	0.00115	1.68157e-01	8.77719e+06	0	0	0
18.00000	3.54889	14.000000	400	0.01644	9.82388e-01	0.100	0.00115	7.68581e+00	8.77719e+06	0	0	0
18.00000	3.54889	14.000000	400	0.01644	1.31636e+01	0.100	0.00115	2.85937e+02	8.77719e+06	0	0	0
18.00000	3.54889	14.000000	400	0.01644	1.76388e+02	0.100	0.00115	8.36903e+03	8.77719e+06	0	0	0
18.00000	3.54889	14.000000	400	0.01644	2.36354e+03	0.100	0.00115	2.77652e+05	8.77719e+06	0	0	0
18.00000	3.54889	14.000000	400	0.04070	7.33145e-02	0.220	0.00707	0.00000e+00	6.08713e+06	10	1	1
18.00000	3.54889	14.000000	400	0.04070	9.82388e-01	0.220	0.00707	0.00000e+00	6.08713e+06	10	1	1
18.00000	3.54889	14.000000	400	0.04070	1.31636e+01	0.220	0.00707	1.95745e+01	6.08713e+06	0	0	0
18.00000	3.54889	14.000000	400	0.04070	1.76388e+02	0.220	0.00707	1.11142e+03	6.08713e+06	0	0	0
18.00000	3.54889	14.000000	400	0.04070	2.36354e+03	0.220	0.00707	0.00000e+00	6.08713e+06	10	1	1
18.00000	3.54889	14.000000	400	0.05815	7.33145e-02	0.300	0.01442	0.00000e+00	3.16284e+06	10	1	1
18.00000	3.54889	14.000000	400	0.05815	9.82388e-01	0.300	0.01442	7.32508e-02	3.16284e+06	0	0	0
18.00000	3.54889	14.000000	400	0.05815	1.31636e+01	0.300	0.01442	9.58210e+00	3.16284e+06	0	0	0
18.00000	3.54889	14.000000	400	0.05815	1.76388e+02	0.300	0.01442	6.81606e+02	3.16284e+06	0	0	0
18.00000	3.54889	14.000000	400	0.05815	2.36354e+03	0.300	0.01442	0.00000e+00	3.16284e+06	10	1	1
18.00000	3.54889	14.000000	400	0.14646	7.33145e-02	0.550	0.09151	0.00000e+00	4.71803e+05	10	1	1
18.00000	3.54889	14.000000	400	0.14646	9.82388e-01	0.550	0.09151	1.57039e-01	4.71803e+05	0	0	0
18.00000	3.54889	14.000000	400	0.14646	1.31636e+01	0.550	0.09151	0.00000e+00	4.71803e+05	10	1	1
18.00000	3.54889	14.000000	400	0.14646	1.76388e+02	0.550	0.09151	0.00000e+00	4.71803e+05	10	1	1
18.00000	3.54889	14.000000	400	0.14646	2.36354e+03	0.550	0.09151	0.00000e+00	4.71803e+05	10	1	1
18.00000	3.54889	14.000000	400	0.48417	7.33145e-02	1.000	1.00000	0.00000e+00	4.18308e+04	10	1	1
18.00000	3.54889	14.000000	400	0.48417	9.82388e-01	1.000	1.00000	0.00000e+00	4.18308e+04	10	1	1
18.00000	3.54889	14.000000	400	0.48417	1.31636e+01	1.000	1.00000	0.00000e+00	4.18308e+04	10	1	1
18.00000	3.54889	14.000000	400	0.48417	1.76388e+02	1.000	1.00000	0.00000e+00	4.18308e+04	10	1	1
18.00000	3.54889	14.000000	400	0.48417	2.36354e+03	1.000	1.00000	0.00000e+00	4.18308e+04	10	1	1
18.00000	3.54889	14.000000	675	0.00577	7.33145e-02	0.100	0.00115	4.37605e+03	1.52394e+08	0	0	0
18.00000	3.54889	14.000000	675	0.00577	9.82388e-01	0.100	0.00115	5.29754e+04	1.52394e+08	0	0	0
18.00000	3.54889	14.000000	675	0.00577	1.31636e+01	0.100	0.00115	4.86268e+05	1.52394e+08	0	0	0
18.00000	3.54889	14.000000	675	0.00577	1.76388e+02	0.100	0.00115	2.48700e+06	1.52394e+08	0	0	0
18.00000	3.54889	14.000000	675	0.00577	2.36354e+03	0.100	0.00115	1.70614e+07	1.52394e+08	0	0	0
18.00000	3.54889	14.000000	675	0.01429	7.33145e-02	0.220	0.00707	1.22743e+01	6.70774e+07	0	0	0
18.00000	3.54889	14.000000	675	0.01429	9.82388e-01	0.220	0.00707	1.69745e+02	6.70774e+07	0	0	0
18.00000	3.54889	14.000000	675	0.01429	1.31636e+01	0.220	0.00707	2.85041e+03	6.70774e+07	0	0	0
18.00000	3.54889	14.000000	675	0.01429	1.76388e+02	0.220	0.00707	5.71182e+04	6.70774e+07	0	0	0
18.00000	3.54889	14.000000	675	0.01429	2.36354e+03	0.220	0.00707	1.27878e+06	6.70774e+07	0	0	0
18.00000	3.54889	14.000000	675	0.02042	7.33145e-02	0.300	0.01442	6.76587e-01	3.20954e+07	0	0	0
18.00000	3.54889	14.000000	675	0.02042	9.82388e-01	0.300	0.01442	2.19525e+01	3.20954e+07	0	0	0
18.00000	3.54889	14.000000	675	0.02042	1.31636e+01	0.300	0.01442	6.25975e+02	3.20954e+07	0	0	0
18.00000	3.54889	14.000000	675	0.02042	1.76388e+02	0.300	0.01442	1.59301e+04	3.20954e+07	0	0	0
18.00000	3.54889	14.000000	675	0.02042	2.36354e+03	0.300	0.01442	4.67059e+05	3.20954e+07	0	0	0
18.00000	3.54889	14.000000	675	0.05143	7.33145e-02	0.550	0.09151	0.00000e+00	4.22119e+06	10	1	1
18.00000	3.54889	14.000000	675	0.05143	9.82388e-01	0.550	0.09151	0.00000e+00	4.22119e+06	10	1	1
18.00000	3.54889	14.000000	675	0.05143	1.31636e+01	0.550	0.09151	2.45450e+01	4.22119e+06	0	0	0
18.00000	3.54889	14.000000	675	0.05143	1.76388e+02	0.550	0.09151	1.30211e+03	4.22119e+06	0	0	0
18.00000	3.54889	14.000000	675	0.05143	2.36354e+03	0.550	0.09151	0.00000e+00	4.22119e+06	10	1	1
18.00000	3.54889	14.000000	675	0.17002	7.33145e-02	1.000	1.00000	0.00000e+00	3.51013e+05	10	1	1
18.00000	3.54889	14.000000	675	0.17002	9.82388e-01	1.000	1.00000	0.00000e+00	3.51013e+05	10	1	1
18.00000	3.54889	14.000000	675	0.17002	1.31636e+01	1.000	1.00000	0.00000e+00	3.51013e+05	10	1	1
18.00000	3.54889	14.000000	675	0.17002	1.76388e+02	1.000	1.00000	0.00000e+00	3.51013e+05	10	1	1
18.00000	3.54889	14.000000	675	0.17002	2.36354e+03	1.000	1.00000	0.00000e+00	3.51013e+05	10	1	1
18.00000	3.54889	14.000000	950	0.00291	7.33145e-02	0.100	0.00115	0.00000e+00	2.21924e+10	10	1	1
18.00000	3.54889	14.000000	950	0.00291	9.82388e-01	0.100	0.00115	0.00000e+00	2.21924e+10	10	1	1
18.00000	3.54889	14.000000	950	0.00291	1.31636e+01	0.100	0.00115	0.00000e+00	2.21924e+10	10	1	1
18.00000	3.54889	14.000000	950	0.00291	1.76388e+02	0.100	0.00115	0.00000e+00	2.21924e+10	10	1	1
18.00000	3.54889	14.000000	950	0.00291	2.36354e+03	0.100	0.00115	0.00000e+00	2.21924e+10	10	1	1
18.00000	3.54889	14.000000	950	0.00722	7.33145e-02	0.220	0.00707	5.54199e+03	5.08505e+08	0	0	0
18.00000	3.54889	14.000000	950	0.00722	9.82388e-01	0.220	0.00707	6.77890e+04	5.08505e+08	0	0	0
18.00000	3.54889	14.000000	950	0.00722	1.31636e+01	0.220	0.00707	6.49797e+05	5.08505e+08	0	0	0
18.00000	3.54889	14.000000	950	0.00722	1.76388e+02	0.220	0.00707	3.26829e+06	5.08505e+08	0	0	0
18.00000	3.54889	14.000000	950	0.00722	2.36354e+03	0.220	0.00707	1.94700e+07	5.08505e+08	0	0	0
18.00000	3.54889	14.000000	950	0.01031	7.33145e-02	0.300	0.01442	6.62691e+02	1.95219e+08	0	0	0
18.00000	3.54889	14.000000	950	0.01031	9.82388e-01	0.300	0.01442	7.61068e+03	1.95219e+08	0	0	0
18.00000	3.54889	14.000000	950	0.01031	1.31636e+01	0.300	0.01442	6.76437e+04	1.95219e+08	0	0	0
18.00000	3.54889	14.000000	950	0.01031	1.76388e+02	0.300	0.01442	6.00868e+05	1.95219e+08	0	0	0
18.00000	3.54889	14.000000	950	0.01031	2.36354e+03	0.300	0.01442	7.45317e+06	1.95219e+08	0	0	0
18.00000	3.54889	14.000000	950	0.02597	7.33145e-02	0.550	0.09151	4.53428e-01	1.95716e+07	0	0	0
18.00000	3.54889	14.000000	950	0.02597	9.82388e-01	0.550	0.09151	1.64342e+01	1.95716e+07	0	0	0
18.00000	3.54889	14.000000	950	0.02597	1.31636e+01	0.550	0.09151	5.01908e+02	1.95716e+07	0	0	0
18.00000	3.54889	14.000000	950	0.02597	1.76388e+02	0.550	0.09151	1.32638e+04	1.95716e+07	0	0	0
18.00000	3.54889	14.000000	950	0.02597	2.36354e+03	0.550	0.09151	4.03276e+05	1.95716e+07	0	0	0
18.00000	3.54889	14.000000	950	0.08584	7.33145e-02	1.000	1.00000	0.00000e+00	1.45349e+06	10	1	1
18.00000	3.54889	14.000000	950	0.08584	9.82388e-01	1.000	1.00000	0.00000e+00	1.45349e+06	10	1	1
18.00000	3.54889	14.000000	950	0.08584	1.31636e+01	1.000	1.00000	9.80205e+00	1.45349e+06	0	0	0
18.00000	3.54889	14.000000	950	0.08584	1.76388e+02	1.000	1.00000	0.00000e+00	1.45349e+06	10	1	1
18.00000	3.54889	14.000000	950	0.08584	2.36354e+03	1.000	1.00000	0.00000e+00	1.45349e+06	10	1	1
18.00000	3.54889	14.000000	1225	0.00175	7.33145e-02	0.100	0.00115	0.00000e+00	1.18792e+09	10	1	1
18.00000	3.54889	14.000000	1225	0.00175	9.82388e-01	0.100	0.00115	0.00000e+00	1.18792e+09	10	1	1
18.00000	3.54889	14.000000	1225	0.00175	1.31636e+01	0.100	0.00115	0.00000e+00	1.18792e+09	10	1	1
18.00000	3.54889	14.000000	1225	0.00175	1.76388e+02	0.100	0.00115	0.00000e+00	1.18792e+09	10	1	1
18.00000	3.54889	14.000000	1225	0.00175	2.36354e+03	0.100	0.00115	0.00000e+00	1.18792e+09	10	1	1
18.00000	3.54889	14.000000	1225	0.00434	7.33145e-02	0.220	0.00707	0.00000e+00	8.56232e+09	10	1	1
18.00000	3.54889	14.000000	1225	0.00434	9.82388e-01	0.220	0.00707	0.00000e+00	8.56232e+09	10	1	1
18.00000	3.54889	14.000000	1225	0.00434	1.31636e+01	0.220	0.00707	0.00000e+00	8.56232e+09	10	1	1
18.00000	3.54889	14.000000	1225	0.00434	1.76388e+02	0.220	0.00707	0.00000e+00	8.56232e+09	10	1	1
18.00000	3.54889	14.000000	1225	0.00434	2.36354e+03	0.220	0.00707	0.00000e+00	8.56232e+09	10	1	1
18.00000	3.54889	14.000000	1225	0.00620	7.33145e-02	0.300	0.01442	0.00000e+00	1.34485e+09	10	1	1
18.00000	3.54889	14.000000	1225	0.00620	9.82388e-01	0.300	0.01442	0.00000e+00	1.34485e+09	10	1	1
18.00000	3.54889	14.000000	1225	0.00620	1.31636e+01	0.300	0.01442	0.00000e+00	1.34485e+09	10	1	1
18.00000	3.54889	14.000000	1225	0.00620	1.76388e+02	0.300	0.01442	0.00000e+00	1.34485e+09	10	1	1
18.00000	3.54889	14.000000	1225	0.00620	2.36354e+03	0.300	0.01442	0.00000e+00	1.34485e+09	10	1	1
18.00000	3.54889	14.000000	1225	0.01562	7.33145e-02	0.550	0.09151	1.06154e+02	7.05618e+07	0	0	0
18.00000	3.54889	14.000000	1225	0.01562	9.82388e-01	0.550	0.09151	1.21050e+03	7.05618e+07	0	0	0
18.00000	3.54889	14.000000	1225	0.01562	1.31636e+01	0.550	0.09151	1.24889e+04	7.05618e+07	0	0	0
18.00000	3.54889	14.000000	1225	0.01562	1.76388e+02	0.550	0.09151	1.79436e+05	7.05618e+07	0	0	0
18.00000	3.54889	14.000000	1225	0.01562	2.36354e+03	0.550	0.09151	3.11413e+06	7.05618e+07	0	0	0
18.00000	3.54889	14.000000	1225	0.05162	7.33145e-02	1.000	1.00000	7.79036e-03	4.33828e+06	0	0	0
18.00000	3.54889	14.000000	1225	0.05162	9.82388e-01	1.000	1.00000	6.32346e-01	4.33828e+06	0	0	0
18.00000	3.54889	14.000000	1225	0.05162	1.31636e+01	1.000	1.00000	5.00530e+01	4.33828e+06	0	0	0
18.00000	3.54889	14.000000	1225	0.05162	1.76388e+02	1.000	1.00000	2.17307e+03	4.33828e+06	0	0	0
18.00000	3.54889	14.000000	1225	0.05162	2.36354e+03	1.000	1.00000	0.00000e+00	4.33828e+06	10	1	1
18.00000	3.54889	14.000000	1500	0.00117	7.33145e-02	0.100	0.00115	0.00000e+00	3.67426e+08	10	1	1
18.00000	3.54889	14.000000	1500	0.00117	9.82388e-01	0.100	0.00115	0.00000e+00	3.67426e+08	10	1	1
18.00000	3.54889	14.000000	1500	0.00117	1.31636e+01	0.100	0.00115	0.00000e+00	3.67426e+08	10	1	1
18.00000	3.54889	14.000000	1500	0.00117	1.76388e+02	0.100	0.00115	0.00000e+00	3.67426e+08	10	1	1
18.00000	3.54889	14.000000	1500	0.00117	2.36354e+03	0.100	0.00115	0.00000e+00	3.67426e+08	10	1	1
18.00000	3.54889	14.000000	1500	0.00289	7.33145e-02	0.220	0.00707	0.00000e+00	1.58044e+10	10	1	1
18.00000	3.54889	14.000000	1500	0.00289	9.82388e-01	0.220	0.00707	0.00000e+00	1.58044e+10	10	1	1
18.00000	3.54889	14.000000	1500	0.00289	1.31636e+01	0.220	0.00707	0.00000e+00	1.58044e+10	10	1	1
18.00000	3.54889	14.000000	1500	0.00289	1.76388e+02	0.220	0.00707	0.00000e+00	1.58044e+10	10	1	1
18.00000	3.54889	14.000000	1500	0.00289	2.36354e+03	0.220	0.00707	0.00000e+00	1.58044e+10	10	1	1
18.00000	3.54889	14.000000	1500	0.00414	7.33145e-02	0.300	0.01442	0.00000e+00	8.89252e+10	10	1	1
18.00000	3.54889	14.000000	1500	0.00414	9.82388e-01	0.300	0.01442	0.00000e+00	8.89252e+10	10	1	1
18.00000	3.54889	14.000000	1500	0.00414	1.31636e+01	0.300	0.01442	0.00000e+00	8.89252e+10	10	1	1
18.00000	3.54889	14.000000	1500	0.00414	1.76388e+02	0.300	0.01442	0.00000e+00	8.89252e+10	10	1	1
18.00000	3.54889	14.000000	1500	0.00414	2.36354e+03	0.300	0.01442	0.00000e+00	8.89252e+10	10	1	1
18.00000	3.54889	14.000000	1500	0.01041	7.33145e-02	0.550	0.09151	3.54563e+03	2.42723e+08	0	0	0
18.00000	3.54889	14.000000	1500	0.01041	9.82388e-01	0.550	0.09151	4.24963e+04	2.42723e+08	0	0	0
18.00000	3.54889	14.000000	1500	0.01041	1.31636e+01	0.550	0.09151	3.77469e+05	2.42723e+08	0	0	0
18.00000	3.54889	14.000000	1500	0.01041	1.76388e+02	0.550	0.09151	2.01820e+06	2.42723e+08	0	0	0
18.00000	3.54889	14.000000	1500	0.01041	2.36354e+03	0.550	0.09151	1.53742e+07	2.42723e+08	0	0	0
18.00000	3.54889	14.000000	1500	0.03443	7.33145e-02	1.000	1.00000	2.04473e-01	1.08191e+07	0	0	0
18.00000	3.54889	14.000000	1500	0.03443	9.82388e-01	1.000	1.00000	8.96535e+00	1.08191e+07	0	0	0
18.00000	3.54889	14.000000	1500	0.03443	1.31636e+01	1.000	1.00000	3.19708e+02	1.08191e+07	0	0	0
18.00000	3.54889	14.000000	1500	0.03443	1.76388e+02	1.000	1.00000	9.16624e+03	1.08191e+07	0	0	0
18.00000	3.54889	14.000000	1500	0.03443	2.36354e+03	1.000	1.00000	2.99197e+05	1.08191e+07	0	0	0
18.00000	2.42435	30.000000	400	0.01644	7.33145e-02	0.100	0.00115	0.00000e+00	1.73727e+06	10	1	1
18.00000	2.42435	30.000000	400	0.01644	9.82388e-01	0.100	0.00115	0.00000e+00	1.73727e+06	10	1	1
18.00000	2.42435	30.000000	400	0.01644	1.31636e+01	0.100	0.00115	0.00000e+00	1.73727e+06	10	1	1
18.00000	2.42435	30.000000	400	0.01644	1.76388e+02	0.100	0.00115	0.00000e+00	1.73727e+06	10	1	1
18.00000	2.42435	30.000000	400	0.01644	2.36354e+03	0.100	0.00115	0.00000e+00	1.73727e+06	10	1	1
18.00000	2.42435	30.000000	400	0.04070	7.33145e-02	0.220	0.00707	0.00000e+00	1.26684e+06	10	1	1
18.00000	2.42435	30.000000	400	0.04070	9.82388e-01	0.220	0.00707	0.00000e+00	1.26684e+06	10	1	1
18.00000	2.42435	30.000000	400	0.04070	1.31636e+01	0.220	0.00707	0.00000e+00	1.26684e+06	10	1	1
18.00000	2.42435	30.000000	400	0.04070	1.76388e+02	0.220	0.00707	0.00000e+00	1.26684e+06	10	1	1
18.00000	2.42435	30.000000	400	0.04070	2.36354e+03	0.220	0.00707	0.00000e+00	1.26684e+06	10	1	1
18.00000	2.42435	30.000000	400	0.05815	7.33145e-02	0.300	0.01442	0.00000e+00	6.65530e+05	10	1	1
18.00000	2.42435	30.000000	400	0.05815	9.82388e-01	0.300	0.01442	0.00000e+00	6.65530e+05	10	1	1
18.00000	2.42435	30.000000	400	0.05815	1.31636e+01	0.300	0.01442	0.00000e+00	6.65530e+05	10	1	1
18.00000	2.42435	30.000000	400	0.05815	1.76388e+02	0.300	0.01442	0.00000e+00	6.65530e+05	10	1	1
18.00000	2.42435	30.000000	400	0.05815	2.36354e+03	0.300	0.01442	0.00000e+00	6.65530e+05	10	1	1
18.00000	2.42435	30.000000	400	0.14646	7.33145e-02	0.550	0.09151	0.00000e+00	1.01119e+05	10	1	1
18.00000	2.42435	30.000000	400	0.14646	9.82388e-01	0.550	0.09151	0.00000e+00	1.01119e+05	10	1	1
18.00000	2.42435	30.000000	400	0.14646	1.31636e+01	0.550	0.09151	0.00000e+00	1.01119e+05	10	1	1
18.00000	2.42435	30.000000	400	0.14646	1.76388e+02	0.550	0.09151	0.00000e+00	1.01119e+05	10	1	1
18.00000	2.42435	30.000000	400	0.14646	2.36354e+03	0.550	0.09151	0.00000e+00	1.01119e+05	10	1	1
18.00000	2.42435	30.000000	400	0.48417	7.33145e-02	1.000	1.00000	0.00000e+00	9.05758e+03	10	1	1
18.00000	2.42435	30.000000	400	0.48417	9.82388e-01	1.000	1.00000	0.00000e+00	9.05758e+03	10	1	1
18.00000	2.42435	30.000000	400	0.48417	1.31636e+01	1.000	1.00000	0.00000e+00	9.05758e+03	10	1	1
18.00000	2.42435	30.000000	400	0.48417	1.76388e+02	1.000	1.00000	0.00000e+00	9.05758e+03	10	1	1
18.00000	2.42435	30.000000	400	0.48417	2.36354e+03	1.000	1.00000	0.00000e+00	9.05758e+03	10	1	1
18.00000	2.42435	30.000000	675	0.00577	7.33145e-02	0.100	0.00115	6.35101e-01	2.17332e+07	1	0	0
18.00000	2.42435	30.000000	675	0.00577	9.82388e-01	0.100	0.00115	8.51851e-01	2.17332e+07	1	0	0
18.00000	2.42435	30.000000	675	0.00577	1.31636e+01	0.100	0.00115	1.16077e+01	2.17332e+07	1	0	0
18.00000	2.42435	30.000000	675	0.00577	1.76388e+02	0.100	0.00115	9.49868e+02	2.17332e+07	1	0	0
18.00000	2.42435	30.000000	675	0.00577	2.36354e+03	0.100	0.00115	2.96786e+04	2.17332e+07	1	0	0
18.00000	2.42435	30.000000	675	0.01429	7.33145e-02	0.220	0.00707	0.00000e+00	1.24550e+07	10	1	1
18.00000	2.42435	30.000000	675	0.01429	9.82388e-01	0.220	0.00707	0.00000e+00	1.24550e+07	10	1	1
18.00000	2.42435	30.000000	675	0.01429	1.31636e+01	0.220	0.00707	0.00000e+00	1.24550e+07	10	1	1
18.00000	2.42435	30.000000	675	0.01429	1.76388e+02	0.220	0.00707	0.00000e+00	1.24550e+07	10	1	1
18.00000	2.42435	30.000000	675	0.01429	2.36354e+03	0.220	0.00707	0.00000e+00	1.24550e+07	10	1	1
18.00000	2.42435	30.000000	675	0.02042	7.33145e-02	0.300	0.01442	0.00000e+00	6.23097e+06	10	1	1
18.00000	2.42435	30.000000	675	0.02042	9.82388e-01	0.300	0.01442	0.00000e+00	6.23097e+06	10	1	1
18.00000	2.42435	30.000000	675	0.02042	1.31636e+01	0.300	0.01442	0.00000e+00	6.23097e+06	10	1	1
18.00000	2.42435	30.000000	675	0.02042	1.76388e+02	0.300	0.01442	0.00000e+00	6.23097e+06	10	1	1
18.00000	2.42435	30.000000	675	0.02042	2.36354e+03	0.300	0.01442	0.00000e+00	6.23097e+06	10	1	1
18.00000	2.42435	30.000000	675	0.05143	7.33145e-02	0.550	0.09151	0.00000e+00	8.75207e+05	10	1	1
18.00000	2.42435	30.000000	675	0.05143	9.82388e-01	0.550	0.09151	0.00000e+00	8.75207e+05	10	1	1
18.00000	2.42435	30.000000	675	0.05143	1.31636e+01	0.550	0.09151	0.00000e+00	8.75207e+05	10	1	1
18.00000	2.42435	30.000000	675	0.05143	1.76388e+02	0.550	0.09151	0.00000e+00	8.75207e+05	10	1	1
18.00000	2.42435	30.000000	675	0.05143	2.36354e+03	0.550	0.09151	0.00000e+00	8.75207e+05	10	1	1
18.00000	2.42435	30.000000	675	0.17002	7.33145e-02	1.000	1.00000	0.00000e+00	7.51661e+04	10	1	1
18.00000	2.42435	30.000000	675	0.17002	9.82388e-01	1.000	1.00000	0.00000e+00	7.51661e+04	10	1	1
18.00000	2.42435	30.000000	675	0.17002	1.31636e+01	1.000	1.00000	0.00000e+00	7.51661e+04	10	1	1
18.00000	2.42435	30.000000	675	0.17002	1.76388e+02	1.000	1.00000	0.00000e+00	7.51661e+04	10	1	1
18.00000	2.42435	30.000000	675	0.17002	2.36354e+03	1.000	1.00000	0.00000e+00	7.51661e+04	10	1	1
18.00000	2.42435	30.000000	950	0.00291	7.33145e-02	0.100	0.00115	0.00000e+00	2.53323e+08	10	1	1
18.00000	2.42435	30.000000	950	0.00291	9.82388e-01	0.100	0.00115	0.00000e+00	2.53323e+08	10	1	1
18.00000	2.42435	30.000000	950	0.00291	1.31636e+01	0.100	0.00115	0.00000e+00	2.53323e+08	10	1	1
18.00000	2.42435	30.000000	950	0.00291	1.76388e+02	0.100	0.00115	0.00000e+00	2.53323e+08	10	1	1
18.00000	2.42435	30.000000	950	0.00291	2.36354e+03	0.100	0.00115	0.00000e+00	2.53323e+08	10	1	1
18.00000	2.42435	30.000000	950	0.00722	7.33145e-02	0.220	0.00707	0.00000e+00	7.02859e+07	10	1	1
18.00000	2.42435	30.000000	950	0.00722	9.82388e-01	0.220	0.00707	0.00000e+00	7.02859e+07	10	1	1
18.00000	2.42435	30.000000	950	0.00722	1.31636e+01	0.220	0.00707	0.00000e+00	7.02859e+07	10	1	1
18.00000	2.42435	30.000000	950	0.00722	1.76388e+02	0.220	0.00707	0.00000e+00	7.02859e+07	10	1	1
18.00000	2.42435	30.000000	950	0.00722	2.36354e+03	0.220	0.00707	0.00000e+00	7.02859e+07	10	1	1
18.00000	2.42435	30.000000	950	0.01031	7.33145e-02	0.300	0.01442	0.00000e+00	3.16064e+07	10	1	1
18.00000	2.42435	30.000000	950	0.01031	9.82388e-01	0.300	0.01442	0.00000e+00	3.16064e+07	10	1	1
18.00000	2.42435	30.000000	950	0.01031	1.31636e+01	0.300	0.01442	0.00000e+00	3.16064e+07	10	1	1
18.00000	2.42435	30.000000	950	0.01031	1.76388e+02	0.300	0.01442	0.00000e+00	3.16064e+07	10	1	1
18.00000	2.42435	30.000000	950	0.01031	2.36354e+03	0.300	0.01442	2.96786e+04	3.16064e+07	1	0	0
18.00000	2.42435	30.000000	950	0.02597	7.33145e-02	0.550	0.09151	0.00000e+00	3.81999e+06	10	1	1
18.00000	2.42435	30.000000	950	0.02597	9.82388e-01	0.550	0.09151	0.00000e+00	3.81999e+06	10	1	1
18.00000	2.42435	30.000000	950	0.02597	1.31636e+01	0.550	0.09151	0.00000e+00	3.81999e+06	10	1	1
18.00000	2.42435	30.000000	950	0.02597	1.76388e+02	0.550	0.09151	0.00000e+00	3.81999e+06	10	1	1
18.00000	2.42435	30.000000	950	0.02597	2.36354e+03	0.550	0.09151	0.00000e+00	3.81999e+06	10	1	1
18.00000	2.42435	30.000000	950	0.08584	7.33145e-02	1.000	1.00000	0.00000e+00	3.05709e+05	10	1	1
18.00000	2.42435	30.000000	950	0.08584	9.82388e-01	1.000	1.00000	0.00000e+00	3.05709e+05	10	1	1
18.00000	2.42435	30.000000	950	0.08584	1.31636e+01	1.000	1.00000	0.00000e+00	3.05709e+05	10	1	1
18.00000	2.42435	30.000000	950	0.08584	1.76388e+02	1.000	1.00000	0.00000e+00	3.05709e+05	10	1	1
18.00000	2.42435	30.000000	950	0.08584	2.36354e+03	1.000	1.00000	0.00000e+00	3.05709e+05	10	1	1
18.00000	2.42435	30.000000	1225	0.00175	7.33145e-02	0.100	0.00115	0.00000e+00	4.31140e+10	10	1	1
18.00000	2.42435	30.000000	1225	0.00175	9.82388e-01	0.100	0.00115	0.00000e+00	4.31140e+10	10	1	1
18.00000	2.42435	30.000000	1225	0.00175	1.31636e+01	0.100	0.00115	0.00000e+00	4.31140e+10	10	1	1
18.00000	2.42435	30.000000	1225	0.00175	1.76388e+02	0.100	0.00115	0.00000e+00	4.31140e+10	10	1	1
18.00000	2.42435	30.000000	1225	0.00175	2.36354e+03	0.100	0.00115	0.00000e+00	4.31140e+10	10	1	1
18.00000	2.42435	30.000000	1225	0.00434	7.33145e-02	0.220	0.00707	0.00000e+00	3.91228e+08	10	1	1
18.00000	2.42435	30.000000	1225	0.00434	9.82388e-01	0.220	0.00707	0.00000e+00	3.91228e+08	10	1	1
18.00000	2.42435	30.000000	1225	0.00434	1.31636e+01	0.220	0.00707	0.00000e+00	3.91228e+08	10	1	1
18.00000	2.42435	30.000000	1225	0.00434	1.76388e+02	0.220	0.00707	0.00000e+00	3.91228e+08	10	1	1
18.00000	2.42435	30.000000	1225	0.00434	2.36354e+03	0.220	0.00707	0.00000e+00	3.91228e+08	10	1	1
18.00000	2.42435	30.000000	1225	0.00620	7.33145e-02	0.300	0.01442	0.00000e+00	1.36381e+08	10	1	1
18.00000	2.42435	30.000000	1225	0.00620	9.82388e-01	0.300	0.01442	0.00000e+00	1.36381e+08	10	1	1
18.00000	2.42435	30.000000	1225	0.00620	1.31636e+01	0.300	0.01442	0.00000e+00	1.36381e+08	10	1	1
18.00000	2.42435	30.000000	1225	0.00620	1.76388e+02	0.300	0.01442	0.00000e+00	1.36381e+08	10	1	1
18.00000	2.42435	30.000000	1225	0.00620	2.36354e+03	0.300	0.01442	0.00000e+00	1.36381e+08	10	1	1
18.00000	2.42435	30.000000	1225	0.01562	7.33145e-02	0.550	0.09151	0.00000e+00	1.23901e+07	10	1	1
18.00000	2.42435	30.000000	1225	0.01562	9.82388e-01	0.550	0.09151	0.00000e+00	1.23901e+07	10	1	1
18.00000	2.42435	30.000000	1225	0.01562	1.31636e+01	0.550	0.09151	0.00000e+00	1.23901e+07	10	1	1
18.00000	2.42435	30.000000	1225	0.01562	1.76388e+02	0.550	0.09151	0.00000e+00	1.23901e+07	10	1	1
18.00000	2.42435	30.000000	1225	0.01562	2.36354e+03	0.550	0.09151	0.00000e+00	1.23901e+07	10	1	1
18.00000	2.42435	30.000000	1225	0.05162	7.33145e-02	1.000	1.00000	0.00000e+00	8.88605e+05	10	1	1
18.00000	2.42435	30.000000	1225	0.05162	9.82388e-01	1.000	1.00000	0.00000e+00	8.88605e+05	10	1	1
18.00000	2.42435	30.000000	1225	0.05162	1.31636e+01	1.000	1.00000	0.00000e+00	8.88605e+05	10	1	1
18.00000	2.42435	30.000000	1225	0.05162	1.76388e+02	1.000	1.00000	0.00000e+00	8.88605e+05	10	1	1
18.00000	2.42435	30.000000	1225	0.05162	2.36354e+03	1.000	1.00000	0.00000e+00	8.88605e+05	10	1	1
18.00000	2.42435	30.000000	1500	0.00117	7.33145e-02	0.100	0.00115	0.00000e+00	5.02514e+08	10	1	1
18.00000	2.42435	30.000000	1500	0.00117	9.82388e-01	0.100	0.00115	0.00000e+00	5.02514e+08	10	1	1
18.00000	2.42435	30.000000	1500	0.00117	1.31636e+01	0.100	0.00115	0.00000e+00	5.02514e+08	10	1	1
18.00000	2.42435	30.000000	1500	0.00117	1.76388e+02	0.100	0.00115	0.00000e+00	5.02514e+08	10	1	1
18.00000	2.42435	30.000000	1500	0.00117	2.36354e+03	0.100	0.00115	0.00000e+00	5.02514e+08	10	1	1
18.00000	2.42435	30.000000	1500	0.00289	7.33145e-02	0.220	0.00707	0.00000e+00	5.12553e+09	10	1	1
18.00000	2.42435	30.000000	1500	0.00289	9.82388e-01	0.220	0.00707	0.00000e+00	5.12553e+09	10	1	1
18.00000	2.42435	30.000000	1500	0.00289	1.31636e+01	0.220	0.00707	0.00000e+00	5.12553e+09	10	1	1
18.00000	2.42435	30.000000	1500	0.00289	1.76388e+02	0.220	0.00707	0.00000e+00	5.12553e+09	10	1	1
18.00000	2.42435	30.000000	1500	0.00289	2.36354e+03	0.220	0.00707	0.00000e+00	5.12553e+09	10	1	1
18.00000	2.42435	30.000000	1500	0.00414	7.33145e-02	0.300	0.01442	0.00000e+00	7.10528e+08	10	1	1
18.00000	2.42435	30.000000	1500	0.00414	9.82388e-01	0.300	0.01442	0.00000e+00	7.10528e+08	10	1	1
18.00000	2.42435	30.000000	1500	0.00414	1.31636e+01	0.300	0.01442	0.00000e+00	7.10528e+08	10	1	1
18.00000	2.42435	30.000000	1500	0.00414	1.76388e+02	0.300	0.01442	0.00000e+00	7.10528e+08	10	1	1
18.00000	2.42435	30.000000	1500	0.00414	2.36354e+03	0.300	0.01442	0.00000e+00	7.10528e+08	10	1	1
18.00000	2.42435	30.000000	1500	0.01041	7.33145e-02	0.550	0.09151	0.00000e+00	3.51741e+07	10	1	1
18.00000	2.42435	30.000000	1500	0.01041	9.82388e-01	0.550	0.09151	0.00000e+00	3.51741e+07	10	1	1
18.00000	2.42435	30.000000	1500	0.01041	1.31636e+01	0.550	0.09151	0.00000e+00	3.51741e+07	10	1	1
18.00000	2.42435	30.000000	1500	0.01041	1.76388e+02	0.550	0.09151	0.00000e+00	3.51741e+07	10	1	1
18.00000	2.42435	30.000000	1500	0.01041	2.36354e+03	0.550	0.09151	0.00000e+00	3.51741e+07	10	1	1
18.00000	2.42435	30.000000	1500	0.03443	7.33145e-02	1.000	1.00000	0.00000e+00	2.13428e+06	10	1	1
18.00000	2.42435	30.000000	1500	0.03443	9.82388e-01	1.000	1.00000	0.00000e+00	2.13428e+06	10	1	1
18.00000	2.42435	30.000000	1500	0.03443	1.31636e+01	1.000	1.00000	0.00000e+00	2.13428e+06	10	1	1
18.00000	2.42435	30.000000	1500	0.03443	1.76388e+02	1.000	1.00000	0.00000e+00	2.13428e+06	10	1	1
18.00000	2.42435	30.000000	1500	0.03443	2.36354e+03	1.000	1.00000	0.00000e+00	2.13428e+06	10	1	1
20.00000	6.16782	5.150000	400	0.01644	7.33145e-02	0.100	0.00115	0.00000e+00	8.19053e+07	10	1	1
20.00000	6.16782	5.150000	400	0.01644	9.82388e-01	0.100	0.00115	0.00000e+00	8.19053e+07	10	1	1
20.00000	6.16782	5.150000	400	0.01644	1.31636e+01	0.100	0.00115	0.00000e+00	8.19053e+07	10	1	1
20.00000	6.16782	5.150000	400	0.01644	1.76388e+02	0.100	0.00115	0.00000e+00	8.19053e+07	10	1	1
20.00000	6.16782	5.150000	400	0.01644	2.36354e+03	0.100	0.00115	0.00000e+00	8.19053e+07	10	1	1
20.00000	6.16782	5.150000	400	0.04070	7.33145e-02	0.220	0.00707	0.00000e+00	4.98980e+07	10	1	1
20.00000	6.16782	5.150000	400	0.04070	9.82388e-01	0.220	0.00707	0.00000e+00	4.98980e+07	10	1	1
20.00000	6.16782	5.150000	400	0.04070	1.31636e+01	0.220	0.00707	0.00000e+00	4.98980e+07	10	1	1
20.00000	6.16782	5.150000	400	0.04070	1.76388e+02	0.220	0.00707	0.00000e+00	4.98980e+07	10	1	1
20.00000	6.16782	5.150000	400	0.04070	2.36354e+03	0.220	0.00707	0.00000e+00	4.98980e+07	10	1	1
20.00000	6.16782	5.150000	400	0.05815	7.33145e-02	0.300	0.01442	0.00000e+00	2.52527e+07	10	1	1
20.00000	6.16782	5.150000	400	0.05815	9.82388e-01	0.300	0.01442	0.00000e+00	2.52527e+07	10	1	1
20.00000	6.16782	5.150000	400	0.05815	1.31636e+01	0.300	0.01442	0.00000e+00	2.52527e+07	10	1	1
20.00000	6.16782	5.150000	400	0.05815	1.76388e+02	0.300	0.01442	0.00000e+00	2.52527e+07	10	1	1
20.00000	6.16782	5.150000	400	0.05815	2.36354e+03	0.300	0.01442	0.00000e+00	2.52527e+07	10	1	1
20.00000	6.16782	5.150000	400	0.14646	7.33145e-02	0.550	0.09151	0.00000e+00	3.61096e+06	10	1	1
20.00000	6.16782	5.150000	400	0.14646	9.82388e-01	0.550	0.09151	0.00000e+00	3.61096e+06	10	1	1
20.00000	6.16782	5.150000	400	0.14646	1.31636e+01	0.550	0.09151	0.00000e+00	3.61096e+06	10	1	1
20.00000	6.16782	5.150000	400	0.14646	1.76388e+02	0.550	0.09151	0.00000e+00	3.61096e+06	10	1	1
20.00000	6.16782	5.150000	400	0.14646	2.36354e+03	0.550	0.09151	0.00000e+00	3.61096e+06	10	1	1
20.00000	6.16782	5.150000	400	0.48417	7.33145e-02	1.000	1.00000	0.00000e+00	3.12990e+05	10	1	1
20.00000	6.16782	5.150000	400	0.48417	9.82388e-01	1.000	1.00000	0.00000e+00	3.12990e+05	10	1	1
20.00000	6.16782	5.150000	400	0.48417	1.31636e+01	1.000	1.00000	0.00000e+00	3.12990e+05	10	1	1
20.00000	6.16782	5.150000	400	0.48417	1.76388e+02	1.000	1.00000	0.00000e+00	3.12990e+05	10	1	1
20.00000	6.16782	5.150000	400	0.48417	2.36354e+03	1.000	1.00000	0.00000e+00	3.12990e+05	10	1	1
20.00000	6.16782	5.150000	675	0.00577	7.33145e-02	0.100	0.00115	3.65607e+04	5.85522e+09	1	0	0
20.00000	6.16782	5.150000	675	0.00577	9.82388e-01	0.100	0.00115	4.60364e+05	5.85522e+09	1	0	0
20.00000	6.16782	5.150000	675	0.00577	1.31636e+01	0.100	0.00115	4.65884e+06	5.85522e+09	1	0	0
20.00000	6.16782	5.150000	675	0.00577	1.76388e+02	0.100	0.00115	0.00000e+00	5.85522e+09	10	1	1
20.00000	6.16782	5.150000	675	0.00577	2.36354e+03	0.100	0.00115	0.00000e+00	5.85522e+09	10	1	1
20.00000	6.16782	5.150000	675	0.01429	7.33145e-02	0.220	0.00707	0.00000e+00	7.55961e+08	10	1	1
20.00000	6.16782	5.150000	675	0.01429	9.82388e-01	0.220	0.00707	0.00000e+00	7.55961e+08	10	1	1
20.00000	6.16782	5.150000	675	0.01429	1.31636e+01	0.220	0.00707	0.00000e+00	7.55961e+08	10	1	1
20.00000	6.16782	5.150000	675	0.01429	1.76388e+02	0.220	0.00707	0.00000e+00	7.55961e+08	10	1	1
20.00000	6.16782	5.150000	675	0.01429	2.36354e+03	0.220	0.00707	0.00000e+00	7.55961e+08	10	1	1
20.00000	6.16782	5.150000	675	0.02042	7.33145e-02	0.300	0.01442	0.00000e+00	3.16183e+08	10	1	1
20.00000	6.16782	5.150000	675	0.02042	9.82388e-01	0.300	0.01442	0.00000e+00	3.16183e+08	10	1	1
20.00000	6.16782	5.150000	675	0.02042	1.31636e+01	0.300	0.01442	0.00000e+00	3.16183e+08	10	1	1
20.00000	6.16782	5.150000	675	0.02042	1.76388e+02	0.300	0.01442	0.00000e+00	3.16183e+08	10	1	1
20.00000	6.16782	5.150000	675	0.02042	2.36354e+03	0.300	0.01442	0.00000e+00	3.16183e+08	10	1	1
20.00000	6.16782	5.150000	675	0.05143	7.33145e-02	0.550	0.09151	0.00000e+00	3.49214e+07	10	1	1
20.00000	6.16782	5.150000	675	0.05143	9.82388e-01	0.550	0.09151	0.00000e+00	3.49214e+07	10	1	1
20.00000	6.16782	5.150000	675	0.05143	1.31636e+01	0.550	0.09151	0.00000e+00	3.49214e+07	10	1	1
20.00000	6.16782	5.150000	675	0.05143	1.76388e+02	0.550	0.09151	0.00000e+00	3.49214e+07	10	1	1
20.00000	6.16782	5.150000	675	0.05143	2.36354e+03	0.550	0.09151	0.00000e+00	3.49214e+07	10	1	1
20.00000	6.16782	5.150000	675	0.17002	7.33145e-02	1.000	1.00000	0.00000e+00	2.69166e+06	10	1	1
20.00000	6.16782	5.150000	675	0.17002	9.82388e-01	1.000	1.00000	0.00000e+00	2.69166e+06	10	1	1
20.00000	6.16782	5.150000	675	0.17002	1.31636e+01	1.000	1.00000	0.00000e+00	2.69166e+06	10	1	1
20.00000	6.16782	5.150000	675	0.17002	1.76388e+02	1.000	1.00000	0.00000e+00	2.69166e+06	10	1	1
20.00000	6.16782	5.150000	675	0.17002	2.36354e+03	1.000	1.00000	0.00000e+00	2.69166e+06	10	1	1
20.00000	6.16782	5.150000	950	0.00291	7.33145e-02	0.100	0.00115	0.00000e+00	3.00146e+09	10	1	1
20.00000	6.16782	5.150000	950	0.00291	9.82388e-01	0.100	0.00115	0.00000e+00	3.00146e+09	10	1	1
20.00000	6.16782	5.150000	950	0.00291	1.31636e+01	0.100	0.00115	0.00000e+00	3.00146e+09	10	1	1
20.00000	6.16782	5.150000	950	0.00291	1.76388e+02	0.100	0.00115	0.00000e+00	3.00146e+09	10	1	1
20.00000	6.16782	5.150000	950	0.00291	2.36354e+03	0.100	0.00115	0.00000e+00	3.00146e+09	10	1	1
20.00000	6.16782	5.150000	950	0.00722	7.33145e-02	0.220	0.00707	3.65607e+04	2.46296e+10	1	0	0
20.00000	6.16782	5.150000	950	0.00722	9.82388e-01	0.220	0.00707	4.60364e+05	2.46296e+10	1	0	0
20.00000	6.16782	5.150000	950	0.00722	1.31636e+01	0.220	0.00707	4.65884e+06	2.46296e+10	1	0	0
20.00000	6.16782	5.150000	950	0.00722	1.76388e+02	0.220	0.00707	0.00000e+00	2.46296e+10	10	1	1
20.00000	6.16782	5.150000	950	0.00722	2.36354e+03	0.220	0.00707	0.00000e+00	2.46296e+10	10	1	1
20.00000	6.16782	5.150000	950	0.01031	7.33145e-02	0.300	0.01442	3.65607e+04	3.69812e+09	1	0	0
20.00000	6.16782	5.150000	950	0.01031	9.82388e-01	0.300	0.01442	4.60364e+05	3.69812e+09	1	0	0
20.00000	6.16782	5.150000	950	0.01031	1.31636e+01	0.300	0.01442	4.65884e+06	3.69812e+09	1	0	0
20.00000	6.16782	5.150000	950	0.01031	1.76388e+02	0.300	0.01442	0.00000e+00	3.69812e+09	10	1	1
20.00000	6.16782	5.150000	950	0.01031	2.36354e+03	0.300	0.01442	0.00000e+00	3.69812e+09	10	1	1
20.00000	6.16782	5.150000	950	0.02597	7.33145e-02	0.550	0.09151	7.56439e+03	1.89890e+08	0	0	0
20.00000	6.16782	5.150000	950	0.02597	9.82388e-01	0.550	0.09151	7.80390e+04	1.89890e+08	0	0	0
20.00000	6.16782	5.150000	950	0.02597	1.31636e+01	0.550	0.09151	5.50494e+05	1.89890e+08	0	0	0
20.00000	6.16782	5.150000	950	0.02597	1.76388e+02	0.550	0.09151	4.03465e+06	1.89890e+08	0	0	0
20.00000	6.16782	5.150000	950	0.02597	2.36354e+03	0.550	0.09151	4.25326e+07	1.89890e+08	0	0	0
20.00000	6.16782	5.150000	950	0.08584	7.33145e-02	1.000	1.00000	0.00000e+00	1.16172e+07	10	1	1
20.00000	6.16782	5.150000	950	0.08584	9.82388e-01	1.000	1.00000	0.00000e+00	1.16172e+07	10	1	1
20.00000	6.16782	5.150000	950	0.08584	1.31636e+01	1.000	1.00000	0.00000e+00	1.16172e+07	10	1	1
20.00000	6.16782	5.150000	950	0.08584	1.76388e+02	1.000	1.00000	0.00000e+00	1.16172e+07	10	1	1
20.00000	6.16782	5.150000	950	0.08584	2.36354e+03	1.000	1.00000	0.00000e+00	1.16172e+07	10	1	1
20.00000	6.16782	5.150000	1225	0.00175	7.33145e-02	0.100	0.00115	0.00000e+00	7.73880e+08	10	1	1
20.00000	6.16782	5.150000	1225	0.00175	9.82388e-01	0.100	0.00115	0.00000e+00	7.73880e+08	10	1	1
20.00000	6.16782	5.150000	1225	0.00175	1.31636e+01	0.100	0.00115	0.00000e+00	7.73880e+08	10	1	1
20.00000	6.16782	5.150000	1225	0.00175	1.76388e+02	0.100	0.00115	0.00000e+00	7.73880e+08	10	1	1
20.00000	6.16782	5.150000	1225	0.00175	2.36354e+03	0.100	0.00115	0.00000e+00	7.73880e+08	10	1	1
20.00000	6.16782	5.150000	1225	0.00434	7.33145e-02	0.220	0.00707	0.00000e+00	1.71229e+10	10	1	1
20.00000	6.16782	5.150000	1225	0.00434	9.82388e-01	0.220	0.00707	0.00000e+00	1.71229e+10	10	1	1
20.00000	6.16782	5.150000	1225	0.00434	1.31636e+01	0.220	0.00707	0.00000e+00	1.71229e+10	10	1	1
20.00000	6.16782	5.150000	1225	0.00434	1.76388e+02	0.220	0.00707	0.00000e+00	1.71229e+10	10	1	1
20.00000	6.16782	5.150000	1225	0.00434	2.36354e+03	0.220	0.00707	0.00000e+00	1.71229e+10	10	1	1
20.00000	6.16782	5.150000	1225	0.00620	7.33145e-02	0.300	0.01442	3.65607e+04	5.84985e+11	1	0	0
20.00000	6.16782	5.150000	1225	0.00620	9.82388e-01	0.300	0.01442	4.60364e+05	5.84985e+11	1	0	0
20.00000	6.16782	5.150000	1225	0.00620	1.31636e+01	0.300	0.01442	4.65884e+06	5.84985e+11	1	0	0
20.00000	6.16782	5.150000	1225	0.00620	1.76388e+02	0.300	0.01442	4.39829e+07	5.84985e+11	1	0	0
20.00000	6.16782	5.150000	1225	0.00620	2.36354e+03	0.300	0.01442	0.00000e+00	5.84985e+11	10	1	1
20.00000	6.16782	5.150000	1225	0.01562	7.33145e-02	0.550	0.09151	0.00000e+00	9.61754e+08	10	1	1
20.00000	6.16782	5.150000	1225	0.01562	9.82388e-01	0.550	0.09151	4.60364e+05	9.61754e+08	1	0	0
20.00000	6.16782	5.150000	1225	0.01562	1.31636e+01	0.550	0.09151	4.65884e+06	9.61754e+08	1	0	0
20.00000	6.16782	5.150000	1225	0.01562	1.76388e+02	0.550	0.09151	0.00000e+00	9.61754e+08	10	1	1
20.00000	6.16782	5.150000	1225	0.01562	2.36354e+03	0.550	0.09151	0.00000e+00	9.61754e+08	10	1	1
20.00000	6.16782	5.150000	1225	0.05162	7.33145e-02	1.000	1.00000	0.00000e+00	3.69931e+07	10	1	1
20.00000	6.16782	5.150000	1225	0.05162	9.82388e-01	1.000	1.00000	0.00000e+00	3.69931e+07	10	1	1
20.00000	6.16782	5.150000	1225	0.05162	1.31636e+01	1.000	1.00000	0.00000e+00	3.69931e+07	10	1	1
20.00000	6.16782	5.150000	1225	0.05162	1.76388e+02	1.000	1.00000	0.00000e+00	3.69931e+07	10	1	1
20.00000	6.16782	5.150000	1225	0.05162	2.36354e+03	1.000	1.00000	0.00000e+00	3.69931e+07	10	1	1
20.00000	6.16782	5.150000	1500	0.00117	7.33145e-02	0.100	0.00115	0.00000e+00	4.10806e+08	10	1	1
20.00000	6.16782	5.150000	1500	0.00117	9.82388e-01	0.100	0.00115	0.00000e+00	4.10806e+08	10	1	1
20.00000	6.16782	5.150000	1500	0.00117	1.31636e+01	0.100	0.00115	0.00000e+00	4.10806e+08	10	1	1
20.00000	6.16782	5.150000	1500	0.00117	1.76388e+02	0.100	0.00115	0.00000e+00	4.10806e+08	10	1	1
20.00000	6.16782	5.150000	1500	0.00117	2.36354e+03	0.100	0.00115	0.00000e+00	4.10806e+08	10	1	1
20.00000	6.16782	5.150000	1500	0.00289	7.33145e-02	0.220	0.00707	0.00000e+00	3.71196e+09	10	1	1
20.00000	6.16782	5.150000	1500	0.00289	9.82388e-01	0.220	0.00707	0.00000e+00	3.71196e+09	10	1	1
20.00000	6.16782	5.150000	1500	0.00289	1.31636e+01	0.220	0.00707	0.00000e+00	3.71196e+09	10	1	1
20.00000	6.16782	5.150000	1500	0.00289	1.76388e+02	0.220	0.00707	0.00000e+00	3.71196e+09	10	1	1
20.00000	6.16782	5.150000	1500	0.00289	2.36354e+03	0.220	0.00707	0.00000e+00	3.71196e+09	10	1	1
20.00000	6.16782	5.150000	1500	0.00414	7.33145e-02	0.300	0.01442	0.00000e+00	7.23896e+09	10	1	1
20.00000	6.16782	5.150000	1500	0.00414	9.82388e-01	0.300	0.01442	0.00000e+00	7.23896e+09	10	1	1
20.00000	6.16782	5.150000	1500	0.00414	1.31636e+01	0.300	0.01442	0.00000e+00	7.23896e+09	10	1	1
20.00000	6.16782	5.150000	1500	0.00414	1.76388e+02	0.300	0.01442	0.00000e+00	7.23896e+09	10	1	1
20.00000	6.16782	5.150000	1500	0.00414	2.36354e+03	0.300	0.01442	0.00000e+00	7.23896e+09	10	1	1
20.00000	6.16782	5.150000	1500	0.01041	7.33145e-02	0.550	0.09151	3.65607e+04	8.37461e+09	1	0	0
20.00000	6.16782	5.150000	1500	0.01041	9.82388e-01	0.550	0.09151	4.60364e+05	8.37461e+09	1	0	0
20.00000	6.16782	5.150000	1500	0.01041	1.31636e+01	0.550	0.09151	4.65884e+06	8.37461e+09	1	0	0
20.00000	6.16782	5.150000	1500	0.01041	1.76388e+02	0.550	0.09151	0.00000e+00	8.37461e+09	10	1	1
20.00000	6.16782	5.150000	1500	0.01041	2.36354e+03	0.550	0.09151	0.00000e+00	8.37461e+09	10	1	1
20.00000	6.16782	5.150000	1500	0.03443	7.33145e-02	1.000	1.00000	0.00000e+00	1.01893e+08	10	1	1
20.00000	6.16782	5.150000	1500	0.03443	9.82388e-01	1.000	1.00000	0.00000e+00	1.01893e+08	10	1	1
20.00000	6.16782	5.150000	1500	0.03443	1.31636e+01	1.000	1.00000	0.00000e+00	1.01893e+08	10	1	1
20.00000	6.16782	5.150000	1500	0.03443	1.76388e+02	1.000	1.00000	0.00000e+00	1.01893e+08	10	1	1
20.00000	6.16782	5.150000	1500	0.03443	2.36354e+03	1.000	1.00000	0.00000e+00	1.01893e+08	10	1	1
20.00000	5.20195	7.240000	400	0.01644	7.33145e-02	0.100	0.00115	0.00000e+00	3.76677e+07	10	1	1
20.00000	5.20195	7.240000	400	0.01644	9.82388e-01	0.100	0.00115	5.26596e+03	3.76677e+07	0	0	0
20.00000	5.20195	7.240000	400	0.01644	1.31636e+01	0.100	0.00115	5.24253e+04	3.76677e+07	0	0	0
20.00000	5.20195	7.240000	400	0.01644	1.76388e+02	0.100	0.00115	7.12886e+05	3.76677e+07	0	0	0
20.00000	5.20195	7.240000	400	0.01644	2.36354e+03	0.100	0.00115	1.13187e+07	3.76677e+07	0	0	0
20.00000	5.20195	7.240000	400	0.04070	7.33145e-02	0.220	0.00707	2.99202e+01	2.42261e+07	0	0	0
20.00000	5.20195	7.240000	400	0.04070	9.82388e-01	0.220	0.00707	5.02699e+02	2.42261e+07	0	0	0
20.00000	5.20195	7.240000	400	0.04070	1.31636e+01	0.220	0.00707	9.24177e+03	2.42261e+07	0	0	0
20.00000	5.20195	7.240000	400	0.04070	1.76388e+02	0.220	0.00707	1.87132e+05	2.42261e+07	0	0	0
20.00000	5.20195	7.240000	400	0.04070	2.36354e+03	0.220	0.00707	4.36699e+06	2.42261e+07	0	0	0
20.00000	5.20195	7.240000	400	0.05815	7.33145e-02	0.300	0.01442	1.31404e+01	1.23922e+07	0	0	0
20.00000	5.20195	7.240000	400	0.05815	9.82388e-01	0.300	0.01442	2.84804e+02	1.23922e+07	0	0	0
20.00000	5.20195	7.240000	400	0.05815	1.31636e+01	0.300	0.01442	6.04452e+03	1.23922e+07	0	0	0
20.00000	5.20195	7.240000	400	0.05815	1.76388e+02	0.300	0.01442	1.34495e+05	1.23922e+07	0	0	0
20.00000	5.20195	7.240000	400	0.05815	2.36354e+03	0.300	0.01442	3.49307e+06	1.23922e+07	0	0	0
20.00000	5.20195	7.240000	400	0.14646	7.33145e-02	0.550	0.09151	4.69182e+00	1.80219e+06	0	0	0
20.00000	5.20195	7.240000	400	0.14646	9.82388e-01	0.550	0.09151	1.04070e+02	1.80219e+06	0	0	0
20.00000	5.20195	7.240000	400	0.14646	1.31636e+01	0.550	0.09151	3.49799e+03	1.80219e+06	0	0	0
20.00000	5.20195	7.240000	400	0.14646	1.76388e+02	0.550	0.09151	8.04546e+04	1.80219e+06	0	0	0
20.00000	5.20195	7.240000	400	0.14646	2.36354e+03	0.550	0.09151	2.70058e+06	1.80219e+06	0	0	0
20.00000	5.20195	7.240000	400	0.48417	7.33145e-02	1.000	1.00000	2.69174e+00	1.57605e+05	0	0	0
20.00000	5.20195	7.240000	400	0.48417	9.82388e-01	1.000	1.00000	5.94096e+01	1.57605e+05	0	0	0
20.00000	5.20195	7.240000	400	0.48417	1.31636e+01	1.000	1.00000	2.63735e+03	1.57605e+05	0	0	0
20.00000	5.20195	7.240000	400	0.48417	1.76388e+02	1.000	1.00000	6.37877e+04	1.57605e+05	0	0	0
20.00000	5.20195	7.240000	400	0.48417	2.36354e+03	1.000	1.00000	2.40951e+06	1.57605e+05	0	0	0
20.00000	5.20195	7.240000	675	0.00577	7.33145e-02	0.100	0.00115	0.00000e+00	1.28827e+09	10	1	1
20.00000	5.20195	7.240000	675	0.00577	9.82388e-01	0.100	0.00115	0.00000e+00	1.28827e+09	10	1	1
20.00000	5.20195	7.240000	675	0.00577	1.31636e+01	0.100	0.00115	0.00000e+00	1.28827e+09	10	1	1
20.00000	5.20195	7.240000	675	0.00577	1.76388e+02	0.100	0.00115	0.00000e+00	1.28827e+09	10	1	1
20.00000	5.20195	7.240000	675	0.00577	2.36354e+03	0.100	0.00115	1.32407e+08	1.28827e+09	0	0	0
20.00000	5.20195	7.240000	675	0.01429	7.33145e-02	0.220	0.00707	4.21527e+03	3.19871e+08	0	0	0
20.00000	5.20195	7.240000	675	0.01429	9.82388e-01	0.220	0.00707	4.49538e+04	3.19871e+08	0	0	0
20.00000	5.20195	7.240000	675	0.01429	1.31636e+01	0.220	0.00707	3.35970e+05	3.19871e+08	0	0	0
20.00000	5.20195	7.240000	675	0.01429	1.76388e+02	0.220	0.00707	2.45172e+06	3.19871e+08	0	0	0
20.00000	5.20195	7.240000	675	0.01429	2.36354e+03	0.220	0.00707	2.61543e+07	3.19871e+08	0	0	0
20.00000	5.20195	7.240000	675	0.02042	7.33145e-02	0.300	0.01442	9.70486e+02	1.42045e+08	0	0	0
20.00000	5.20195	7.240000	675	0.02042	9.82388e-01	0.300	0.01442	1.03632e+04	1.42045e+08	0	0	0
20.00000	5.20195	7.240000	675	0.02042	1.31636e+01	0.300	0.01442	9.37512e+04	1.42045e+08	0	0	0
20.00000	5.20195	7.240000	675	0.02042	1.76388e+02	0.300	0.01442	1.06930e+06	1.42045e+08	0	0	0
20.00000	5.20195	7.240000	675	0.02042	2.36354e+03	0.300	0.01442	1.51158e+07	1.42045e+08	0	0	0
20.00000	5.20195	7.240000	675	0.05143	7.33145e-02	0.550	0.09151	9.96688e+01	1.68913e+07	0	0	0
20.00000	5.20195	7.240000	675	0.05143	9.82388e-01	0.550	0.09151	6.04216e+02	1.68913e+07	0	0	0
20.00000	5.20195	7.240000	675	0.05143	1.31636e+01	0.550	0.09151	1.76535e+04	1.68913e+07	0	0	0
20.00000	5.20195	7.240000	675	0.05143	1.76388e+02	0.550	0.09151	2.08425e+05	1.68913e+07	0	0	0
20.00000	5.20195	7.240000	675	0.05143	2.36354e+03	0.550	0.09151	6.28518e+06	1.68913e+07	0	0	0
20.00000	5.20195	7.240000	675	0.17002	7.33145e-02	1.000	1.00000	1.56638e+01	1.34236e+06	0	0	0
20.00000	5.20195	7.240000	675	0.17002	9.82388e-01	1.000	1.00000	1.09166e+02	1.34236e+06	0	0	0
20.00000	5.20195	7.240000	675	0.17002	1.31636e+01	1.000	1.00000	6.62219e+03	1.34236e+06	0	0	0
20.00000	5.20195	7.240000	675	0.17002	1.76388e+02	1.000	1.00000	8.21437e+04	1.34236e+06	0	0	0
20.00000	5.20195	7.240000	675	0.17002	2.36354e+03	1.000	1.00000	3.66076e+06	1.34236e+06	0	0	0
20.00000	5.20195	7.240000	950	0.00291	7.33145e-02	0.100	0.00115	0.00000e+00	5.29760e+09	10	1	1
20.00000	5.20195	7.240000	950	0.00291	9.82388e-01	0.100	0.00115	0.00000e+00	5.29760e+09	10	1	1
20.00000	5.20195	7.240000	950	0.00291	1.31636e+01	0.100	0.00115	0.00000e+00	5.29760e+09	10	1	1
20.00000	5.20195	7.240000	950	0.00291	1.76388e+02	0.100	0.00115	0.00000e+00	5.29760e+09	10	1	1
20.00000	5.20195	7.240000	950	0.00291	2.36354e+03	0.100	0.00115	0.00000e+00	5.29760e+09	10	1	1
20.00000	5.20195	7.240000	950	0.00722	7.33145e-02	0.220	0.00707	0.00000e+00	4.69072e+09	10	1	1
20.00000	5.20195	7.240000	950	0.00722	9.82388e-01	0.220	0.00707	0.00000e+00	4.69072e+09	10	1	1
20.00000	5.20195	7.240000	950	0.00722	1.31636e+01	0.220	0.00707	0.00000e+00	4.69072e+09	10	1	1
20.00000	5.20195	7.240000	950	0.00722	1.76388e+02	0.220	0.00707	0.00000e+00	4.69072e+09	10	1	1
20.00000	5.20195	7.240000	950	0.00722	2.36354e+03	0.220	0.00707	0.00000e+00	4.69072e+09	10	1	1
20.00000	5.20195	7.240000	950	0.01031	7.33145e-02	0.300	0.01442	2.62870e+04	1.21424e+09	0	0	0
20.00000	5.20195	7.240000	950	0.01031	9.82388e-01	0.300	0.01442	3.24114e+05	1.21424e+09	0	0	0
20.00000	5.20195	7.240000	950	0.01031	1.31636e+01	0.300	0.01442	3.21293e+06	1.21424e+09	0	0	0
20.00000	5.20195	7.240000	950	0.01031	1.76388e+02	0.300	0.01442	1.79957e+07	1.21424e+09	0	0	0
20.00000	5.20195	7.240000	950	0.01031	2.36354e+03	0.300	0.01442	6.95806e+07	1.21424e+09	0	0	0
20.00000	5.20195	7.240000	950	0.02597	7.33145e-02	0.550	0.09151	2.82168e+03	8.58751e+07	0	0	0
20.00000	5.20195	7.240000	950	0.02597	9.82388e-01	0.550	0.09151	8.53262e+03	8.58751e+07	0	0	0
20.00000	5.20195	7.240000	950	0.02597	1.31636e+01	0.550	0.09151	7.93207e+04	8.58751e+07	0	0	0
20.00000	5.20195	7.240000	950	0.02597	1.76388e+02	0.550	0.09151	9.52860e+05	8.58751e+07	0	0	0
20.00000	5.20195	7.240000	950	0.02597	2.36354e+03	0.550	0.09151	2.25271e+07	8.58751e+07	0	0	0
20.00000	5.20195	7.240000	950	0.08584	7.33145e-02	1.000	1.00000	2.37026e+02	5.69847e+06	0	0	0
20.00000	5.20195	7.240000	950	0.08584	9.82388e-01	1.000	1.00000	2.89948e+02	5.69847e+06	0	0	0
20.00000	5.20195	7.240000	950	0.08584	1.31636e+01	1.000	1.00000	3.05127e+04	5.69847e+06	0	0	0
20.00000	5.20195	7.240000	950	0.08584	1.76388e+02	1.000	1.00000	1.35901e+05	5.69847e+06	0	0	0
20.00000	5.20195	7.240000	950	0.08584	2.36354e+03	1.000	1.00000	8.52630e+06	5.69847e+06	0	0	0
20.00000	5.20195	7.240000	1225	0.00175	7.33145e-02	0.100	0.00115	0.00000e+00	7.77086e+08	10	1	1
20.00000	5.20195	7.240000	1225	0.00175	9.82388e-01	0.100	0.00115	0.00000e+00	7.77086e+08	10	1	1
20.00000	5.20195	7.240000	1225	0.00175	1.31636e+01	0.100	0.00115	0.00000e+00	7.77086e+08	10	1	1
20.00000	5.20195	7.240000	1225	0.00175	1.76388e+02	0.100	0.00115	0.00000e+00	7.77086e+08	10	1	1
20.00000	5.20195	7.240000	1225	0.00175	2.36354e+03	0.100	0.00115	0.00000e+00	7.77086e+08	10	1	1
20.00000	5.20195	7.240000	1225	0.00434	7.33145e-02	0.220	0.00707	0.00000e+00	6.01449e+10	10	1	1
20.00000	5.20195	7.240000	1225	0.00434	9.82388e-01	0.220	0.00707	0.00000e+00	6.01449e+10	10	1	1
20.00000	5.20195	7.240000	1225	0.00434	1.31636e+01	0.220	0.00707	0.00000e+00	6.01449e+10	10	1	1
20.00000	5.20195	7.240000	1225	0.00434	1.76388e+02	0.220	0.00707	0.00000e+00	6.01449e+10	10	1	1
20.00000	5.20195	7.240000	1225	0.00434	2.36354e+03	0.220	0.00707	0.00000e+00	6.01449e+10	10	1	1
20.00000	5.20195	7.240000	1225	0.00620	7.33145e-02	0.300	0.01442	0.00000e+00	4.65733e+10	10	1	1
20.00000	5.20195	7.240000	1225	0.00620	9.82388e-01	0.300	0.01442	0.00000e+00	4.65733e+10	10	1	1
20.00000	5.20195	7.240000	1225	0.00620	1.31636e+01	0.300	0.01442	0.00000e+00	4.65733e+10	10	1	1
20.00000	5.20195	7.240000	1225	0.00620	1.76388e+02	0.300	0.01442	0.00000e+00	4.65733e+10	10	1	1
20.00000	5.20195	7.240000	1225	0.00620	2.36354e+03	0.300	0.01442	0.00000e+00	4.65733e+10	10	1	1
20.00000	5.20195	7.240000	1225	0.01562	7.33145e-02	0.550	0.09151	1.26335e+04	3.72374e+08	1	0	0
20.00000	5.20195	7.240000	1225	0.01562	9.82388e-01	0.550	0.09151	1.51023e+05	3.72374e+08	0	0	0
20.00000	5.20195	7.240000	1225	0.01562	1.31636e+01	0.550	0.09151	1.30470e+06	3.72374e+08	0	0	0
20.00000	5.20195	7.240000	1225	0.01562	1.76388e+02	0.550	0.09151	6.05433e+06	3.72374e+08	0	0	0
20.00000	5.20195	7.240000	1225	0.01562	2.36354e+03	0.550	0.09151	0.00000e+00	3.72374e+08	10	1	1
20.00000	5.20195	7.240000	1225	0.05162	7.33145e-02	1.000	1.00000	3.15537e+03	1.76716e+07	0	0	0
20.00000	5.20195	7.240000	1225	0.05162	9.82388e-01	1.000	1.00000	1.10273e+03	1.76716e+07	0	0	0
20.00000	5.20195	7.240000	1225	0.05162	1.31636e+01	1.000	1.00000	2.52637e+05	1.76716e+07	0	0	0
20.00000	5.20195	7.240000	1225	0.05162	1.76388e+02	1.000	1.00000	2.94955e+05	1.76716e+07	0	0	0
20.00000	5.20195	7.240000	1225	0.05162	2.36354e+03	1.000	1.00000	2.34840e+07	1.76716e+07	0	0	0
20.00000	5.20195	7.240000	1500	0.00117	7.33145e-02	0.100	0.00115	0.00000e+00	3.72854e+08	10	1	1
20.00000	5.20195	7.240000	1500	0.00117	9.82388e-01	0.100	0.00115	0.00000e+00	3.72854e+08	10	1	1
20.00000	5.20195	7.240000	1500	0.00117	1.31636e+01	0.100	0.00115	0.00000e+00	3.72854e+08	10	1	1
20.00000	5.20195	7.240000	1500	0.00117	1.76388e+02	0.100	0.00115	0.00000e+00	3.72854e+08	10	1	1
20.00000	5.20195	7.240000	1500	0.00117	2.36354e+03	0.100	0.00115	0.00000e+00	3.72854e+08	10	1	1
20.00000	5.20195	7.240000	1500	0.00289	7.33145e-02	0.220	0.00707	0.00000e+00	4.28410e+09	10	1	1
20.00000	5.20195	7.240000	1500	0.00289	9.82388e-01	0.220	0.00707	0.00000e+00	4.28410e+09	10	1	1
20.00000	5.20195	7.240000	1500	0.00289	1.31636e+01	0.220	0.00707	0.00000e+00	4.28410e+09	10	1	1
20.00000	5.20195	7.240000	1500	0.00289	1.76388e+02	0.220	0.00707	0.00000e+00	4.28410e+09	10	1	1
20.00000	5.20195	7.240000	1500	0.00289	2.36354e+03	0.220	0.00707	0.00000e+00	4.28410e+09	10	1	1
20.00000	5.20195	7.240000	1500	0.00414	7.33145e-02	0.300	0.01442	0.00000e+00	1.22107e+10	10	1	1
20.00000	5.20195	7.240000	1500	0.00414	9.82388e-01	0.300	0.01442	0.00000e+00	1.22107e+10	10	1	1
20.00000	5.20195	7.240000	1500	0.00414	1.31636e+01	0.300	0.01442	0.00000e+00	1.22107e+10	10	1	1
20.00000	5.20195	7.240000	1500	0.00414	1.76388e+02	0.300	0.01442	0.00000e+00	1.22107e+10	10	1	1
20.00000	5.20195	7.240000	1500	0.00414	2.36354e+03	0.300	0.01442	0.00000e+00	1.22107e+10	10	1	1
20.00000	5.20195	7.240000	1500	0.01041	7.33145e-02	0.550	0.09151	8.23758e+04	1.96609e+09	1	0	0
20.00000	5.20195	7.240000	1500	0.01041	9.82388e-01	0.550	0.09151	1.03646e+06	1.96609e+09	0	0	0
20.00000	5.20195	7.240000	1500	0.01041	1.31636e+01	0.550	0.09151	8.82912e+06	1.96609e+09	0	0	0
20.00000	5.20195	7.240000	1500	0.01041	1.76388e+02	0.550	0.09151	4.42090e+07	1.96609e+09	0	0	0
20.00000	5.20195	7.240000	1500	0.01041	2.36354e+03	0.550	0.09151	1.17562e+08	1.96609e+09	0	0	0
20.00000	5.20195	7.240000	1500	0.03443	7.33145e-02	1.000	1.00000	2.02524e+04	4.66755e+07	0	0	0
20.00000	5.20195	7.240000	1500	0.03443	9.82388e-01	1.000	1.00000	5.78651e+03	4.66755e+07	0	0	0
20.00000	5.20195	7.240000	1500	0.03443	1.31636e+01	1.000	1.00000	2.45101e+06	4.66755e+07	0	0	0
20.00000	5.20195	7.240000	1500	0.03443	1.76388e+02	1.000	1.00000	7.54808e+05	4.66755e+07	0	0	0
20.00000	5.20195	7.240000	1500	0.03443	2.36354e+03	1.000	1.00000	5.85792e+07	4.66755e+07	0	0	0
20.00000	3.74086	14.000000	400	0.01644	7.33145e-02	0.100	0.00115	4.80448e-02	8.82626e+06	0	0	0
20.00000	3.74086	14.000000	400	0.01644	9.82388e-01	0.100	0.00115	2.83478e+00	8.82626e+06	0	0	0
20.00000	3.74086	14.000000	400	0.01644	1.31636e+01	0.100	0.00115	1.41079e+02	8.82626e+06	0	0	0
20.00000	3.74086	14.000000	400	0.01644	1.76388e+02	0.100	0.00115	4.70805e+03	8.82626e+06	0	0	0
20.00000	3.74086	14.000000	400	0.01644	2.36354e+03	0.100	0.00115	1.70008e+05	8.82626e+06	0	0	0
20.00000	3.74086	14.000000	400	0.04070	7.33145e-02	0.220	0.00707	0.00000e+00	6.10293e+06	10	1	1
20.00000	3.74086	14.000000	400	0.04070	9.82388e-01	0.220	0.00707	0.00000e+00	6.10293e+06	10	1	1
20.00000	3.74086	14.000000	400	0.04070	1.31636e+01	0.220	0.00707	5.40700e+00	6.10293e+06	0	0	0
20.00000	3.74086	14.000000	400	0.04070	1.76388e+02	0.220	0.00707	4.38488e+02	6.10293e+06	0	0	0
20.00000	3.74086	14.000000	400	0.04070	2.36354e+03	0.220	0.00707	0.00000e+00	6.10293e+06	10	1	1
20.00000	3.74086	14.000000	400	0.05815	7.33145e-02	0.300	0.01442	0.00000e+00	3.16902e+06	10	1	1
20.00000	3.74086	14.000000	400	0.05815	9.82388e-01	0.300	0.01442	0.00000e+00	3.16902e+06	10	1	1
20.00000	3.74086	14.000000	400	0.05815	1.31636e+01	0.300	0.01442	0.00000e+00	3.16902e+06	10	1	1
20.00000	3.74086	14.000000	400	0.05815	1.76388e+02	0.300	0.01442	2.39065e+02	3.16902e+06	0	0	0
20.00000	3.74086	14.000000	400	0.05815	2.36354e+03	0.300	0.01442	0.00000e+00	3.16902e+06	10	1	1
20.00000	3.74086	14.000000	400	0.14646	7.33145e-02	0.550	0.09151	0.00000e+00	4.72229e+05	10	1	1
20.00000	3.74086	14.000000	400	0.14646	9.82388e-01	0.550	0.09151	0.00000e+00	4.72229e+05	10	1	1
20.00000	3.74086	14.000000	400	0.14646	1.31636e+01	0.550	0.09151	0.00000e+00	4.72229e+05	10	1	1
20.00000	3.74086	14.000000	400	0.14646	1.76388e+02	0.550	0.09151	8.45430e+01	4.72229e+05	0	0	0
20.00000	3.74086	14.000000	400	0.14646	2.36354e+03	0.550	0.09151	0.00000e+00	4.72229e+05	10	1	1
20.00000	3.74086	14.000000	400	0.48417	7.33145e-02	1.000	1.00000	0.00000e+00	4.18443e+04	10	1	1
20.00000	3.74086	14.000000	400	0.48417	9.82388e-01	1.000	1.00000	0.00000e+00	4.18443e+04	10	1	1
20.00000	3.74086	14.000000	400	0.48417	1.31636e+01	1.000	1.00000	0.00000e+00	4.18443e+04	10	1	1
20.00000	3.74086	14.000000	400	0.48417	1.76388e+02	1.000	1.00000	0.00000e+00	4.18443e+04	10	1	1
20.00000	3.74086	14.000000	400	0.48417	2.36354e+03	1.000	1.00000	0.00000e+00	4.18443e+04	10	1	1
20.00000	3.74086	14.000000	675	0.00577	7.33145e-02	0.100	0.00115	4.64531e+03	1.56656e+08	0	0	0
20.00000	3.74086	14.000000	675	0.00577	9.82388e-01	0.100	0.00115	5.60950e+04	1.56656e+08	0	0	0
20.00000	3.74086	14.000000	675	0.00577	1.31636e+01	0.100	0.00115	5.09687e+05	1.56656e+08	0	0	0
20.00000	3.74086	14.000000	675	0.00577	1.76388e+02	0.100	0.00115	2.60132e+06	1.56656e+08	0	0	0
20.00000	3.74086	14.000000	675	0.00577	2.36354e+03	0.100	0.00115	1.81288e+07	1.56656e+08	0	0	0
20.00000	3.74086	14.000000	675	0.01429	7.33145e-02	0.220	0.00707	6.01655e+00	6.77196e+07	0	0	0
20.00000	3.74086	14.000000	675	0.01429	9.82388e-01	0.220	0.00707	9.99508e+01	6.77196e+07	0	0	0
20.00000	3.74086	14.000000	675	0.01429	1.31636e+01	0.220	0.00707	1.96943e+03	6.77196e+07	0	0	0
20.00000	3.74086	14.000000	675	0.01429	1.76388e+02	0.220	0.00707	4.20296e+04	6.77196e+07	0	0	0
20.00000	3.74086	14.000000	675	0.01429	2.36354e+03	0.220	0.00707	9.99866e+05	6.77196e+07	0	0	0
20.00000	3.74086	14.000000	675	0.02042	7.33145e-02	0.300	0.01442	2.36308e-01	3.23129e+07	0	0	0
20.00000	3.74086	14.000000	675	0.02042	9.82388e-01	0.300	0.01442	1.01185e+01	3.23129e+07	0	0	0
20.00000	3.74086	14.000000	675	0.02042	1.31636e+01	0.300	0.01442	3.50184e+02	3.23129e+07	0	0	0
20.00000	3.74086	14.000000	675	0.02042	1.76388e+02	0.300	0.01442	9.80191e+03	3.23129e+07	0	0	0
20.00000	3.74086	14.000000	675	0.02042	2.36354e+03	0.300	0.01442	3.10821e+05	3.23129e+07	0	0	0
20.00000	3.74086	14.000000	675	0.05143	7.33145e-02	0.550	0.09151	0.00000e+00	4.23307e+06	10	1	1
20.00000	3.74086	14.000000	675	0.05143	9.82388e-01	0.550	0.09151	0.00000e+00	4.23307e+06	10	1	1
20.00000	3.74086	14.000000	675	0.05143	1.31636e+01	0.550	0.09151	7.15279e+00	4.23307e+06	0	0	0
20.00000	3.74086	14.000000	675	0.05143	1.76388e+02	0.550	0.09151	0.00000e+00	4.23307e+06	10	1	1
20.00000	3.74086	14.000000	675	0.05143	2.36354e+03	0.550	0.09151	0.00000e+00	4.23307e+06	10	1	1
20.00000	3.74086	14.000000	675	0.17002	7.33145e-02	1.000	1.00000	0.00000e+00	3.51346e+05	10	1	1
20.00000	3.74086	14.000000	675	0.17002	9.82388e-01	1.000	1.00000	0.00000e+00	3.51346e+05	10	1	1
20.00000	3.74086	14.000000	675	0.17002	1.31636e+01	1.000	1.00000	3.07392e+00	3.51346e+05	0	0	0
20.00000	3.74086	14.000000	675	0.17002	1.76388e+02	1.000	1.00000	0.00000e+00	3.51346e+05	10	1	1
20.00000	3.74086	14.000000	675	0.17002	2.36354e+03	1.000	1.00000	0.00000e+00	3.51346e+05	10	1	1
20.00000	3.74086	14.000000	950	0.00291	7.33145e-02	0.100	0.00115	0.00000e+00	3.46099e+10	10	1	1
20.00000	3.74086	14.000000	950	0.00291	9.82388e-01	0.100	0.00115	0.00000e+00	3.46099e+10	10	1	1
20.00000	3.74086	14.000000	950	0.00291	1.31636e+01	0.100	0.00115	0.00000e+00	3.46099e+10	10	1	1
20.00000	3.74086	14.000000	950	0.00291	1.76388e+02	0.100	0.00115	0.00000e+00	3.46099e+10	10	1	1
20.00000	3.74086	14.000000	950	0.00291	2.36354e+03	0.100	0.00115	0.00000e+00	3.46099e+10	10	1	1
20.00000	3.74086	14.000000	950	0.00722	7.33145e-02	0.220	0.00707	4.68550e+03	5.23943e+08	1	0	0
20.00000	3.74086	14.000000	950	0.00722	9.82388e-01	0.220	0.00707	7.31949e+04	5.23943e+08	0	0	0
20.00000	3.74086	14.000000	950	0.00722	1.31636e+01	0.220	0.00707	6.95922e+05	5.23943e+08	0	0	0
20.00000	3.74086	14.000000	950	0.00722	1.76388e+02	0.220	0.00707	3.46493e+06	5.23943e+08	0	0	0
20.00000	3.74086	14.000000	950	0.00722	2.36354e+03	0.220	0.00707	2.08691e+07	5.23943e+08	0	0	0
20.00000	3.74086	14.000000	950	0.01031	7.33145e-02	0.300	0.01442	5.99606e+02	1.98876e+08	0	0	0
20.00000	3.74086	14.000000	950	0.01031	9.82388e-01	0.300	0.01442	6.93299e+03	1.98876e+08	0	0	0
20.00000	3.74086	14.000000	950	0.01031	1.31636e+01	0.300	0.01442	6.25881e+04	1.98876e+08	0	0	0
20.00000	3.74086	14.000000	950	0.01031	1.76388e+02	0.300	0.01442	5.75734e+05	1.98876e+08	0	0	0
20.00000	3.74086	14.000000	950	0.01031	2.36354e+03	0.300	0.01442	7.34612e+06	1.98876e+08	0	0	0
20.00000	3.74086	14.000000	950	0.02597	7.33145e-02	0.550	0.09151	1.51647e-01	1.96978e+07	0	0	0
20.00000	3.74086	14.000000	950	0.02597	9.82388e-01	0.550	0.09151	7.14234e+00	1.96978e+07	0	0	0
20.00000	3.74086	14.000000	950	0.02597	1.31636e+01	0.550	0.09151	2.71183e+02	1.96978e+07	0	0	0
20.00000	3.74086	14.000000	950	0.02597	1.76388e+02	0.550	0.09151	7.95421e+03	1.96978e+07	0	0	0
20.00000	3.74086	14.000000	950	0.02597	2.36354e+03	0.550	0.09151	2.62001e+05	1.96978e+07	0	0	0
20.00000	3.74086	14.000000	950	0.08584	7.33145e-02	1.000	1.00000	0.00000e+00	1.45637e+06	10	1	1
20.00000	3.74086	14.000000	950	0.08584	9.82388e-01	1.000	1.00000	0.00000e+00	1.45637e+06	10	1	1
20.00000	3.74086	14.000000	950	0.08584	1.31636e+01	1.000	1.00000	0.00000e+00	1.45637e+06	10	1	1
20.00000	3.74086	14.000000	950	0.08584	1.76388e+02	1.000	1.00000	0.00000e+00	1.45637e+06	10	1	1
20.00000	3.74086	14.000000	950	0.08584	2.36354e+03	1.000	1.00000	0.00000e+00	1.45637e+06	10	1	1
20.00000	3.74086	14.000000	1225	0.00175	7.33145e-02	0.100	0.00115	0.00000e+00	1.06674e+09	10	1	1
20.00000	3.74086	14.000000	1225	0.00175	9.82388e-01	0.100	0.00115	0.00000e+00	1.06674e+09	10	1	1
20.00000	3.74086	14.000000	1225	0.00175	1.31636e+01	0.100	0.00115	0.00000e+00	1.06674e+09	10	1	1
20.00000	3.74086	14.000000	1225	0.00175	1.76388e+02	0.100	0.00115	0.00000e+00	1.06674e+09	10	1	1
20.00000	3.74086	14.000000	1225	0.00175	2.36354e+03	0.100	0.00115	0.00000e+00	1.06674e+09	10	1	1
20.00000	3.74086	14.000000	1225	0.00434	7.33145e-02	0.220	0.00707	0.00000e+00	9.89430e+09	10	1	1
20.00000	3.74086	14.000000	1225	0.00434	9.82388e-01	0.220	0.00707	0.00000e+00	9.89430e+09	10	1	1
20.00000	3.74086	14.000000	1225	0.00434	1.31636e+01	0.220	0.00707	0.00000e+00	9.89430e+09	10	1	1
20.00000	3.74086	14.000000	1225	0.00434	1.76388e+02	0.220	0.00707	0.00000e+00	9.89430e+09	10	1	1
20.00000	3.74086	14.000000	1225	0.00434	2.36354e+03	0.220	0.00707	0.00000e+00	9.89430e+09	10	1	1
20.00000	3.74086	14.000000	1225	0.00620	7.33145e-02	0.300	0.01442	0.00000e+00	1.42125e+09	10	1	1
20.00000	3.74086	14.000000	1225	0.00620	9.82388e-01	0.300	0.01442	0.00000e+00	1.42125e+09	10	1	1
20.00000	3.74086	14.000000	1225	0.00620	1.31636e+01	0.300	0.01442	0.00000e+00	1.42125e+09	10	1	1
20.00000	3.74086	14.000000	1225	0.00620	1.76388e+02	0.300	0.01442	0.00000e+00	1.42125e+09	10	1	1
20.00000	3.74086	14.000000	1225	0.00620	2.36354e+03	0.300	0.01442	0.00000e+00	1.42125e+09	10	1	1
20.00000	3.74086	14.000000	1225	0.01562	7.33145e-02	0.550	0.09151	8.01434e+01	7.14937e+07	0	0	0
20.00000	3.74086	14.000000	1225	0.01562	9.82388e-01	0.550	0.09151	9.05507e+02	7.14937e+07	0	0	0
20.00000	3.74086	14.000000	1225	0.01562	1.31636e+01	0.550	0.09151	9.93036e+03	7.14937e+07	0	0	0
20.00000	3.74086	14.000000	1225	0.01562	1.76388e+02	0.550	0.09151	1.53430e+05	7.14937e+07	0	0	0
20.00000	3.74086	14.000000	1225	0.01562	2.36354e+03	0.550	0.09151	2.76587e+06	7.14937e+07	0	0	0
20.00000	3.74086	14.000000	1225	0.05162	7.33145e-02	1.000	1.00000	0.00000e+00	4.35361e+06	10	1	1
20.00000	3.74086	14.000000	1225	0.05162	9.82388e-01	1.000	1.00000	0.00000e+00	4.35361e+06	10	1	1
20.00000	3.74086	14.000000	1225	0.05162	1.31636e+01	1.000	1.00000	1.72588e+01	4.35361e+06	0	0	0
20.00000	3.74086	14.000000	1225	0.05162	1.76388e+02	1.000	1.00000	3.23575e+03	4.35361e+06	1	0	0
20.00000	3.74086	14.000000	1225	0.05162	2.36354e+03	1.000	1.00000	0.00000e+00	4.35361e+06	10	1	1
20.00000	3.74086	14.000000	1500	0.00117	7.33145e-02	0.100	0.00115	0.00000e+00	3.42138e+08	10	1	1
20.00000	3.74086	14.000000	1500	0.00117	9.82388e-01	0.100	0.00115	0.00000e+00	3.42138e+08	10	1	1
20.00000	3.74086	14.000000	1500	0.00117	1.31636e+01	0.100	0.00115	0.00000e+00	3.42138e+08	10	1	1
20.00000	3.74086	14.000000	1500	0.00117	1.76388e+02	0.100	0.00115	0.00000e+00	3.42138e+08	10	1	1
20.00000	3.74086	14.000000	1500	0.00117	2.36354e+03	0.100	0.00115	0.00000e+00	3.42138e+08	10	1	1
20.00000	3.74086	14.000000	1500	0.00289	7.33145e-02	0.220	0.00707	0.00000e+00	1.28646e+10	10	1	1
20.00000	3.74086	14.000000	1500	0.00289	9.82388e-01	0.220	0.00707	0.00000e+00	1.28646e+10	10	1	1
20.00000	3.74086	14.000000	1500	0.00289	1.31636e+01	0.220	0.00707	0.00000e+00	1.28646e+10	10	1	1
20.00000	3.74086	14.000000	1500	0.00289	1.76388e+02	0.220	0.00707	0.00000e+00	1.28646e+10	10	1	1
20.00000	3.74086	14.000000	1500	0.00289	2.36354e+03	0.220	0.00707	0.00000e+00	1.28646e+10	10	1	1
20.00000	3.74086	14.000000	1500	0.00414	7.33145e-02	0.300	0.01442	0.00000e+00	1.58005e+11	10	1	1
20.00000	3.74086	14.000000	1500	0.00414	9.82388e-01	0.300	0.01442	0.00000e+00	1.58005e+11	10	1	1
20.00000	3.74086	14.000000	1500	0.00414	1.31636e+01	0.300	0.01442	0.00000e+00	1.58005e+11	10	1	1
20.00000	3.74086	14.000000	1500	0.00414	1.76388e+02	0.300	0.01442	0.00000e+00	1.58005e+11	10	1	1
20.00000	3.74086	14.000000	1500	0.00414	2.36354e+03	0.300	0.01442	0.00000e+00	1.58005e+11	10	1	1
20.00000	3.74086	14.000000	1500	0.01041	7.33145e-02	0.550	0.09151	3.68696e+03	2.49219e+08	0	0	0
20.00000	3.74086	14.000000	1500	0.01041	9.82388e-01	0.550	0.09151	4.40457e+04	2.49219e+08	0	0	0
20.00000	3.74086	14.000000	1500	0.01041	1.31636e+01	0.550	0.09151	3.86797e+05	2.49219e+08	0	0	0
20.00000	3.74086	14.000000	1500	0.01041	1.76388e+02	0.550	0.09151	2.08312e+06	2.49219e+08	0	0	0
20.00000	3.74086	14.000000	1500	0.01041	2.36354e+03	0.550	0.09151	1.61923e+07	2.49219e+08	0	0	0
20.00000	3.74086	14.000000	1500	0.03443	7.33145e-02	1.000	1.00000	6.04247e-02	1.08818e+07	0	0	0
20.00000	3.74086	14.000000	1500	0.03443	9.82388e-01	1.000	1.00000	3.40924e+00	1.08818e+07	0	0	0
20.00000	3.74086	14.000000	1500	0.03443	1.31636e+01	1.000	1.00000	1.60487e+02	1.08818e+07	0	0	0
20.00000	3.74086	14.000000	1500	0.03443	1.76388e+02	1.000	1.00000	5.21696e+03	1.08818e+07	0	0	0
20.00000	3.74086	14.000000	1500	0.03443	2.36354e+03	1.000	1.00000	1.85186e+05	1.08818e+07	0	0	0
20.00000	2.55549	30.000000	400	0.01644	7.33145e-02	0.100	0.00115	0.00000e+00	1.74338e+06	10	1	1
20.00000	2.55549	30.000000	400	0.01644	9.82388e-01	0.100	0.00115	0.00000e+00	1.74338e+06	10	1	1
20.00000	2.55549	30.000000	400	0.01644	1.31636e+01	0.100	0.00115	0.00000e+00	1.74338e+06	10	1	1
20.00000	2.55549	30.000000	400	0.01644	1.76388e+02	0.100	0.00115	0.00000e+00	1.74338e+06	10	1	1
20.00000	2.55549	30.000000	400	0.01644	2.36354e+03	0.100	0.00115	0.00000e+00	1.74338e+06	10	1	1
20.00000	2.55549	30.000000	400	0.04070	7.33145e-02	0.220	0.00707	0.00000e+00	1.26900e+06	10	1	1
20.00000	2.55549	30.000000	400	0.04070	9.82388e-01	0.220	0.00707	0.00000e+00	1.26900e+06	10	1	1
20.00000	2.55549	30.000000	400	0.04070	1.31636e+01	0.220	0.00707	0.00000e+00	1.26900e+06	10	1	1
20.00000	2.55549	30.000000	400	0.04070	1.76388e+02	0.220	0.00707	0.00000e+00	1.26900e+06	10	1	1
20.00000	2.55549	30.000000	400	0.04070	2.36354e+03	0.220	0.00707	0.00000e+00	1.26900e+06	10	1	1
20.00000	2.55549	30.000000	400	0.05815	7.33145e-02	0.300	0.01442	0.00000e+00	6.66391e+05	10	1	1
20.00000	2.55549	30.000000	400	0.05815	9.82388e-01	0.300	0.01442	0.00000e+00	6.66391e+05	10	1	1
20.00000	2.55549	30.000000	400	0.05815	1.31636e+01	0.300	0.01442	0.00000e+00	6.66391e+05	10	1	1
20.00000	2.55549	30.000000	400	0.05815	1.76388e+02	0.300	0.01442	0.00000e+00	6.66391e+05	10	1	1
20.00000	2.55549	30.000000	400	0.05815	2.36354e+03	0.300	0.01442	0.00000e+00	6.66391e+05	10	1	1
20.00000	2.55549	30.000000	400	0.14646	7.33145e-02	0.550	0.09151	0.00000e+00	1.01180e+05	10	1	1
20.00000	2.55549	30.000000	400	0.14646	9.82388e-01	0.550	0.09151	0.00000e+00	1.01180e+05	10	1	1
20.00000	2.55549	30.000000	400	0.14646	1.31636e+01	0.550	0.09151	0.00000e+00	1.01180e+05	10	1	1
20.00000	2.55549	30.000000	400	0.14646	1.76388e+02	0.550	0.09151	0.00000e+00	1.01180e+05	10	1	1
20.00000	2.55549	30.000000	400	0.14646	2.36354e+03	0.550	0.09151	0.00000e+00	1.01180e+05	10	1	1
20.00000	2.55549	30.000000	400	0.48417	7.33145e-02	1.000	1.00000	0.00000e+00	9.05957e+03	10	1	1
20.00000	2.55549	30.000000	400	0.48417	9.82388e-01	1.000	1.00000	0.00000e+00	9.05957e+03	10	1	1
20.00000	2.55549	30.000000	400	0.48417	1.31636e+01	1.000	1.00000	0.00000e+00	9.05957e+03	10	1	1
20.00000	2.55549	30.000000	400	0.48417	1.76388e+02	1.000	1.00000	0.00000e+00	9.05957e+03	10	1	1
20.00000	2.55549	30.000000	400	0.48417	2.36354e+03	1.000	1.00000	0.00000e+00	9.05957e+03	10	1	1
20.00000	2.55549	30.000000	675	0.00577	7.33145e-02	0.100	0.00115	0.00000e+00	2.20416e+07	10	1	1
20.00000	2.55549	30.000000	675	0.00577	9.82388e-01	0.100	0.00115	0.00000e+00	2.20416e+07	10	1	1
20.00000	2.55549	30.000000	675	0.00577	1.31636e+01	0.100	0.00115	0.00000e+00	2.20416e+07	10	1	1
20.00000	2.55549	30.000000	675	0.00577	1.76388e+02	0.100	0.00115	0.00000e+00	2.20416e+07	10	1	1
20.00000	2.55549	30.000000	675	0.00577	2.36354e+03	0.100	0.00115	0.00000e+00	2.20416e+07	10	1	1
20.00000	2.55549	30.000000	675	0.01429	7.33145e-02	0.220	0.00707	0.00000e+00	1.25265e+07	10	1	1
20.00000	2.55549	30.000000	675	0.01429	9.82388e-01	0.220	0.00707	0.00000e+00	1.25265e+07	10	1	1
20.00000	2.55549	30.000000	675	0.01429	1.31636e+01	0.220	0.00707	0.00000e+00	1.25265e+07	10	1	1
20.00000	2.55549	30.000000	675	0.01429	1.76388e+02	0.220	0.00707	0.00000e+00	1.25265e+07	10	1	1
20.00000	2.55549	30.000000	675	0.01429	2.36354e+03	0.220	0.00707	0.00000e+00	1.25265e+07	10	1	1
20.00000	2.55549	30.000000	675	0.02042	7.33145e-02	0.300	0.01442	0.00000e+00	6.25714e+06	10	1	1
20.00000	2.55549	30.000000	675	0.02042	9.82388e-01	0.300	0.01442	0.00000e+00	6.25714e+06	10	1	1
20.00000	2.55549	30.000000	675	0.02042	1.31636e+01	0.300	0.01442	0.00000e+00	6.25714e+06	10	1	1
20.00000	2.55549	30.000000	675	0.02042	1.76388e+02	0.300	0.01442	0.00000e+00	6.25714e+06	10	1	1
20.00000	2.55549	30.000000	675	0.02042	2.36354e+03	0.300	0.01442	0.00000e+00	6.25714e+06	10	1	1
20.00000	2.55549	30.000000	675	0.05143	7.33145e-02	0.550	0.09151	0.00000e+00	8.76816e+05	10	1	1
20.00000	2.55549	30.000000	675	0.05143	9.82388e-01	0.550	0.09151	0.00000e+00	8.76816e+05	10	1	1
20.00000	2.55549	30.000000	675	0.05143	1.31636e+01	0.550	0.09151	0.00000e+00	8.76816e+05	10	1	1
20.00000	2.55549	30.000000	675	0.05143	1.76388e+02	0.550	0.09151	0.00000e+00	8.76816e+05	10	1	1
20.00000	2.55549	30.000000	675	0.05143	2.36354e+03	0.550	0.09151	0.00000e+00	8.76816e+05	10	1	1
20.00000	2.55549	30.000000	675	0.17002	7.33145e-02	1.000	1.00000	0.00000e+00	7.52141e+04	10	1	1
20.00000	2.55549	30.000000	675	0.17002	9.82388e-01	1.000	1.00000	0.00000e+00	7.52141e+04	10	1	1
20.00000	2.55549	30.000000	675	0.17002	1.31636e+01	1.000	1.00000	0.00000e+00	7.52141e+04	10	1	1
20.00000	2.55549	30.000000	675	0.17002	1.76388e+02	1.000	1.00000	0.00000e+00	7.52141e+04	10	1	1
20.00000	2.55549	30.000000	675	0.17002	2.36354e+03	1.000	1.00000	0.00000e+00	7.52141e+04	10	1	1
20.00000	2.55549	30.000000	950	0.00291	7.33145e-02	0.100	0.00115	0.00000e+00	2.68042e+08	10	1	1
20.00000	2.55549	30.000000	950	0.00291	9.82388e-01	0.100	0.00115	0.00000e+00	2.68042e+08	10	1	1
20.00000	2.55549	30.000000	950	0.00291	1.31636e+01	0.100	0.00115	0.00000e+00	2.68042e+08	10	1	1
20.00000	2.55549	30.000000	950	0.00291	1.76388e+02	0.100	0.00115	0.00000e+00	2.68042e+08	10	1	1
20.00000	2.55549	30.000000	950	0.00291	2.36354e+03	0.100	0.00115	0.00000e+00	2.68042e+08	10	1	1
20.00000	2.55549	30.000000	950	0.00722	7.33145e-02	0.220	0.00707	0.00000e+00	7.13487e+07	10	1	1
20.00000	2.55549	30.000000	950	0.00722	9.82388e-01	0.220	0.00707	0.00000e+00	7.13487e+07	10	1	1
20.00000	2.55549	30.000000	950	0.00722	1.31636e+01	0.220	0.00707	0.00000e+00	7.13487e+07	10	1	1
20.00000	2.55549	30.000000	950	0.00722	1.76388e+02	0.220	0.00707	0.00000e+00	7.13487e+07	10	1	1
20.00000	2.55549	30.000000	950	0.00722	2.36354e+03	0.220	0.00707	0.00000e+00	7.13487e+07	10	1	1
20.00000	2.55549	30.000000	950	0.01031	7.33145e-02	0.300	0.01442	0.00000e+00	3.19311e+07	10	1	1
20.00000	2.55549	30.000000	950	0.01031	9.82388e-01	0.300	0.01442	0.00000e+00	3.19311e+07	10	1	1
20.00000	2.55549	30.000000	950	0.01031	1.31636e+01	0.300	0.01442	0.00000e+00	3.19311e+07	10	1	1
20.00000	2.55549	30.000000	950	0.01031	1.76388e+02	0.300	0.01442	0.00000e+00	3.19311e+07	10	1	1
20.00000	2.55549	30.000000	950	0.01031	2.36354e+03	0.300	0.01442	0.00000e+00	3.19311e+07	10	1	1
20.00000	2.55549	30.000000	950	0.02597	7.33145e-02	0.550	0.09151	0.00000e+00	3.83532e+06	10	1	1
20.00000	2.55549	30.000000	950	0.02597	9.82388e-01	0.550	0.09151	0.00000e+00	3.83532e+06	10	1	1
20.00000	2.55549	30.000000	950	0.02597	1.31636e+01	0.550	0.09151	0.00000e+00	3.83532e+06	10	1	1
20.00000	2.55549	30.000000	950	0.02597	1.76388e+02	0.550	0.09151	0.00000e+00	3.83532e+06	10	1	1
20.00000	2.55549	30.000000	950	0.02597	2.36354e+03	0.550	0.09151	0.00000e+00	3.83532e+06	10	1	1
20.00000	2.55549	30.000000	950	0.08584	7.33145e-02	1.000	1.00000	0.00000e+00	3.06110e+05	10	1	1
20.00000	2.55549	30.000000	950	0.08584	9.82388e-01	1.000	1.00000	0.00000e+00	3.06110e+05	10	1	1
20.00000	2.55549	30.000000	950	0.08584	1.31636e+01	1.000	1.00000	0.00000e+00	3.06110e+05	10	1	1
20.00000	2.55549	30.000000	950	0.08584	1.76388e+02	1.000	1.00000	0.00000e+00	3.06110e+05	10	1	1
20.00000	2.55549	30.000000	950	0.08584	2.36354e+03	1.000	1.00000	0.00000e+00	3.06110e+05	10	1	1
20.00000	2.55549	30.000000	1225	0.00175	7.33145e-02	0.100	0.00115	0.00000e+00	2.12598e+10	10	1	1
20.00000	2.55549	30.000000	1225	0.00175	9.82388e-01	0.100	0.00115	0.00000e+00	2.12598e+10	10	1	1
20.00000	2.55549	30.000000	1225	0.00175	1.31636e+01	0.100	0.00115	0.00000e+00	2.12598e+10	10	1	1
20.00000	2.55549	30.000000	1225	0.00175	1.76388e+02	0.100	0.00115	0.00000e+00	2.12598e+10	10	1	1
20.00000	2.55549	30.000000	1225	0.00175	2.36354e+03	0.100	0.00115	0.00000e+00	2.12598e+10	10	1	1
20.00000	2.55549	30.000000	1225	0.00434	7.33145e-02	0.220	0.00707	0.00000e+00	4.07066e+08	10	1	1
20.00000	2.55549	30.000000	1225	0.00434	9.82388e-01	0.220	0.00707	0.00000e+00	4.07066e+08	10	1	1
20.00000	2.55549	30.000000	1225	0.00434	1.31636e+01	0.220	0.00707	0.00000e+00	4.07066e+08	10	1	1
20.00000	2.55549	30.000000	1225	0.00434	1.76388e+02	0.220	0.00707	0.00000e+00	4.07066e+08	10	1	1
20.00000	2.55549	30.000000	1225	0.00434	2.36354e+03	0.220	0.00707	0.00000e+00	4.07066e+08	10	1	1
20.00000	2.55549	30.000000	1225	0.00620	7.33145e-02	0.300	0.01442	0.00000e+00	1.39600e+08	10	1	1
20.00000	2.55549	30.000000	1225	0.00620	9.82388e-01	0.300	0.01442	0.00000e+00	1.39600e+08	10	1	1
20.00000	2.55549	30.000000	1225	0.00620	1.31636e+01	0.300	0.01442	0.00000e+00	1.39600e+08	10	1	1
20.00000	2.55549	30.000000	1225	0.00620	1.76388e+02	0.300	0.01442	0.00000e+00	1.39600e+08	10	1	1
20.00000	2.55549	30.000000	1225	0.00620	2.36354e+03	0.300	0.01442	0.00000e+00	1.39600e+08	10	1	1
20.00000	2.55549	30.000000	1225	0.01562	7.33145e-02	0.550	0.09151	0.00000e+00	1.24846e+07	10	1	1
20.00000	2.55549	30.000000	1225	0.01562	9.82388e-01	0.550	0.09151	0.00000e+00	1.24846e+07	10	1	1
20.00000	2.55549	30.000000	1225	0.01562	1.31636e+01	0.550	0.09151	0.00000e+00	1.24846e+07	10	1	1
20.00000	2.55549	30.000000	1225	0.01562	1.76388e+02	0.550	0.09151	0.00000e+00	1.24846e+07	10	1	1
20.00000	2.55549	30.000000	1225	0.01562	2.36354e+03	0.550	0.09151	0.00000e+00	1.24846e+07	10	1	1
20.00000	2.55549	30.000000	1225	0.05162	7.33145e-02	1.000	1.00000	0.00000e+00	8.90634e+05	10	1	1
20.00000	2.55549	30.000000	1225	0.05162	9.82388e-01	1.000	1.00000	0.00000e+00	8.90634e+05	10	1	1
20.00000	2.55549	30.000000	1225	0.05162	1.31636e+01	1.000	1.00000	0.00000e+00	8.90634e+05	10	1	1
20.00000	2.55549	30.000000	1225	0.05162	1.76388e+02	1.000	1.00000	0.00000e+00	8.90634e+05	10	1	1
20.00000	2.55549	30.000000	1225	0.05162	2.36354e+03	1.000	1.00000	0.00000e+00	8.90634e+05	10	1	1
20.00000	2.55549	30.000000	1500	0.00117	7.33145e-02	0.100	0.00115	0.00000e+00	4.53101e+08	10	1	1
20.00000	2.55549	30.000000	1500	0.00117	9.82388e-01	0.100	0.00115	0.00000e+00	4.53101e+08	10	1	1
20.00000	2.55549	30.000000	1500	0.00117	1.31636e+01	0.100	0.00115	0.00000e+00	4.53101e+08	10	1	1
20.00000	2.55549	30.000000	1500	0.00117	1.76388e+02	0.100	0.00115	0.00000e+00	4.53101e+08	10	1	1
20.00000	2.55549	30.000000	1500	0.00117	2.36354e+03	0.100	0.00115	0.00000e+00	4.53101e+08	10	1	1
20.00000	2.55549	30.000000	1500	0.00289	7.33145e-02	0.220	0.00707	0.00000e+00	6.05001e+09	10	1	1
20.00000	2.55549	30.000000	1500	0.00289	9.82388e-01	0.220	0.00707	0.00000e+00	6.05001e+09	10	1	1
20.00000	2.55549	30.000000	1500	0.00289	1.31636e+01	0.220	0.00707	0.00000e+00	6.05001e+09	10	1	1
20.00000	2.55549	30.000000	1500	0.00289	1.76388e+02	0.220	0.00707	0.00000e+00	6.05001e+09	10	1	1
20.00000	2.55549	30.000000	1500	0.00289	2.36354e+03	0.220	0.00707	0.00000e+00	6.05001e+09	10	1	1
20.00000	2.55549	30.000000	1500	0.00414	7.33145e-02	0.300	0.01442	0.00000e+00	7.53885e+08	10	1	1
20.00000	2.55549	30.000000	1500	0.00414	9.82388e-01	0.300	0.01442	0.00000e+00	7.53885e+08	10	1	1
20.00000	2.55549	30.000000	1500	0.00414	1.31636e+01	0.300	0.01442	0.00000e+00	7.53885e+08	10	1	1
20.00000	2.55549	30.000000	1500	0.00414	1.76388e+02	0.300	0.01442	0.00000e+00	7.53885e+08	10	1	1
20.00000	2.55549	30.000000	1500	0.00414	2.36354e+03	0.300	0.01442	0.00000e+00	7.53885e+08	10	1	1
20.00000	2.55549	30.000000	1500	0.01041	7.33145e-02	0.550	0.09151	0.00000e+00	3.56564e+07	10	1	1
20.00000	2.55549	30.000000	1500	0.01041	9.82388e-01	0.550	0.09151	0.00000e+00	3.56564e+07	10	1	1
20.00000	2.55549	30.000000	1500	0.01041	1.31636e+01	0.550	0.09151	0.00000e+00	3.56564e+07	10	1	1
20.00000	2.55549	30.000000	1500	0.01041	1.76388e+02	0.550	0.09151	0.00000e+00	3.56564e+07	10	1	1
20.00000	2.55549	30.000000	1500	0.01041	2.36354e+03	0.550	0.09151	0.00000e+00	3.56564e+07	10	1	1
20.00000	2.55549	30.000000	1500	0.03443	7.33145e-02	1.000	1.00000	0.00000e+00	2.14204e+06	10	1	1
20.00000	2.55549	30.000000	1500	0.03443	9.82388e-01	1.000	1.00000	0.00000e+00	2.14204e+06	10	1	1
20.00000	2.55549	30.000000	1500	0.03443	1.31636e+01	1.000	1.00000	0.00000e+00	2.14204e+06	10	1	1
20.00000	2.55549	30.000000	1500	0.03443	1.76388e+02	1.000	1.00000	0.00000e+00	2.14204e+06	10	1	1
20.00000	2.55549	30.000000	1500	0.03443	2.36354e+03	1.000	1.00000	0.00000e+00	2.14204e+06	10	1	1
22.50000	6.54196	5.150000	400	0.01644	7.33145e-02	0.100	0.00115	0.00000e+00	8.29435e+07	10	1	1
22.50000	6.54196	5.150000	400	0.01644	9.82388e-01	0.100	0.00115	0.00000e+00	8.29435e+07	10	1	1
22.50000	6.54196	5.150000	400	0.01644	1.31636e+01	0.100	0.00115	0.00000e+00	8.29435e+07	10	1	1
22.50000	6.54196	5.150000	400	0.01644	1.76388e+02	0.100	0.00115	0.00000e+00	8.29435e+07	10	1	1
22.50000	6.54196	5.150000	400	0.01644	2.36354e+03	0.100	0.00115	0.00000e+00	8.29435e+07	10	1	1
22.50000	6.54196	5.150000	400	0.04070	7.33145e-02	0.220	0.00707	0.00000e+00	5.01648e+07	10	1	1
22.50000	6.54196	5.150000	400	0.04070	9.82388e-01	0.220	0.00707	0.00000e+00	5.01648e+07	10	1	1
22.50000	6.54196	5.150000	400	0.04070	1.31636e+01	0.220	0.00707	0.00000e+00	5.01648e+07	10	1	1
22.50000	6.54196	5.150000	400	0.04070	1.76388e+02	0.220	0.00707	0.00000e+00	5.01648e+07	10	1	1
22.50000	6.54196	5.150000	400	0.04070	2.36354e+03	0.220	0.00707	0.00000e+00	5.01648e+07	10	1	1
22.50000	6.54196	5.150000	400	0.05815	7.33145e-02	0.300	0.01442	0.00000e+00	2.53522e+07	10	1	1
22.50000	6.54196	5.150000	400	0.05815	9.82388e-01	0.300	0.01442	0.00000e+00	2.53522e+07	10	1	1
22.50000	6.54196	5.150000	400	0.05815	1.31636e+01	0.300	0.01442	0.00000e+00	2.53522e+07	10	1	1
22.50000	6.54196	5.150000	400	0.05815	1.76388e+02	0.300	0.01442	0.00000e+00	2.53522e+07	10	1	1
22.50000	6.54196	5.150000	400	0.05815	2.36354e+03	0.300	0.01442	0.00000e+00	2.53522e+07	10	1	1
22.50000	6.54196	5.150000	400	0.14646	7.33145e-02	0.550	0.09151	0.00000e+00	3.61728e+06	10	1	1
22.50000	6.54196	5.150000	400	0.14646	9.82388e-01	0.550	0.09151	0.00000e+00	3.61728e+06	10	1	1
22.50000	6.54196	5.150000	400	0.14646	1.31636e+01	0.550	0.09151	0.00000e+00	3.61728e+06	10	1	1
22.50000	6.54196	5.150000	400	0.14646	1.76388e+02	0.550	0.09151	0.00000e+00	3.61728e+06	10	1	1
22.50000	6.54196	5.150000	400	0.14646	2.36354e+03	0.550	0.09151	0.00000e+00	3.61728e+06	10	1	1
22.50000	6.54196	5.150000	400	0.48417	7.33145e-02	1.000	1.00000	0.00000e+00	3.13182e+05	10	1	1
22.50000	6.54196	5.150000	400	0.48417	9.82388e-01	1.000	1.00000	0.00000e+00	3.13182e+05	10	1	1
22.50000	6.54196	5.150000	400	0.48417	1.31636e+01	1.000	1.00000	0.00000e+00	3.13182e+05	10	1	1
22.50000	6.54196	5.150000	400	0.48417	1.76388e+02	1.000	1.00000	0.00000e+00	3.13182e+05	10	1	1
22.50000	6.54196	5.150000	400	0.48417	2.36354e+03	1.000	1.00000	0.00000e+00	3.13182e+05	10	1	1
22.50000	6.54196	5.150000	675	0.00577	7.33145e-02	0.100	0.00115	3.65607e+04	6.72865e+09	1	0	0
22.50000	6.54196	5.150000	675	0.00577	9.82388e-01	0.100	0.00115	4.60364e+05	6.72865e+09	1	0	0
22.50000	6.54196	5.150000	675	0.00577	1.31636e+01	0.100	0.00115	4.65884e+06	6.72865e+09	1	0	0
22.50000	6.54196	5.150000	675	0.00577	1.76388e+02	0.100	0.00115	0.00000e+00	6.72865e+09	10	1	1
22.50000	6.54196	5.150000	675	0.00577	2.36354e+03	0.100	0.00115	0.00000e+00	6.72865e+09	10	1	1
22.50000	6.54196	5.150000	675	0.01429	7.33145e-02	0.220	0.00707	0.00000e+00	7.74530e+08	10	1	1
22.50000	6.54196	5.150000	675	0.01429	9.82388e-01	0.220	0.00707	0.00000e+00	7.74530e+08	10	1	1
22.50000	6.54196	5.150000	675	0.01429	1.31636e+01	0.220	0.00707	0.00000e+00	7.74530e+08	10	1	1
22.50000	6.54196	5.150000	675	0.01429	1.76388e+02	0.220	0.00707	0.00000e+00	7.74530e+08	10	1	1
22.50000	6.54196	5.150000	675	0.01429	2.36354e+03	0.220	0.00707	0.00000e+00	7.74530e+08	10	1	1
22.50000	6.54196	5.150000	675	0.02042	7.33145e-02	0.300	0.01442	0.00000e+00	3.21224e+08	10	1	1
22.50000	6.54196	5.150000	675	0.02042	9.82388e-01	0.300	0.01442	0.00000e+00	3.21224e+08	10	1	1
22.50000	6.54196	5.150000	675	0.02042	1.31636e+01	0.300	0.01442	0.00000e+00	3.21224e+08	10	1	1
22.50000	6.54196	5.150000	675	0.02042	1.76388e+02	0.300	0.01442	0.00000e+00	3.21224e+08	10	1	1
22.50000	6.54196	5.150000	675	0.02042	2.36354e+03	0.300	0.01442	0.00000e+00	3.21224e+08	10	1	1
22.50000	6.54196	5.150000	675	0.05143	7.33145e-02	0.550	0.09151	0.00000e+00	3.51254e+07	10	1	1
22.50000	6.54196	5.150000	675	0.05143	9.82388e-01	0.550	0.09151	0.00000e+00	3.51254e+07	10	1	1
22.50000	6.54196	5.150000	675	0.05143	1.31636e+01	0.550	0.09151	0.00000e+00	3.51254e+07	10	1	1
22.50000	6.54196	5.150000	675	0.05143	1.76388e+02	0.550	0.09151	0.00000e+00	3.51254e+07	10	1	1
22.50000	6.54196	5.150000	675	0.05143	2.36354e+03	0.550	0.09151	0.00000e+00	3.51254e+07	10	1	1
22.50000	6.54196	5.150000	675	0.17002	7.33145e-02	1.000	1.00000	0.00000e+00	2.69663e+06	10	1	1
22.50000	6.54196	5.150000	675	0.17002	9.82388e-01	1.000	1.00000	0.00000e+00	2.69663e+06	10	1	1
22.50000	6.54196	5.150000	675	0.17002	1.31636e+01	1.000	1.00000	0.00000e+00	2.69663e+06	10	1	1
22.50000	6.54196	5.150000	675	0.17002	1.76388e+02	1.000	1.00000	0.00000e+00	2.69663e+06	10	1	1
22.50000	6.54196	5.150000	675	0.17002	2.36354e+03	1.000	1.00000	0.00000e+00	2.69663e+06	10	1	1
22.50000	6.54196	5.150000	950	0.00291	7.33145e-02	0.100	0.00115	0.00000e+00	2.66663e+09	10	1	1
22.50000	6.54196	5.150000	950	0.00291	9.82388e-01	0.100	0.00115	0.00000e+00	2.66663e+09	10	1	1
22.50000	6.54196	5.150000	950	0.00291	1.31636e+01	0.100	0.00115	0.00000e+00	2.66663e+09	10	1	1
22.50000	6.54196	5.150000	950	0.00291	1.76388e+02	0.100	0.00115	0.00000e+00	2.66663e+09	10	1	1
22.50000	6.54196	5.150000	950	0.00291	2.36354e+03	0.100	0.00115	0.00000e+00	2.66663e+09	10	1	1
22.50000	6.54196	5.150000	950	0.00722	7.33145e-02	0.220	0.00707	3.65607e+04	2.92235e+10	1	0	0
22.50000	6.54196	5.150000	950	0.00722	9.82388e-01	0.220	0.00707	4.60364e+05	2.92235e+10	1	0	0
22.50000	6.54196	5.150000	950	0.00722	1.31636e+01	0.220	0.00707	4.65884e+06	2.92235e+10	1	0	0
22.50000	6.54196	5.150000	950	0.00722	1.76388e+02	0.220	0.00707	0.00000e+00	2.92235e+10	10	1	1
22.50000	6.54196	5.150000	950	0.00722	2.36354e+03	0.220	0.00707	0.00000e+00	2.92235e+10	10	1	1
22.50000	6.54196	5.150000	950	0.01031	7.33145e-02	0.300	0.01442	3.65607e+04	3.94095e+09	1	0	0
22.50000	6.54196	5.150000	950	0.01031	9.82388e-01	0.300	0.01442	4.60364e+05	3.94095e+09	1	0	0
22.50000	6.54196	5.150000	950	0.01031	1.31636e+01	0.300	0.01442	4.65884e+06	3.94095e+09	1	0	0
22.50000	6.54196	5.150000	950	0.01031	1.76388e+02	0.300	0.01442	0.00000e+00	3.94095e+09	10	1	1
22.50000	6.54196	5.150000	950	0.01031	2.36354e+03	0.300	0.01442	0.00000e+00	3.94095e+09	10	1	1
22.50000	6.54196	5.150000	950	0.02597	7.33145e-02	0.550	0.09151	6.83457e+03	1.92740e+08	0	0	0
22.50000	6.54196	5.150000	950	0.02597	9.82388e-01	0.550	0.09151	6.94200e+04	1.92740e+08	0	0	0
22.50000	6.54196	5.150000	950	0.02597	1.31636e+01	0.550	0.09151	4.93214e+05	1.92740e+08	0	0	0
22.50000	6.54196	5.150000	950	0.02597	1.76388e+02	0.550	0.09151	3.87363e+06	1.92740e+08	0	0	0
22.50000	6.54196	5.150000	950	0.02597	2.36354e+03	0.550	0.09151	4.22361e+07	1.92740e+08	0	0	0
22.50000	6.54196	5.150000	950	0.08584	7.33145e-02	1.000	1.00000	0.00000e+00	1.16636e+07	10	1	1
22.50000	6.54196	5.150000	950	0.08584	9.82388e-01	1.000	1.00000	0.00000e+00	1.16636e+07	10	1	1
22.50000	6.54196	5.150000	950	0.08584	1.31636e+01	1.000	1.00000	0.00000e+00	1.16636e+07	10	1	1
22.50000	6.54196	5.150000	950	0.08584	1.76388e+02	1.000	1.00000	0.00000e+00	1.16636e+07	10	1	1
22.50000	6.54196	5.150000	950	0.08584	2.36354e+03	1.000	1.00000	0.00000e+00	1.16636e+07	10	1	1
22.50000	6.54196	5.150000	1225	0.00175	7.33145e-02	0.100	0.00115	0.00000e+00	7.17937e+08	10	1	1
22.50000	6.54196	5.150000	1225	0.00175	9.82388e-01	0.100	0.00115	0.00000e+00	7.17937e+08	10	1	1
22.50000	6.54196	5.150000	1225	0.00175	1.31636e+01	0.100	0.00115	0.00000e+00	7.17937e+08	10	1	1
22.50000	6.54196	5.150000	1225	0.00175	1.76388e+02	0.100	0.00115	0.00000e+00	7.17937e+08	10	1	1
22.50000	6.54196	5.150000	1225	0.00175	2.36354e+03	0.100	0.00115	0.00000e+00	7.17937e+08	10	1	1
22.50000	6.54196	5.150000	1225	0.00434	7.33145e-02	0.220	0.00707	0.00000e+00	1.46464e+10	10	1	1
22.50000	6.54196	5.150000	1225	0.00434	9.82388e-01	0.220	0.00707	0.00000e+00	1.46464e+10	10	1	1
22.50000	6.54196	5.150000	1225	0.00434	1.31636e+01	0.220	0.00707	0.00000e+00	1.46464e+10	10	1	1
22.50000	6.54196	5.150000	1225	0.00434	1.76388e+02	0.220	0.00707	0.00000e+00	1.46464e+10	10	1	1
22.50000	6.54196	5.150000	1225	0.00434	2.36354e+03	0.220	0.00707	0.00000e+00	1.46464e+10	10	1	1
22.50000	6.54196	5.150000	1225	0.00620	7.33145e-02	0.300	0.01442	3.65607e+04	2.74577e+11	1	0	0
22.50000	6.54196	5.150000	1225	0.00620	9.82388e-01	0.300	0.01442	4.60364e+05	2.74577e+11	1	0	0
22.50000	6.54196	5.150000	1225	0.00620	1.31636e+01	0.300	0.01442	4.65884e+06	2.74577e+11	1	0	0
22.50000	6.54196	5.150000	1225	0.00620	1.76388e+02	0.300	0.01442	4.43516e+07	2.74577e+11	1	0	0
22.50000	6.54196	5.150000	1225	0.00620	2.36354e+03	0.300	0.01442	0.00000e+00	2.74577e+11	10	1	1
22.50000	6.54196	5.150000	1225	0.01562	7.33145e-02	0.550	0.09151	0.00000e+00	9.98374e+08	10	1	1
22.50000	6.54196	5.150000	1225	0.01562	9.82388e-01	0.550	0.09151	4.60364e+05	9.98374e+08	1	0	0
22.50000	6.54196	5.150000	1225	0.01562	1.31636e+01	0.550	0.09151	4.65884e+06	9.98374e+08	1	0	0
22.50000	6.54196	5.150000	1225	0.01562	1.76388e+02	0.550	0.09151	0.00000e+00	9.98374e+08	10	1	1
22.50000	6.54196	5.150000	1225	0.01562	2.36354e+03	0.550	0.09151	0.00000e+00	9.98374e+08	10	1	1
22.50000	6.54196	5.150000	1225	0.05162	7.33145e-02	1.000	1.00000	0.00000e+00	3.72707e+07	10	1	1
22.50000	6.54196	5.150000	1225	0.05162	9.82388e-01	1.000	1.00000	0.00000e+00	3.72707e+07	10	1	1
22.50000	6.54196	5.150000	1225	0.05162	1.31636e+01	1.000	1.00000	0.00000e+00	3.72707e+07	10	1	1
22.50000	6.54196	5.150000	1225	0.05162	1.76388e+02	1.000	1.00000	0.00000e+00	3.72707e+07	10	1	1
22.50000	6.54196	5.150000	1225	0.05162	2.36354e+03	1.000	1.00000	0.00000e+00	3.72707e+07	10	1	1
22.50000	6.54196	5.150000	1500	0.00117	7.33145e-02	0.100	0.00115	0.00000e+00	3.84631e+08	10	1	1
22.50000	6.54196	5.150000	1500	0.00117	9.82388e-01	0.100	0.00115	0.00000e+00	3.84631e+08	10	1	1
22.50000	6.54196	5.150000	1500	0.00117	1.31636e+01	0.100	0.00115	0.00000e+00	3.84631e+08	10	1	1
22.50000	6.54196	5.150000	1500	0.00117	1.76388e+02	0.100	0.00115	0.00000e+00	3.84631e+08	10	1	1
22.50000	6.54196	5.150000	1500	0.00117	2.36354e+03	0.100	0.00115	0.00000e+00	3.84631e+08	10	1	1
22.50000	6.54196	5.150000	1500	0.00289	7.33145e-02	0.220	0.00707	0.00000e+00	3.40287e+09	10	1	1
22.50000	6.54196	5.150000	1500	0.00289	9.82388e-01	0.220	0.00707	0.00000e+00	3.40287e+09	10	1	1
22.50000	6.54196	5.150000	1500	0.00289	1.31636e+01	0.220	0.00707	0.00000e+00	3.40287e+09	10	1	1
22.50000	6.54196	5.150000	1500	0.00289	1.76388e+02	0.220	0.00707	0.00000e+00	3.40287e+09	10	1	1
22.50000	6.54196	5.150000	1500	0.00289	2.36354e+03	0.220	0.00707	0.00000e+00	3.40287e+09	10	1	1
22.50000	6.54196	5.150000	1500	0.00414	7.33145e-02	0.300	0.01442	0.00000e+00	6.45083e+09	10	1	1
22.50000	6.54196	5.150000	1500	0.00414	9.82388e-01	0.300	0.01442	0.00000e+00	6.45083e+09	10	1	1
22.50000	6.54196	5.150000	1500	0.00414	1.31636e+01	0.300	0.01442	0.00000e+00	6.45083e+09	10	1	1
22.50000	6.54196	5.150000	1500	0.00414	1.76388e+02	0.300	0.01442	0.00000e+00	6.45083e+09	10	1	1
22.50000	6.54196	5.150000	1500	0.00414	2.36354e+03	0.300	0.01442	0.00000e+00	6.45083e+09	10	1	1
22.50000	6.54196	5.150000	1500	0.01041	7.33145e-02	0.550	0.09151	3.65607e+04	9.49495e+09	1	0	0
22.50000	6.54196	5.150000	1500	0.01041	9.82388e-01	0.550	0.09151	4.60364e+05	9.49495e+09	1	0	0
22.50000	6.54196	5.150000	1500	0.01041	1.31636e+01	0.550	0.09151	4.65884e+06	9.49495e+09	1	0	0
22.50000	6.54196	5.150000	1500	0.01041	1.76388e+02	0.550	0.09151	0.00000e+00	9.49495e+09	10	1	1
22.50000	6.54196	5.150000	1500	0.01041	2.36354e+03	0.550	0.09151	0.00000e+00	9.49495e+09	10	1	1
22.50000	6.54196	5.150000	1500	0.03443	7.33145e-02	1.000	1.00000	0.00000e+00	1.03241e+08	10	1	1
22.50000	6.54196	5.150000	1500	0.03443	9.82388e-01	1.000	1.00000	0.00000e+00	1.03241e+08	10	1	1
22.50000	6.54196	5.150000	1500	0.03443	1.31636e+01	1.000	1.00000	0.00000e+00	1.03241e+08	10	1	1
22.50000	6.54196	5.150000	1500	0.03443	1.76388e+02	1.000	1.00000	0.00000e+00	1.03241e+08	10	1	1
22.50000	6.54196	5.150000	1500	0.03443	2.36354e+03	1.000	1.00000	0.00000e+00	1.03241e+08	10	1	1
22.50000	5.51750	7.240000	400	0.01644	7.33145e-02	0.100	0.00115	0.00000e+00	3.80414e+07	10	1	1
22.50000	5.51750	7.240000	400	0.01644	9.82388e-01	0.100	0.00115	3.89633e+03	3.80414e+07	0	0	0
22.50000	5.51750	7.240000	400	0.01644	1.31636e+01	0.100	0.00115	4.10246e+04	3.80414e+07	0	0	0
22.50000	5.51750	7.240000	400	0.01644	1.76388e+02	0.100	0.00115	5.98791e+05	3.80414e+07	0	0	0
22.50000	5.51750	7.240000	400	0.01644	2.36354e+03	0.100	0.00115	9.88344e+06	3.80414e+07	0	0	0
22.50000	5.51750	7.240000	400	0.04070	7.33145e-02	0.220	0.00707	1.16207e+01	2.43315e+07	0	0	0
22.50000	5.51750	7.240000	400	0.04070	9.82388e-01	0.220	0.00707	2.58090e+02	2.43315e+07	0	0	0
22.50000	5.51750	7.240000	400	0.04070	1.31636e+01	0.220	0.00707	5.62652e+03	2.43315e+07	0	0	0
22.50000	5.51750	7.240000	400	0.04070	1.76388e+02	0.220	0.00707	1.23709e+05	2.43315e+07	0	0	0
22.50000	5.51750	7.240000	400	0.04070	2.36354e+03	0.220	0.00707	3.09667e+06	2.43315e+07	0	0	0
22.50000	5.51750	7.240000	400	0.05815	7.33145e-02	0.300	0.01442	4.42548e+00	1.24323e+07	0	0	0
22.50000	5.51750	7.240000	400	0.05815	9.82388e-01	0.300	0.01442	1.29405e+02	1.24323e+07	0	0	0
22.50000	5.51750	7.240000	400	0.05815	1.31636e+01	0.300	0.01442	3.37051e+03	1.24323e+07	0	0	0
22.50000	5.51750	7.240000	400	0.05815	1.76388e+02	0.300	0.01442	8.29513e+04	1.24323e+07	0	0	0
22.50000	5.51750	7.240000	400	0.05815	2.36354e+03	0.300	0.01442	2.32852e+06	1.24323e+07	0	0	0
22.50000	5.51750	7.240000	400	0.14646	7.33145e-02	0.550	0.09151	0.00000e+00	1.80482e+06	10	1	1
22.50000	5.51750	7.240000	400	0.14646	9.82388e-01	0.550	0.09151	0.00000e+00	1.80482e+06	10	1	1
22.50000	5.51750	7.240000	400	0.14646	1.31636e+01	0.550	0.09151	0.00000e+00	1.80482e+06	10	1	1
22.50000	5.51750	7.240000	400	0.14646	1.76388e+02	0.550	0.09151	0.00000e+00	1.80482e+06	10	1	1
22.50000	5.51750	7.240000	400	0.14646	2.36354e+03	0.550	0.09151	0.00000e+00	1.80482e+06	10	1	1
22.50000	5.51750	7.240000	400	0.48417	7.33145e-02	1.000	1.00000	0.00000e+00	1.57686e+05	10	1	1
22.50000	5.51750	7.240000	400	0.48417	9.82388e-01	1.000	1.00000	1.92334e+01	1.57686e+05	0	0	0
22.50000	5.51750	7.240000	400	0.48417	1.31636e+01	1.000	1.00000	9.61409e+02	1.57686e+05	0	0	0
22.50000	5.51750	7.240000	400	0.48417	1.76388e+02	1.000	1.00000	3.30065e+04	1.57686e+05	0	0	0
22.50000	5.51750	7.240000	400	0.48417	2.36354e+03	1.000	1.00000	1.26969e+06	1.57686e+05	0	0	0
22.50000	5.51750	7.240000	675	0.00577	7.33145e-02	0.100	0.00115	0.00000e+00	1.38506e+09	10	1	1
22.50000	5.51750	7.240000	675	0.00577	9.82388e-01	0.100	0.00115	0.00000e+00	1.38506e+09	10	1	1
22.50000	5.51750	7.240000	675	0.00577	1.31636e+01	0.100	0.00115	0.00000e+00	1.38506e+09	10	1	1
22.50000	5.51750	7.240000	675	0.00577	1.76388e+02	0.100	0.00115	0.00000e+00	1.38506e+09	10	1	1
22.50000	5.51750	7.240000	675	0.00577	2.36354e+03	0.100	0.00115	0.00000e+00	1.38506e+09	10	1	1
22.50000	5.51750	7.240000	675	0.01429	7.33145e-02	0.220	0.00707	0.00000e+00	3.25705e+08	10	1	1
22.50000	5.51750	7.240000	675	0.01429	9.82388e-01	0.220	0.00707	4.07655e+04	3.25705e+08	0	0	0
22.50000	5.51750	7.240000	675	0.01429	1.31636e+01	0.220	0.00707	3.07015e+05	3.25705e+08	0	0	0
22.50000	5.51750	7.240000	675	0.01429	1.76388e+02	0.220	0.00707	2.37402e+06	3.25705e+08	0	0	0
22.50000	5.51750	7.240000	675	0.01429	2.36354e+03	0.220	0.00707	2.61170e+07	3.25705e+08	0	0	0
22.50000	5.51750	7.240000	675	0.02042	7.33145e-02	0.300	0.01442	7.69198e+02	1.43790e+08	0	0	0
22.50000	5.51750	7.240000	675	0.02042	9.82388e-01	0.300	0.01442	8.40258e+03	1.43790e+08	0	0	0
22.50000	5.51750	7.240000	675	0.02042	1.31636e+01	0.300	0.01442	7.82275e+04	1.43790e+08	0	0	0
22.50000	5.51750	7.240000	675	0.02042	1.76388e+02	0.300	0.01442	9.49190e+05	1.43790e+08	0	0	0
22.50000	5.51750	7.240000	675	0.02042	2.36354e+03	0.300	0.01442	1.38840e+07	1.43790e+08	0	0	0
22.50000	5.51750	7.240000	675	0.05143	7.33145e-02	0.550	0.09151	1.59122e+01	1.69714e+07	0	0	0
22.50000	5.51750	7.240000	675	0.05143	9.82388e-01	0.550	0.09151	3.20180e+02	1.69714e+07	0	0	0
22.50000	5.51750	7.240000	675	0.05143	1.31636e+01	0.550	0.09151	0.00000e+00	1.69714e+07	10	1	1
22.50000	5.51750	7.240000	675	0.05143	1.76388e+02	0.550	0.09151	0.00000e+00	1.69714e+07	10	1	1
22.50000	5.51750	7.240000	675	0.05143	2.36354e+03	0.550	0.09151	3.40076e+06	1.69714e+07	0	0	0
22.50000	5.51750	7.240000	675	0.17002	7.33145e-02	1.000	1.00000	1.07920e+00	1.34442e+06	0	0	0
22.50000	5.51750	7.240000	675	0.17002	9.82388e-01	1.000	1.00000	3.82060e+01	1.34442e+06	0	0	0
22.50000	5.51750	7.240000	675	0.17002	1.31636e+01	1.000	1.00000	1.50093e+03	1.34442e+06	0	0	0
22.50000	5.51750	7.240000	675	0.17002	1.76388e+02	1.000	1.00000	4.53080e+04	1.34442e+06	0	0	0
22.50000	5.51750	7.240000	675	0.17002	2.36354e+03	1.000	1.00000	1.53828e+06	1.34442e+06	0	0	0
22.50000	5.51750	7.240000	950	0.00291	7.33145e-02	0.100	0.00115	0.00000e+00	4.45923e+09	10	1	1
22.50000	5.51750	7.240000	950	0.00291	9.82388e-01	0.100	0.00115	0.00000e+00	4.45923e+09	10	1	1
22.50000	5.51750	7.240000	950	0.00291	1.31636e+01	0.100	0.00115	0.00000e+00	4.45923e+09	10	1	1
22.50000	5.51750	7.240000	950	0.00291	1.76388e+02	0.100	0.00115	0.00000e+00	4.45923e+09	10	1	1
22.50000	5.51750	7.240000	950	0.00291	2.36354e+03	0.100	0.00115	0.00000e+00	4.45923e+09	10	1	1
22.50000	5.51750	7.240000	950	0.00722	7.33145e-02	0.220	0.00707	0.00000e+00	5.09345e+09	10	1	1
22.50000	5.51750	7.240000	950	0.00722	9.82388e-01	0.220	0.00707	0.00000e+00	5.09345e+09	10	1	1
22.50000	5.51750	7.240000	950	0.00722	1.31636e+01	0.220	0.00707	0.00000e+00	5.09345e+09	10	1	1
22.50000	5.51750	7.240000	950	0.00722	1.76388e+02	0.220	0.00707	0.00000e+00	5.09345e+09	10	1	1
22.50000	5.51750	7.240000	950	0.00722	2.36354e+03	0.220	0.00707	0.00000e+00	5.09345e+09	10	1	1
22.50000	5.51750	7.240000	950	0.01031	7.33145e-02	0.300	0.01442	2.96048e+04	1.26523e+09	0	0	0
22.50000	5.51750	7.240000	950	0.01031	9.82388e-01	0.300	0.01442	3.64458e+05	1.26523e+09	0	0	0
22.50000	5.51750	7.240000	950	0.01031	1.31636e+01	0.300	0.01442	3.59500e+06	1.26523e+09	0	0	0
22.50000	5.51750	7.240000	950	0.01031	1.76388e+02	0.300	0.01442	1.99737e+07	1.26523e+09	0	0	0
22.50000	5.51750	7.240000	950	0.01031	2.36354e+03	0.300	0.01442	7.66331e+07	1.26523e+09	0	0	0
22.50000	5.51750	7.240000	950	0.02597	7.33145e-02	0.550	0.09151	0.00000e+00	8.68729e+07	10	1	1
22.50000	5.51750	7.240000	950	0.02597	9.82388e-01	0.550	0.09151	1.08183e+04	8.68729e+07	1	0	0
22.50000	5.51750	7.240000	950	0.02597	1.31636e+01	0.550	0.09151	6.49235e+04	8.68729e+07	0	0	0
22.50000	5.51750	7.240000	950	0.02597	1.76388e+02	0.550	0.09151	8.32988e+05	8.68729e+07	0	0	0
22.50000	5.51750	7.240000	950	0.02597	2.36354e+03	0.550	0.09151	1.26234e+07	8.68729e+07	0	0	0
22.50000	5.51750	7.240000	950	0.08584	7.33145e-02	1.000	1.00000	4.55740e+00	5.71715e+06	0	0	0
22.50000	5.51750	7.240000	950	0.08584	9.82388e-01	1.000	1.00000	1.32289e+02	5.71715e+06	0	0	0
22.50000	5.51750	7.240000	950	0.08584	1.31636e+01	1.000	1.00000	3.42456e+03	5.71715e+06	0	0	0
22.50000	5.51750	7.240000	950	0.08584	1.76388e+02	1.000	1.00000	8.39874e+04	5.71715e+06	0	0	0
22.50000	5.51750	7.240000	950	0.08584	2.36354e+03	1.000	1.00000	2.34979e+06	5.71715e+06	0	0	0
22.50000	5.51750	7.240000	1225	0.00175	7.33145e-02	0.100	0.00115	0.00000e+00	7.15433e+08	10	1	1
22.50000	5.51750	7.240000	1225	0.00175	9.82388e-01	0.100	0.00115	0.00000e+00	7.15433e+08	10	1	1
22.50000	5.51750	7.240000	1225	0.00175	1.31636e+01	0.100	0.00115	0.00000e+00	7.15433e+08	10	1	1
22.50000	5.51750	7.240000	1225	0.00175	1.76388e+02	0.100	0.00115	0.00000e+00	7.15433e+08	10	1	1
22.50000	5.51750	7.240000	1225	0.00175	2.36354e+03	0.100	0.00115	0.00000e+00	7.15433e+08	10	1	1
22.50000	5.51750	7.240000	1225	0.00434	7.33145e-02	0.220	0.00707	0.00000e+00	4.39583e+10	10	1	1
22.50000	5.51750	7.240000	1225	0.00434	9.82388e-01	0.220	0.00707	0.00000e+00	4.39583e+10	10	1	1
22.50000	5.51750	7.240000	1225	0.00434	1.31636e+01	0.220	0.00707	0.00000e+00	4.39583e+10	10	1	1
22.50000	5.51750	7.240000	1225	0.00434	1.76388e+02	0.220	0.00707	0.00000e+00	4.39583e+10	10	1	1
22.50000	5.51750	7.240000	1225	0.00434	2.36354e+03	0.220	0.00707	0.00000e+00	4.39583e+10	10	1	1
22.50000	5.51750	7.240000	1225	0.00620	7.33145e-02	0.300	0.01442	0.00000e+00	6.37673e+10	10	1	1
22.50000	5.51750	7.240000	1225	0.00620	9.82388e-01	0.300	0.01442	0.00000e+00	6.37673e+10	10	1	1
22.50000	5.51750	7.240000	1225	0.00620	1.31636e+01	0.300	0.01442	0.00000e+00	6.37673e+10	10	1	1
22.50000	5.51750	7.240000	1225	0.00620	1.76388e+02	0.300	0.01442	0.00000e+00	6.37673e+10	10	1	1
22.50000	5.51750	7.240000	1225	0.00620	2.36354e+03	0.300	0.01442	0.00000e+00	6.37673e+10	10	1	1
22.50000	5.51750	7.240000	1225	0.01562	7.33145e-02	0.550	0.09151	0.00000e+00	3.82359e+08	10	1	1
22.50000	5.51750	7.240000	1225	0.01562	9.82388e-01	0.550	0.09151	1.58686e+05	3.82359e+08	0	0	0
22.50000	5.51750	7.240000	1225	0.01562	1.31636e+01	0.550	0.09151	1.34132e+06	3.82359e+08	0	0	0
22.50000	5.51750	7.240000	1225	0.01562	1.76388e+02	0.550	0.09151	6.23204e+06	3.82359e+08	0	0	0
22.50000	5.51750	7.240000	1225	0.01562	2.36354e+03	0.550	0.09151	0.00000e+00	3.82359e+08	10	1	1
22.50000	5.51750	7.240000	1225	0.05162	7.33145e-02	1.000	1.00000	4.27605e+01	1.77782e+07	0	0	0
22.50000	5.51750	7.240000	1225	0.05162	9.82388e-01	1.000	1.00000	6.40353e+02	1.77782e+07	0	0	0
22.50000	5.51750	7.240000	1225	0.05162	1.31636e+01	1.000	1.00000	1.10236e+04	1.77782e+07	0	0	0
22.50000	5.51750	7.240000	1225	0.05162	1.76388e+02	1.000	1.00000	2.13119e+05	1.77782e+07	0	0	0
22.50000	5.51750	7.240000	1225	0.05162	2.36354e+03	1.000	1.00000	4.60054e+06	1.77782e+07	0	0	0
22.50000	5.51750	7.240000	1500	0.00117	7.33145e-02	0.100	0.00115	0.00000e+00	3.48096e+08	10	1	1
22.50000	5.51750	7.240000	1500	0.00117	9.82388e-01	0.100	0.00115	0.00000e+00	3.48096e+08	10	1	1
22.50000	5.51750	7.240000	1500	0.00117	1.31636e+01	0.100	0.00115	0.00000e+00	3.48096e+08	10	1	1
22.50000	5.51750	7.240000	1500	0.00117	1.76388e+02	0.100	0.00115	0.00000e+00	3.48096e+08	10	1	1
22.50000	5.51750	7.240000	1500	0.00117	2.36354e+03	0.100	0.00115	0.00000e+00	3.48096e+08	10	1	1
22.50000	5.51750	7.240000	1500	0.00289	7.33145e-02	0.220	0.00707	0.00000e+00	3.86534e+09	10	1	1
22.50000	5.51750	7.240000	1500	0.00289	9.82388e-01	0.220	0.00707	0.00000e+00	3.86534e+09	10	1	1
22.50000	5.51750	7.240000	1500	0.00289	1.31636e+01	0.220	0.00707	0.00000e+00	3.86534e+09	10	1	1
22.50000	5.51750	7.240000	1500	0.00289	1.76388e+02	0.220	0.00707	0.00000e+00	3.86534e+09	10	1	1
22.50000	5.51750	7.240000	1500	0.00289	2.36354e+03	0.220	0.00707	0.00000e+00	3.86534e+09	10	1	1
22.50000	5.51750	7.240000	1500	0.00414	7.33145e-02	0.300	0.01442	0.00000e+00	1.03609e+10	10	1	1
22.50000	5.51750	7.240000	1500	0.00414	9.82388e-01	0.300	0.01442	0.00000e+00	1.03609e+10	10	1	1
22.50000	5.51750	7.240000	1500	0.00414	1.31636e+01	0.300	0.01442	0.00000e+00	1.03609e+10	10	1	1
22.50000	5.51750	7.240000	1500	0.00414	1.76388e+02	0.300	0.01442	0.00000e+00	1.03609e+10	10	1	1
22.50000	5.51750	7.240000	1500	0.00414	2.36354e+03	0.300	0.01442	0.00000e+00	1.03609e+10	10	1	1
22.50000	5.51750	7.240000	1500	0.01041	7.33145e-02	0.550	0.09151	8.23758e+04	2.10391e+09	1	0	0
22.50000	5.51750	7.240000	1500	0.01041	9.82388e-01	0.550	0.09151	6.72634e+05	2.10391e+09	1	0	0
22.50000	5.51750	7.240000	1500	0.01041	1.31636e+01	0.550	0.09151	8.04499e+06	2.10391e+09	1	0	0
22.50000	5.51750	7.240000	1500	0.01041	1.76388e+02	0.550	0.09151	5.18476e+07	2.10391e+09	0	0	0
22.50000	5.51750	7.240000	1500	0.01041	2.36354e+03	0.550	0.09151	1.34129e+08	2.10391e+09	0	0	0
22.50000	5.51750	7.240000	1500	0.03443	7.33145e-02	1.000	1.00000	3.94171e+02	4.71572e+07	0	0	0
22.50000	5.51750	7.240000	1500	0.03443	9.82388e-01	1.000	1.00000	4.34572e+03	4.71572e+07	0	0	0
22.50000	5.51750	7.240000	1500	0.03443	1.31636e+01	1.000	1.00000	4.47588e+04	4.71572e+07	0	0	0
22.50000	5.51750	7.240000	1500	0.03443	1.76388e+02	1.000	1.00000	6.38620e+05	4.71572e+07	0	0	0
22.50000	5.51750	7.240000	1500	0.03443	2.36354e+03	1.000	1.00000	1.03770e+07	4.71572e+07	0	0	0
22.50000	3.96778	14.000000	400	0.01644	7.33145e-02	0.100	0.00115	1.00339e-02	8.88277e+06	0	0	0
22.50000	3.96778	14.000000	400	0.01644	9.82388e-01	0.100	0.00115	7.80141e-01	8.88277e+06	0	0	0
22.50000	3.96778	14.000000	400	0.01644	1.31636e+01	0.100	0.00115	5.66523e+01	8.88277e+06	0	0	0
22.50000	3.96778	14.000000	400	0.01644	1.76388e+02	0.100	0.00115	2.29601e+03	8.88277e+06	0	0	0
22.50000	3.96778	14.000000	400	0.01644	2.36354e+03	0.100	0.00115	0.00000e+00	8.88277e+06	10	1	1
22.50000	3.96778	14.000000	400	0.04070	7.33145e-02	0.220	0.00707	0.00000e+00	6.12102e+06	10	1	1
22.50000	3.96778	14.000000	400	0.04070	9.82388e-01	0.220	0.00707	0.00000e+00	6.12102e+06	10	1	1
22.50000	3.96778	14.000000	400	0.04070	1.31636e+01	0.220	0.00707	3.06141e+07	6.12102e+06	1	0	0
22.50000	3.96778	14.000000	400	0.04070	1.76388e+02	0.220	0.00707	0.00000e+00	6.12102e+06	10	1	1
22.50000	3.96778	14.000000	400	0.04070	2.36354e+03	0.220	0.00707	0.00000e+00	6.12102e+06	10	1	1
22.50000	3.96778	14.000000	400	0.05815	7.33145e-02	0.300	0.01442	0.00000e+00	3.17609e+06	10	1	1
22.50000	3.96778	14.000000	400	0.05815	9.82388e-01	0.300	0.01442	0.00000e+00	3.17609e+06	10	1	1
22.50000	3.96778	14.000000	400	0.05815	1.31636e+01	0.300	0.01442	1.63868e+00	3.17609e+06	0	0	0
22.50000	3.96778	14.000000	400	0.05815	1.76388e+02	0.300	0.01442	2.08228e+02	3.17609e+06	0	0	0
22.50000	3.96778	14.000000	400	0.05815	2.36354e+03	0.300	0.01442	0.00000e+00	3.17609e+06	10	1	1
22.50000	3.96778	14.000000	400	0.14646	7.33145e-02	0.550	0.09151	0.00000e+00	4.72714e+05	10	1	1
22.50000	3.96778	14.000000	400	0.14646	9.82388e-01	0.550	0.09151	0.00000e+00	4.72714e+05	10	1	1
22.50000	3.96778	14.000000	400	0.14646	1.31636e+01	0.550	0.09151	0.00000e+00	4.72714e+05	10	1	1
22.50000	3.96778	14.000000	400	0.14646	1.76388e+02	0.550	0.09151	0.00000e+00	4.72714e+05	10	1	1
22.50000	3.96778	14.000000	400	0.14646	2.36354e+03	0.550	0.09151	0.00000e+00	4.72714e+05	10	1	1
22.50000	3.96778	14.000000	400	0.48417	7.33145e-02	1.000	1.00000	0.00000e+00	4.18597e+04	10	1	1
22.50000	3.96778	14.000000	400	0.48417	9.82388e-01	1.000	1.00000	0.00000e+00	4.18597e+04	10	1	1
22.50000	3.96778	14.000000	400	0.48417	1.31636e+01	1.000	1.00000	4.44567e+01	4.18597e+04	0	0	0
22.50000	3.96778	14.000000	400	0.48417	1.76388e+02	1.000	1.00000	6.41283e+01	4.18597e+04	0	0	0
22.50000	3.96778	14.000000	400	0.48417	2.36354e+03	1.000	1.00000	0.00000e+00	4.18597e+04	10	1	1
22.50000	3.96778	14.000000	675	0.00577	7.33145e-02	0.100	0.00115	5.00064e+03	1.61753e+08	0	0	0
22.50000	3.96778	14.000000	675	0.00577	9.82388e-01	0.100	0.00115	6.02327e+04	1.61753e+08	0	0	0
22.50000	3.96778	14.000000	675	0.00577	1.31636e+01	0.100	0.00115	5.41726e+05	1.61753e+08	0	0	0
22.50000	3.96778	14.000000	675	0.00577	1.76388e+02	0.100	0.00115	2.75834e+06	1.61753e+08	0	0	0
22.50000	3.96778	14.000000	675	0.00577	2.36354e+03	0.100	0.00115	1.94880e+07	1.61753e+08	0	0	0
22.50000	3.96778	14.000000	675	0.01429	7.33145e-02	0.220	0.00707	2.40595e+00	6.84643e+07	0	0	0
22.50000	3.96778	14.000000	675	0.01429	9.82388e-01	0.220	0.00707	5.32807e+01	6.84643e+07	0	0	0
22.50000	3.96778	14.000000	675	0.01429	1.31636e+01	0.220	0.00707	1.25467e+03	6.84643e+07	0	0	0
22.50000	3.96778	14.000000	675	0.01429	1.76388e+02	0.220	0.00707	2.86839e+04	6.84643e+07	0	0	0
22.50000	3.96778	14.000000	675	0.01429	2.36354e+03	0.220	0.00707	7.34003e+05	6.84643e+07	0	0	0
22.50000	3.96778	14.000000	675	0.02042	7.33145e-02	0.300	0.01442	6.52742e-02	3.25639e+07	0	0	0
22.50000	3.96778	14.000000	675	0.02042	9.82388e-01	0.300	0.01442	3.65574e+00	3.25639e+07	0	0	0
22.50000	3.96778	14.000000	675	0.02042	1.31636e+01	0.300	0.01442	1.68164e+02	3.25639e+07	0	0	0
22.50000	3.96778	14.000000	675	0.02042	1.76388e+02	0.300	0.01442	5.37154e+03	3.25639e+07	0	0	0
22.50000	3.96778	14.000000	675	0.02042	2.36354e+03	0.300	0.01442	1.86652e+05	3.25639e+07	0	0	0
22.50000	3.96778	14.000000	675	0.05143	7.33145e-02	0.550	0.09151	0.00000e+00	4.24669e+06	10	1	1
22.50000	3.96778	14.000000	675	0.05143	9.82388e-01	0.550	0.09151	0.00000e+00	4.24669e+06	10	1	1
22.50000	3.96778	14.000000	675	0.05143	1.31636e+01	0.550	0.09151	3.62814e+00	4.24669e+06	0	0	0
22.50000	3.96778	14.000000	675	0.05143	1.76388e+02	0.550	0.09151	0.00000e+00	4.24669e+06	10	1	1
22.50000	3.96778	14.000000	675	0.05143	2.36354e+03	0.550	0.09151	0.00000e+00	4.24669e+06	10	1	1
22.50000	3.96778	14.000000	675	0.17002	7.33145e-02	1.000	1.00000	0.00000e+00	3.51727e+05	10	1	1
22.50000	3.96778	14.000000	675	0.17002	9.82388e-01	1.000	1.00000	0.00000e+00	3.51727e+05	10	1	1
22.50000	3.96778	14.000000	675	0.17002	1.31636e+01	1.000	1.00000	0.00000e+00	3.51727e+05	10	1	1
22.50000	3.96778	14.000000	675	0.17002	1.76388e+02	1.000	1.00000	0.00000e+00	3.51727e+05	10	1	1
22.50000	3.96778	14.000000	675	0.17002	2.36354e+03	1.000	1.00000	0.00000e+00	3.51727e+05	10	1	1
22.50000	3.96778	14.000000	950	0.00291	7.33145e-02	0.100	0.00115	0.00000e+00	6.77163e+10	10	1	1
22.50000	3.96778	14.000000	950	0.00291	9.82388e-01	0.100	0.00115	0.00000e+00	6.77163e+10	10	1	1
22.50000	3.96778	14.000000	950	0.00291	1.31636e+01	0.100	0.00115	0.00000e+00	6.77163e+10	10	1	1
22.50000	3.96778	14.000000	950	0.00291	1.76388e+02	0.100	0.00115	0.00000e+00	6.77163e+10	10	1	1
22.50000	3.96778	14.000000	950	0.00291	2.36354e+03	0.100	0.00115	0.00000e+00	6.77163e+10	10	1	1
22.50000	3.96778	14.000000	950	0.00722	7.33145e-02	0.220	0.00707	6.58842e+03	5.42480e+08	0	0	0
22.50000	3.96778	14.000000	950	0.00722	9.82388e-01	0.220	0.00707	8.02933e+04	5.42480e+08	0	0	0
22.50000	3.96778	14.000000	950	0.00722	1.31636e+01	0.220	0.00707	7.57373e+05	5.42480e+08	0	0	0
22.50000	3.96778	14.000000	950	0.00722	1.76388e+02	0.220	0.00707	3.73153e+06	5.42480e+08	0	0	0
22.50000	3.96778	14.000000	950	0.00722	2.36354e+03	0.220	0.00707	2.26601e+07	5.42480e+08	0	0	0
22.50000	3.96778	14.000000	950	0.01031	7.33145e-02	0.300	0.01442	5.38207e+02	2.03183e+08	0	0	0
22.50000	3.96778	14.000000	950	0.01031	9.82388e-01	0.300	0.01442	6.28112e+03	2.03183e+08	0	0	0
22.50000	3.96778	14.000000	950	0.01031	1.31636e+01	0.300	0.01442	5.74712e+04	2.03183e+08	0	0	0
22.50000	3.96778	14.000000	950	0.01031	1.76388e+02	0.300	0.01442	5.48977e+05	2.03183e+08	0	0	0
22.50000	3.96778	14.000000	950	0.01031	2.36354e+03	0.300	0.01442	7.21656e+06	2.03183e+08	0	0	0
22.50000	3.96778	14.000000	950	0.02597	7.33145e-02	0.550	0.09151	3.83459e-02	1.98433e+07	0	0	0
22.50000	3.96778	14.000000	950	0.02597	9.82388e-01	0.550	0.09151	2.37247e+00	1.98433e+07	0	0	0
22.50000	3.96778	14.000000	950	0.02597	1.31636e+01	0.550	0.09151	1.24089e+02	1.98433e+07	0	0	0
22.50000	3.96778	14.000000	950	0.02597	1.76388e+02	0.550	0.09151	4.21762e+03	1.98433e+07	0	0	0
22.50000	3.96778	14.000000	950	0.02597	2.36354e+03	0.550	0.09151	1.52704e+05	1.98433e+07	0	0	0
22.50000	3.96778	14.000000	950	0.08584	7.33145e-02	1.000	1.00000	0.00000e+00	1.45966e+06	10	1	1
22.50000	3.96778	14.000000	950	0.08584	9.82388e-01	1.000	1.00000	0.00000e+00	1.45966e+06	10	1	1
22.50000	3.96778	14.000000	950	0.08584	1.31636e+01	1.000	1.00000	0.00000e+00	1.45966e+06	10	1	1
22.50000	3.96778	14.000000	950	0.08584	1.76388e+02	1.000	1.00000	0.00000e+00	1.45966e+06	10	1	1
22.50000	3.96778	14.000000	950	0.08584	2.36354e+03	1.000	1.00000	0.00000e+00	1.45966e+06	10	1	1
22.50000	3.96778	14.000000	1225	0.00175	7.33145e-02	0.100	0.00115	0.00000e+00	9.49245e+08	10	1	1
22.50000	3.96778	14.000000	1225	0.00175	9.82388e-01	0.100	0.00115	0.00000e+00	9.49245e+08	10	1	1
22.50000	3.96778	14.000000	1225	0.00175	1.31636e+01	0.100	0.00115	0.00000e+00	9.49245e+08	10	1	1
22.50000	3.96778	14.000000	1225	0.00175	1.76388e+02	0.100	0.00115	0.00000e+00	9.49245e+08	10	1	1
22.50000	3.96778	14.000000	1225	0.00175	2.36354e+03	0.100	0.00115	0.00000e+00	9.49245e+08	10	1	1
22.50000	3.96778	14.000000	1225	0.00434	7.33145e-02	0.220	0.00707	0.00000e+00	1.18405e+10	10	1	1
22.50000	3.96778	14.000000	1225	0.00434	9.82388e-01	0.220	0.00707	0.00000e+00	1.18405e+10	10	1	1
22.50000	3.96778	14.000000	1225	0.00434	1.31636e+01	0.220	0.00707	0.00000e+00	1.18405e+10	10	1	1
22.50000	3.96778	14.000000	1225	0.00434	1.76388e+02	0.220	0.00707	0.00000e+00	1.18405e+10	10	1	1
22.50000	3.96778	14.000000	1225	0.00434	2.36354e+03	0.220	0.00707	0.00000e+00	1.18405e+10	10	1	1
22.50000	3.96778	14.000000	1225	0.00620	7.33145e-02	0.300	0.01442	0.00000e+00	1.51697e+09	10	1	1
22.50000	3.96778	14.000000	1225	0.00620	9.82388e-01	0.300	0.01442	0.00000e+00	1.51697e+09	10	1	1
22.50000	3.96778	14.000000	1225	0.00620	1.31636e+01	0.300	0.01442	0.00000e+00	1.51697e+09	10	1	1
22.50000	3.96778	14.000000	1225	0.00620	1.76388e+02	0.300	0.01442	0.00000e+00	1.51697e+09	10	1	1
22.50000	3.96778	14.000000	1225	0.00620	2.36354e+03	0.300	0.01442	0.00000e+00	1.51697e+09	10	1	1
22.50000	3.96778	14.000000	1225	0.01562	7.33145e-02	0.550	0.09151	5.54265e+01	7.25811e+07	0	0	0
22.50000	3.96778	14.000000	1225	0.01562	9.82388e-01	0.550	0.09151	6.32334e+02	7.25811e+07	0	0	0
22.50000	3.96778	14.000000	1225	0.01562	1.31636e+01	0.550	0.09151	7.59988e+03	7.25811e+07	0	0	0
22.50000	3.96778	14.000000	1225	0.01562	1.76388e+02	0.550	0.09151	1.26881e+05	7.25811e+07	0	0	0
22.50000	3.96778	14.000000	1225	0.01562	2.36354e+03	0.550	0.09151	2.38859e+06	7.25811e+07	0	0	0
22.50000	3.96778	14.000000	1225	0.05162	7.33145e-02	1.000	1.00000	0.00000e+00	4.37119e+06	10	1	1
22.50000	3.96778	14.000000	1225	0.05162	9.82388e-01	1.000	1.00000	0.00000e+00	4.37119e+06	10	1	1
22.50000	3.96778	14.000000	1225	0.05162	1.31636e+01	1.000	1.00000	4.15503e+00	4.37119e+06	0	0	0
22.50000	3.96778	14.000000	1225	0.05162	1.76388e+02	1.000	1.00000	0.00000e+00	4.37119e+06	10	1	1
22.50000	3.96778	14.000000	1225	0.05162	2.36354e+03	1.000	1.00000	0.00000e+00	4.37119e+06	10	1	1
22.50000	3.96778	14.000000	1500	0.00117	7.33145e-02	0.100	0.00115	0.00000e+00	3.16196e+08	10	1	1
22.50000	3.96778	14.000000	1500	0.00117	9.82388e-01	0.100	0.00115	0.00000e+00	3.16196e+08	10	1	1
22.50000	3.96778	14.000000	1500	0.00117	1.31636e+01	0.100	0.00115	0.00000e+00	3.16196e+08	10	1	1
22.50000	3.96778	14.000000	1500	0.00117	1.76388e+02	0.100	0.00115	0.00000e+00	3.16196e+08	10	1	1
22.50000	3.96778	14.000000	1500	0.00117	2.36354e+03	0.100	0.00115	0.00000e+00	3.16196e+08	10	1	1
22.50000	3.96778	14.000000	1500	0.00289	7.33145e-02	0.220	0.00707	0.00000e+00	1.04014e+10	10	1	1
22.50000	3.96778	14.000000	1500	0.00289	9.82388e-01	0.220	0.00707	0.00000e+00	1.04014e+10	10	1	1
22.50000	3.96778	14.000000	1500	0.00289	1.31636e+01	0.220	0.00707	0.00000e+00	1.04014e+10	10	1	1
22.50000	3.96778	14.000000	1500	0.00289	1.76388e+02	0.220	0.00707	0.00000e+00	1.04014e+10	10	1	1
22.50000	3.96778	14.000000	1500	0.00289	2.36354e+03	0.220	0.00707	0.00000e+00	1.04014e+10	10	1	1
22.50000	3.96778	14.000000	1500	0.00414	7.33145e-02	0.300	0.01442	0.00000e+00	4.13085e+11	10	1	1
22.50000	3.96778	14.000000	1500	0.00414	9.82388e-01	0.300	0.01442	0.00000e+00	4.13085e+11	10	1	1
22.50000	3.96778	14.000000	1500	0.00414	1.31636e+01	0.300	0.01442	0.00000e+00	4.13085e+11	10	1	1
22.50000	3.96778	14.000000	1500	0.00414	1.76388e+02	0.300	0.01442	0.00000e+00	4.13085e+11	10	1	1
22.50000	3.96778	14.000000	1500	0.00414	2.36354e+03	0.300	0.01442	0.00000e+00	4.13085e+11	10	1	1
22.50000	3.96778	14.000000	1500	0.01041	7.33145e-02	0.550	0.09151	3.87446e+03	2.56971e+08	0	0	0
22.50000	3.96778	14.000000	1500	0.01041	9.82388e-01	0.550	0.09151	4.61293e+04	2.56971e+08	0	0	0
22.50000	3.96778	14.000000	1500	0.01041	1.31636e+01	0.550	0.09151	4.00501e+05	2.56971e+08	0	0	0
22.50000	3.96778	14.000000	1500	0.01041	1.76388e+02	0.550	0.09151	2.17432e+06	2.56971e+08	0	0	0
22.50000	3.96778	14.000000	1500	0.01041	2.36354e+03	0.550	0.09151	1.72206e+07	2.56971e+08	0	0	0
22.50000	3.96778	14.000000	1500	0.03443	7.33145e-02	1.000	1.00000	1.29217e-02	1.09540e+07	0	0	0
22.50000	3.96778	14.000000	1500	0.03443	9.82388e-01	1.000	1.00000	9.67710e-01	1.09540e+07	0	0	0
22.50000	3.96778	14.000000	1500	0.03443	1.31636e+01	1.000	1.00000	6.60757e+01	1.09540e+07	0	0	0
22.50000	3.96778	14.000000	1500	0.03443	1.76388e+02	1.000	1.00000	2.58328e+03	1.09540e+07	0	0	0
22.50000	3.96778	14.000000	1500	0.03443	2.36354e+03	1.000	1.00000	0.00000e+00	1.09540e+07	10	1	1
22.50000	2.71051	30.000000	400	0.01644	7.33145e-02	0.100	0.00115	0.00000e+00	1.75039e+06	10	1	1
22.50000	2.71051	30.000000	400	0.01644	9.82388e-01	0.100	0.00115	0.00000e+00	1.75039e+06	10	1	1
22.50000	2.71051	30.000000	400	0.01644	1.31636e+01	0.100	0.00115	0.00000e+00	1.75039e+06	10	1	1
22.50000	2.71051	30.000000	400	0.01644	1.76388e+02	0.100	0.00115	0.00000e+00	1.75039e+06	10	1	1
22.50000	2.71051	30.000000	400	0.01644	2.36354e+03	0.100	0.00115	0.00000e+00	1.75039e+06	10	1	1
22.50000	2.71051	30.000000	400	0.04070	7.33145e-02	0.220	0.00707	0.00000e+00	1.27146e+06	10	1	1
22.50000	2.71051	30.000000	400	0.04070	9.82388e-01	0.220	0.00707	0.00000e+00	1.27146e+06	10	1	1
22.50000	2.71051	30.000000	400	0.04070	1.31636e+01	0.220	0.00707	0.00000e+00	1.27146e+06	10	1	1
22.50000	2.71051	30.000000	400	0.04070	1.76388e+02	0.220	0.00707	0.00000e+00	1.27146e+06	10	1	1
22.50000	2.71051	30.000000	400	0.04070	2.36354e+03	0.220	0.00707	0.00000e+00	1.27146e+06	10	1	1
22.50000	2.71051	30.000000	400	0.05815	7.33145e-02	0.300	0.01442	0.00000e+00	6.67374e+05	10	1	1
22.50000	2.71051	30.000000	400	0.05815	9.82388e-01	0.300	0.01442	0.00000e+00	6.67374e+05	10	1	1
22.50000	2.71051	30.000000	400	0.05815	1.31636e+01	0.300	0.01442	0.00000e+00	6.67374e+05	10	1	1
22.50000	2.71051	30.000000	400	0.05815	1.76388e+02	0.300	0.01442	0.00000e+00	6.67374e+05	10	1	1
22.50000	2.71051	30.000000	400	0.05815	2.36354e+03	0.300	0.01442	0.00000e+00	6.67374e+05	10	1	1
22.50000	2.71051	30.000000	400	0.14646	7.33145e-02	0.550	0.09151	1.87485e-02	1.01250e+05	0	0	0
22.50000	2.71051	30.000000	400	0.14646	9.82388e-01	0.550	0.09151	0.00000e+00	1.01250e+05	10	1	1
22.50000	2.71051	30.000000	400	0.14646	1.31636e+01	0.550	0.09151	0.00000e+00	1.01250e+05	10	1	1
22.50000	2.71051	30.000000	400	0.14646	1.76388e+02	0.550	0.09151	0.00000e+00	1.01250e+05	10	1	1
22.50000	2.71051	30.000000	400	0.14646	2.36354e+03	0.550	0.09151	0.00000e+00	1.01250e+05	10	1	1
22.50000	2.71051	30.000000	400	0.48417	7.33145e-02	1.000	1.00000	0.00000e+00	9.06183e+03	10	1	1
22.50000	2.71051	30.000000	400	0.48417	9.82388e-01	1.000	1.00000	0.00000e+00	9.06183e+03	10	1	1
22.50000	2.71051	30.000000	400	0.48417	1.31636e+01	1.000	1.00000	0.00000e+00	9.06183e+03	10	1	1
22.50000	2.71051	30.000000	400	0.48417	1.76388e+02	1.000	1.00000	0.00000e+00	9.06183e+03	10	1	1
22.50000	2.71051	30.000000	400	0.48417	2.36354e+03	1.000	1.00000	0.00000e+00	9.06183e+03	10	1	1
22.50000	2.71051	30.000000	675	0.00577	7.33145e-02	0.100	0.00115	0.00000e+00	2.24021e+07	10	1	1
22.50000	2.71051	30.000000	675	0.00577	9.82388e-01	0.100	0.00115	0.00000e+00	2.24021e+07	10	1	1
22.50000	2.71051	30.000000	675	0.00577	1.31636e+01	0.100	0.00115	0.00000e+00	2.24021e+07	10	1	1
22.50000	2.71051	30.000000	675	0.00577	1.76388e+02	0.100	0.00115	0.00000e+00	2.24021e+07	10	1	1
22.50000	2.71051	30.000000	675	0.00577	2.36354e+03	0.100	0.00115	0.00000e+00	2.24021e+07	10	1	1
22.50000	2.71051	30.000000	675	0.01429	7.33145e-02	0.220	0.00707	0.00000e+00	1.26090e+07	10	1	1
22.50000	2.71051	30.000000	675	0.01429	9.82388e-01	0.220	0.00707	0.00000e+00	1.26090e+07	10	1	1
22.50000	2.71051	30.000000	675	0.01429	1.31636e+01	0.220	0.00707	0.00000e+00	1.26090e+07	10	1	1
22.50000	2.71051	30.000000	675	0.01429	1.76388e+02	0.220	0.00707	0.00000e+00	1.26090e+07	10	1	1
22.50000	2.71051	30.000000	675	0.01429	2.36354e+03	0.220	0.00707	0.00000e+00	1.26090e+07	10	1	1
22.50000	2.71051	30.000000	675	0.02042	7.33145e-02	0.300	0.01442	0.00000e+00	6.28719e+06	10	1	1
22.50000	2.71051	30.000000	675	0.02042	9.82388e-01	0.300	0.01442	0.00000e+00	6.28719e+06	10	1	1
22.50000	2.71051	30.000000	675	0.02042	1.31636e+01	0.300	0.01442	0.00000e+00	6.28719e+06	10	1	1
22.50000	2.71051	30.000000	675	0.02042	1.76388e+02	0.300	0.01442	0.00000e+00	6.28719e+06	10	1	1
22.50000	2.71051	30.000000	675	0.02042	2.36354e+03	0.300	0.01442	0.00000e+00	6.28719e+06	10	1	1
22.50000	2.71051	30.000000	675	0.05143	7.33145e-02	0.550	0.09151	0.00000e+00	8.78655e+05	10	1	1
22.50000	2.71051	30.000000	675	0.05143	9.82388e-01	0.550	0.09151	0.00000e+00	8.78655e+05	10	1	1
22.50000	2.71051	30.000000	675	0.05143	1.31636e+01	0.550	0.09151	0.00000e+00	8.78655e+05	10	1	1
22.50000	2.71051	30.000000	675	0.05143	1.76388e+02	0.550	0.09151	0.00000e+00	8.78655e+05	10	1	1
22.50000	2.71051	30.000000	675	0.05143	2.36354e+03	0.550	0.09151	0.00000e+00	8.78655e+05	10	1	1
22.50000	2.71051	30.000000	675	0.17002	7.33145e-02	1.000	1.00000	0.00000e+00	7.52688e+04	10	1	1
22.50000	2.71051	30.000000	675	0.17002	9.82388e-01	1.000	1.00000	0.00000e+00	7.52688e+04	10	1	1
22.50000	2.71051	30.000000	675	0.17002	1.31636e+01	1.000	1.00000	0.00000e+00	7.52688e+04	10	1	1
22.50000	2.71051	30.000000	675	0.17002	1.76388e+02	1.000	1.00000	0.00000e+00	7.52688e+04	10	1	1
22.50000	2.71051	30.000000	675	0.17002	2.36354e+03	1.000	1.00000	0.00000e+00	7.52688e+04	10	1	1
22.50000	2.71051	30.000000	950	0.00291	7.33145e-02	0.100	0.00115	0.00000e+00	2.86521e+08	10	1	1
22.50000	2.71051	30.000000	950	0.00291	9.82388e-01	0.100	0.00115	0.00000e+00	2.86521e+08	10	1	1
22.50000	2.71051	30.000000	950	0.00291	1.31636e+01	0.100	0.00115	0.00000e+00	2.86521e+08	10	1	1
22.50000	2.71051	30.000000	950	0.00291	1.76388e+02	0.100	0.00115	0.00000e+00	2.86521e+08	10	1	1
22.50000	2.71051	30.000000	950	0.00291	2.36354e+03	0.100	0.00115	0.00000e+00	2.86521e+08	10	1	1
22.50000	2.71051	30.000000	950	0.00722	7.33145e-02	0.220	0.00707	6.35511e-01	7.25928e+07	1	0	0
22.50000	2.71051	30.000000	950	0.00722	9.82388e-01	0.220	0.00707	8.53521e-01	7.25928e+07	1	0	0
22.50000	2.71051	30.000000	950	0.00722	1.31636e+01	0.220	0.00707	2.36788e+01	7.25928e+07	1	0	0
22.50000	2.71051	30.000000	950	0.00722	1.76388e+02	0.220	0.00707	1.10347e+03	7.25928e+07	1	0	0
22.50000	2.71051	30.000000	950	0.00722	2.36354e+03	0.220	0.00707	2.97219e+04	7.25928e+07	1	0	0
22.50000	2.71051	30.000000	950	0.01031	7.33145e-02	0.300	0.01442	0.00000e+00	3.23081e+07	10	1	1
22.50000	2.71051	30.000000	950	0.01031	9.82388e-01	0.300	0.01442	0.00000e+00	3.23081e+07	10	1	1
22.50000	2.71051	30.000000	950	0.01031	1.31636e+01	0.300	0.01442	0.00000e+00	3.23081e+07	10	1	1
22.50000	2.71051	30.000000	950	0.01031	1.76388e+02	0.300	0.01442	0.00000e+00	3.23081e+07	10	1	1
22.50000	2.71051	30.000000	950	0.01031	2.36354e+03	0.300	0.01442	0.00000e+00	3.23081e+07	10	1	1
22.50000	2.71051	30.000000	950	0.02597	7.33145e-02	0.550	0.09151	0.00000e+00	3.85291e+06	10	1	1
22.50000	2.71051	30.000000	950	0.02597	9.82388e-01	0.550	0.09151	0.00000e+00	3.85291e+06	10	1	1
22.50000	2.71051	30.000000	950	0.02597	1.31636e+01	0.550	0.09151	0.00000e+00	3.85291e+06	10	1	1
22.50000	2.71051	30.000000	950	0.02597	1.76388e+02	0.550	0.09151	0.00000e+00	3.85291e+06	10	1	1
22.50000	2.71051	30.000000	950	0.02597	2.36354e+03	0.550	0.09151	0.00000e+00	3.85291e+06	10	1	1
22.50000	2.71051	30.000000	950	0.08584	7.33145e-02	1.000	1.00000	0.00000e+00	3.06567e+05	10	1	1
22.50000	2.71051	30.000000	950	0.08584	9.82388e-01	1.000	1.00000	0.00000e+00	3.06567e+05	10	1	1
22.50000	2.71051	30.000000	950	0.08584	1.31636e+01	1.000	1.00000	0.00000e+00	3.06567e+05	10	1	1
22.50000	2.71051	30.000000	950	0.08584	1.76388e+02	1.000	1.00000	0.00000e+00	3.06567e+05	10	1	1
22.50000	2.71051	30.000000	950	0.08584	2.36354e+03	1.000	1.00000	0.00000e+00	3.06567e+05	10	1	1
22.50000	2.71051	30.000000	1225	0.00175	7.33145e-02	0.100	0.00115	0.00000e+00	1.18169e+10	10	1	1
22.50000	2.71051	30.000000	1225	0.00175	9.82388e-01	0.100	0.00115	0.00000e+00	1.18169e+10	10	1	1
22.50000	2.71051	30.000000	1225	0.00175	1.31636e+01	0.100	0.00115	0.00000e+00	1.18169e+10	10	1	1
22.50000	2.71051	30.000000	1225	0.00175	1.76388e+02	0.100	0.00115	0.00000e+00	1.18169e+10	10	1	1
22.50000	2.71051	30.000000	1225	0.00175	2.36354e+03	0.100	0.00115	0.00000e+00	1.18169e+10	10	1	1
22.50000	2.71051	30.000000	1225	0.00434	7.33145e-02	0.220	0.00707	0.00000e+00	4.26397e+08	10	1	1
22.50000	2.71051	30.000000	1225	0.00434	9.82388e-01	0.220	0.00707	0.00000e+00	4.26397e+08	10	1	1
22.50000	2.71051	30.000000	1225	0.00434	1.31636e+01	0.220	0.00707	0.00000e+00	4.26397e+08	10	1	1
22.50000	2.71051	30.000000	1225	0.00434	1.76388e+02	0.220	0.00707	0.00000e+00	4.26397e+08	10	1	1
22.50000	2.71051	30.000000	1225	0.00434	2.36354e+03	0.220	0.00707	0.00000e+00	4.26397e+08	10	1	1
22.50000	2.71051	30.000000	1225	0.00620	7.33145e-02	0.300	0.01442	0.00000e+00	1.43423e+08	10	1	1
22.50000	2.71051	30.000000	1225	0.00620	9.82388e-01	0.300	0.01442	0.00000e+00	1.43423e+08	10	1	1
22.50000	2.71051	30.000000	1225	0.00620	1.31636e+01	0.300	0.01442	0.00000e+00	1.43423e+08	10	1	1
22.50000	2.71051	30.000000	1225	0.00620	1.76388e+02	0.300	0.01442	0.00000e+00	1.43423e+08	10	1	1
22.50000	2.71051	30.000000	1225	0.00620	2.36354e+03	0.300	0.01442	0.00000e+00	1.43423e+08	10	1	1
22.50000	2.71051	30.000000	1225	0.01562	7.33145e-02	0.550	0.09151	0.00000e+00	1.25939e+07	10	1	1
22.50000	2.71051	30.000000	1225	0.01562	9.82388e-01	0.550	0.09151	0.00000e+00	1.25939e+07	10	1	1
22.50000	2.71051	30.000000	1225	0.01562	1.31636e+01	0.550	0.09151	0.00000e+00	1.25939e+07	10	1	1
22.50000	2.71051	30.000000	1225	0.01562	1.76388e+02	0.550	0.09151	0.00000e+00	1.25939e+07	10	1	1
22.50000	2.71051	30.000000	1225	0.01562	2.36354e+03	0.550	0.09151	0.00000e+00	1.25939e+07	10	1	1
22.50000	2.71051	30.000000	1225	0.05162	7.33145e-02	1.000	1.00000	0.00000e+00	8.92955e+05	10	1	1
22.50000	2.71051	30.000000	1225	0.05162	9.82388e-01	1.000	1.00000	0.00000e+00	8.92955e+05	10	1	1
22.50000	2.71051	30.000000	1225	0.05162	1.31636e+01	1.000	1.00000	0.00000e+00	8.92955e+05	10	1	1
22.50000	2.71051	30.000000	1225	0.05162	1.76388e+02	1.000	1.00000	0.00000e+00	8.92955e+05	10	1	1
22.50000	2.71051	30.000000	1225	0.05162	2.36354e+03	1.000	1.00000	0.00000e+00	8.92955e+05	10	1	1
22.50000	2.71051	30.000000	1500	0.00117	7.33145e-02	0.100	0.00115	0.00000e+00	4.04889e+08	10	1	1
22.50000	2.71051	30.000000	1500	0.00117	9.82388e-01	0.100	0.00115	0.00000e+00	4.04889e+08	10	1	1
22.50000	2.71051	30.000000	1500	0.00117	1.31636e+01	0.100	0.00115	0.00000e+00	4.04889e+08	10	1	1
22.50000	2.71051	30.000000	1500	0.00117	1.76388e+02	0.100	0.00115	0.00000e+00	4.04889e+08	10	1	1
22.50000	2.71051	30.000000	1500	0.00117	2.36354e+03	0.100	0.00115	0.00000e+00	4.04889e+08	10	1	1
22.50000	2.71051	30.000000	1500	0.00289	7.33145e-02	0.220	0.00707	0.00000e+00	7.45293e+09	10	1	1
22.50000	2.71051	30.000000	1500	0.00289	9.82388e-01	0.220	0.00707	0.00000e+00	7.45293e+09	10	1	1
22.50000	2.71051	30.000000	1500	0.00289	1.31636e+01	0.220	0.00707	0.00000e+00	7.45293e+09	10	1	1
22.50000	2.71051	30.000000	1500	0.00289	1.76388e+02	0.220	0.00707	0.00000e+00	7.45293e+09	10	1	1
22.50000	2.71051	30.000000	1500	0.00289	2.36354e+03	0.220	0.00707	0.00000e+00	7.45293e+09	10	1	1
22.50000	2.71051	30.000000	1500	0.00414	7.33145e-02	0.300	0.01442	0.00000e+00	8.08568e+08	10	1	1
22.50000	2.71051	30.000000	1500	0.00414	9.82388e-01	0.300	0.01442	0.00000e+00	8.08568e+08	10	1	1
22.50000	2.71051	30.000000	1500	0.00414	1.31636e+01	0.300	0.01442	0.00000e+00	8.08568e+08	10	1	1
22.50000	2.71051	30.000000	1500	0.00414	1.76388e+02	0.300	0.01442	0.00000e+00	8.08568e+08	10	1	1
22.50000	2.71051	30.000000	1500	0.00414	2.36354e+03	0.300	0.01442	0.00000e+00	8.08568e+08	10	1	1
22.50000	2.71051	30.000000	1500	0.01041	7.33145e-02	0.550	0.09151	0.00000e+00	3.62196e+07	10	1	1
22.50000	2.71051	30.000000	1500	0.01041	9.82388e-01	0.550	0.09151	0.00000e+00	3.62196e+07	10	1	1
22.50000	2.71051	30.000000	1500	0.01041	1.31636e+01	0.550	0.09151	0.00000e+00	3.62196e+07	10	1	1
22.50000	2.71051	30.000000	1500	0.01041	1.76388e+02	0.550	0.09151	0.00000e+00	3.62196e+07	10	1	1
22.50000	2.71051	30.000000	1500	0.01041	2.36354e+03	0.550	0.09151	0.00000e+00	3.62196e+07	10	1	1
22.50000	2.71051	30.000000	1500	0.03443	7.33145e-02	1.000	1.00000	0.00000e+00	2.15094e+06	10	1	1
22.50000	2.71051	30.000000	1500	0.03443	9.82388e-01	1.000	1.00000	0.00000e+00	2.15094e+06	10	1	1
22.50000	2.71051	30.000000	1500	0.03443	1.31636e+01	1.000	1.00000	0.00000e+00	2.15094e+06	10	1	1
22.50000	2.71051	30.000000	1500	0.03443	1.76388e+02	1.000	1.00000	0.00000e+00	2.15094e+06	10	1	1
22.50000	2.71051	30.000000	1500	0.03443	2.36354e+03	1.000	1.00000	0.00000e+00	2.15094e+06	10	1	1
25.00000	6.89583	5.150000	400	0.01644	7.33145e-02	0.100	0.00115	0.00000e+00	8.39097e+07	10	1	1
25.00000	6.89583	5.150000	400	0.01644	9.82388e-01	0.100	0.00115	0.00000e+00	8.39097e+07	10	1	1
25.00000	6.89583	5.150000	400	0.01644	1.31636e+01	0.100	0.00115	0.00000e+00	8.39097e+07	10	1	1
25.00000	6.89583	5.150000	400	0.01644	1.76388e+02	0.100	0.00115	0.00000e+00	8.39097e+07	10	1	1
25.00000	6.89583	5.150000	400	0.01644	2.36354e+03	0.100	0.00115	0.00000e+00	8.39097e+07	10	1	1
25.00000	6.89583	5.150000	400	0.04070	7.33145e-02	0.220	0.00707	0.00000e+00	5.04103e+07	10	1	1
25.00000	6.89583	5.150000	400	0.04070	9.82388e-01	0.220	0.00707	0.00000e+00	5.04103e+07	10	1	1
25.00000	6.89583	5.150000	400	0.04070	1.31636e+01	0.220	0.00707	0.00000e+00	5.04103e+07	10	1	1
25.00000	6.89583	5.150000	400	0.04070	1.76388e+02	0.220	0.00707	0.00000e+00	5.04103e+07	10	1	1
25.00000	6.89583	5.150000	400	0.04070	2.36354e+03	0.220	0.00707	0.00000e+00	5.04103e+07	10	1	1
25.00000	6.89583	5.150000	400	0.05815	7.33145e-02	0.300	0.01442	0.00000e+00	2.54436e+07	10	1	1
25.00000	6.89583	5.150000	400	0.05815	9.82388e-01	0.300	0.01442	0.00000e+00	2.54436e+07	10	1	1
25.00000	6.89583	5.150000	400	0.05815	1.31636e+01	0.300	0.01442	0.00000e+00	2.54436e+07	10	1	1
25.00000	6.89583	5.150000	400	0.05815	1.76388e+02	0.300	0.01442	0.00000e+00	2.54436e+07	10	1	1
25.00000	6.89583	5.150000	400	0.05815	2.36354e+03	0.300	0.01442	0.00000e+00	2.54436e+07	10	1	1
25.00000	6.89583	5.150000	400	0.14646	7.33145e-02	0.550	0.09151	0.00000e+00	3.62306e+06	10	1	1
25.00000	6.89583	5.150000	400	0.14646	9.82388e-01	0.550	0.09151	0.00000e+00	3.62306e+06	10	1	1
25.00000	6.89583	5.150000	400	0.14646	1.31636e+01	0.550	0.09151	0.00000e+00	3.62306e+06	10	1	1
25.00000	6.89583	5.150000	400	0.14646	1.76388e+02	0.550	0.09151	0.00000e+00	3.62306e+06	10	1	1
25.00000	6.89583	5.150000	400	0.14646	2.36354e+03	0.550	0.09151	0.00000e+00	3.62306e+06	10	1	1
25.00000	6.89583	5.150000	400	0.48417	7.33145e-02	1.000	1.00000	0.00000e+00	3.13357e+05	10	1	1
25.00000	6.89583	5.150000	400	0.48417	9.82388e-01	1.000	1.00000	0.00000e+00	3.13357e+05	10	1	1
25.00000	6.89583	5.150000	400	0.48417	1.31636e+01	1.000	1.00000	0.00000e+00	3.13357e+05	10	1	1
25.00000	6.89583	5.150000	400	0.48417	1.76388e+02	1.000	1.00000	0.00000e+00	3.13357e+05	10	1	1
25.00000	6.89583	5.150000	400	0.48417	2.36354e+03	1.000	1.00000	0.00000e+00	3.13357e+05	10	1	1
25.00000	6.89583	5.150000	675	0.00577	7.33145e-02	0.100	0.00115	3.65607e+04	7.71281e+09	1	0	0
25.00000	6.89583	5.150000	675	0.00577	9.82388e-01	0.100	0.00115	4.60364e+05	7.71281e+09	1	0	0
25.00000	6.89583	5.150000	675	0.00577	1.31636e+01	0.100	0.00115	4.65884e+06	7.71281e+09	1	0	0
25.00000	6.89583	5.150000	675	0.00577	1.76388e+02	0.100	0.00115	0.00000e+00	7.71281e+09	10	1	1
25.00000	6.89583	5.150000	675	0.00577	2.36354e+03	0.100	0.00115	0.00000e+00	7.71281e+09	10	1	1
25.00000	6.89583	5.150000	675	0.01429	7.33145e-02	0.220	0.00707	0.00000e+00	7.92124e+08	10	1	1
25.00000	6.89583	5.150000	675	0.01429	9.82388e-01	0.220	0.00707	0.00000e+00	7.92124e+08	10	1	1
25.00000	6.89583	5.150000	675	0.01429	1.31636e+01	0.220	0.00707	0.00000e+00	7.92124e+08	10	1	1
25.00000	6.89583	5.150000	675	0.01429	1.76388e+02	0.220	0.00707	0.00000e+00	7.92124e+08	10	1	1
25.00000	6.89583	5.150000	675	0.01429	2.36354e+03	0.220	0.00707	0.00000e+00	7.92124e+08	10	1	1
25.00000	6.89583	5.150000	675	0.02042	7.33145e-02	0.300	0.01442	0.00000e+00	3.25938e+08	10	1	1
25.00000	6.89583	5.150000	675	0.02042	9.82388e-01	0.300	0.01442	0.00000e+00	3.25938e+08	10	1	1
25.00000	6.89583	5.150000	675	0.02042	1.31636e+01	0.300	0.01442	0.00000e+00	3.25938e+08	10	1	1
25.00000	6.89583	5.150000	675	0.02042	1.76388e+02	0.300	0.01442	0.00000e+00	3.25938e+08	10	1	1
25.00000	6.89583	5.150000	675	0.02042	2.36354e+03	0.300	0.01442	0.00000e+00	3.25938e+08	10	1	1
25.00000	6.89583	5.150000	675	0.05143	7.33145e-02	0.550	0.09151	0.00000e+00	3.53133e+07	10	1	1
25.00000	6.89583	5.150000	675	0.05143	9.82388e-01	0.550	0.09151	0.00000e+00	3.53133e+07	10	1	1
25.00000	6.89583	5.150000	675	0.05143	1.31636e+01	0.550	0.09151	0.00000e+00	3.53133e+07	10	1	1
25.00000	6.89583	5.150000	675	0.05143	1.76388e+02	0.550	0.09151	0.00000e+00	3.53133e+07	10	1	1
25.00000	6.89583	5.150000	675	0.05143	2.36354e+03	0.550	0.09151	0.00000e+00	3.53133e+07	10	1	1
25.00000	6.89583	5.150000	675	0.17002	7.33145e-02	1.000	1.00000	0.00000e+00	2.70119e+06	10	1	1
25.00000	6.89583	5.150000	675	0.17002	9.82388e-01	1.000	1.00000	0.00000e+00	2.70119e+06	10	1	1
25.00000	6.89583	5.150000	675	0.17002	1.31636e+01	1.000	1.00000	0.00000e+00	2.70119e+06	10	1	1
25.00000	6.89583	5.150000	675	0.17002	1.76388e+02	1.000	1.00000	0.00000e+00	2.70119e+06	10	1	1
25.00000	6.89583	5.150000	675	0.17002	2.36354e+03	1.000	1.00000	0.00000e+00	2.70119e+06	10	1	1
25.00000	6.89583	5.150000	950	0.00291	7.33145e-02	0.100	0.00115	0.00000e+00	2.40624e+09	10	1	1
25.00000	6.89583	5.150000	950	0.00291	9.82388e-01	0.100	0.00115	0.00000e+00	2.40624e+09	10	1	1
25.00000	6.89583	5.150000	950	0.00291	1.31636e+01	0.100	0.00115	0.00000e+00	2.40624e+09	10	1	1
25.00000	6.89583	5.150000	950	0.00291	1.76388e+02	0.100	0.00115	0.00000e+00	2.40624e+09	10	1	1
25.00000	6.89583	5.150000	950	0.00291	2.36354e+03	0.100	0.00115	0.00000e+00	2.40624e+09	10	1	1
25.00000	6.89583	5.150000	950	0.00722	7.33145e-02	0.220	0.00707	3.65607e+04	3.46640e+10	1	0	0
25.00000	6.89583	5.150000	950	0.00722	9.82388e-01	0.220	0.00707	4.60364e+05	3.46640e+10	1	0	0
25.00000	6.89583	5.150000	950	0.00722	1.31636e+01	0.220	0.00707	4.65884e+06	3.46640e+10	1	0	0
25.00000	6.89583	5.150000	950	0.00722	1.76388e+02	0.220	0.00707	0.00000e+00	3.46640e+10	10	1	1
25.00000	6.89583	5.150000	950	0.00722	2.36354e+03	0.220	0.00707	0.00000e+00	3.46640e+10	10	1	1
25.00000	6.89583	5.150000	950	0.01031	7.33145e-02	0.300	0.01442	3.65607e+04	4.18497e+09	1	0	0
25.00000	6.89583	5.150000	950	0.01031	9.82388e-01	0.300	0.01442	4.60364e+05	4.18497e+09	1	0	0
25.00000	6.89583	5.150000	950	0.01031	1.31636e+01	0.300	0.01442	4.65884e+06	4.18497e+09	1	0	0
25.00000	6.89583	5.150000	950	0.01031	1.76388e+02	0.300	0.01442	0.00000e+00	4.18497e+09	10	1	1
25.00000	6.89583	5.150000	950	0.01031	2.36354e+03	0.300	0.01442	0.00000e+00	4.18497e+09	10	1	1
25.00000	6.89583	5.150000	950	0.02597	7.33145e-02	0.550	0.09151	6.16363e+03	1.95403e+08	0	0	0
25.00000	6.89583	5.150000	950	0.02597	9.82388e-01	0.550	0.09151	6.19615e+04	1.95403e+08	0	0	0
25.00000	6.89583	5.150000	950	0.02597	1.31636e+01	0.550	0.09151	4.47589e+05	1.95403e+08	0	0	0
25.00000	6.89583	5.150000	950	0.02597	1.76388e+02	0.550	0.09151	3.72720e+06	1.95403e+08	0	0	0
25.00000	6.89583	5.150000	950	0.02597	2.36354e+03	0.550	0.09151	4.17502e+07	1.95403e+08	0	0	0
25.00000	6.89583	5.150000	950	0.08584	7.33145e-02	1.000	1.00000	0.00000e+00	1.17063e+07	10	1	1
25.00000	6.89583	5.150000	950	0.08584	9.82388e-01	1.000	1.00000	0.00000e+00	1.17063e+07	10	1	1
25.00000	6.89583	5.150000	950	0.08584	1.31636e+01	1.000	1.00000	0.00000e+00	1.17063e+07	10	1	1
25.00000	6.89583	5.150000	950	0.08584	1.76388e+02	1.000	1.00000	0.00000e+00	1.17063e+07	10	1	1
25.00000	6.89583	5.150000	950	0.08584	2.36354e+03	1.000	1.00000	0.00000e+00	1.17063e+07	10	1	1
25.00000	6.89583	5.150000	1225	0.00175	7.33145e-02	0.100	0.00115	0.00000e+00	6.71717e+08	10	1	1
25.00000	6.89583	5.150000	1225	0.00175	9.82388e-01	0.100	0.00115	0.00000e+00	6.71717e+08	10	1	1
25.00000	6.89583	5.150000	1225	0.00175	1.31636e+01	0.100	0.00115	0.00000e+00	6.71717e+08	10	1	1
25.00000	6.89583	5.150000	1225	0.00175	1.76388e+02	0.100	0.00115	0.00000e+00	6.71717e+08	10	1	1
25.00000	6.89583	5.150000	1225	0.00175	2.36354e+03	0.100	0.00115	0.00000e+00	6.71717e+08	10	1	1
25.00000	6.89583	5.150000	1225	0.00434	7.33145e-02	0.220	0.00707	0.00000e+00	1.28177e+10	10	1	1
25.00000	6.89583	5.150000	1225	0.00434	9.82388e-01	0.220	0.00707	0.00000e+00	1.28177e+10	10	1	1
25.00000	6.89583	5.150000	1225	0.00434	1.31636e+01	0.220	0.00707	0.00000e+00	1.28177e+10	10	1	1
25.00000	6.89583	5.150000	1225	0.00434	1.76388e+02	0.220	0.00707	0.00000e+00	1.28177e+10	10	1	1
25.00000	6.89583	5.150000	1225	0.00434	2.36354e+03	0.220	0.00707	0.00000e+00	1.28177e+10	10	1	1
25.00000	6.89583	5.150000	1225	0.00620	7.33145e-02	0.300	0.01442	3.65607e+04	1.65309e+11	1	0	0
25.00000	6.89583	5.150000	1225	0.00620	9.82388e-01	0.300	0.01442	4.60364e+05	1.65309e+11	1	0	0
25.00000	6.89583	5.150000	1225	0.00620	1.31636e+01	0.300	0.01442	4.65884e+06	1.65309e+11	1	0	0
25.00000	6.89583	5.150000	1225	0.00620	1.76388e+02	0.300	0.01442	4.46546e+07	1.65309e+11	1	0	0
25.00000	6.89583	5.150000	1225	0.00620	2.36354e+03	0.300	0.01442	0.00000e+00	1.65309e+11	10	1	1
25.00000	6.89583	5.150000	1225	0.01562	7.33145e-02	0.550	0.09151	0.00000e+00	1.03376e+09	10	1	1
25.00000	6.89583	5.150000	1225	0.01562	9.82388e-01	0.550	0.09151	4.60364e+05	1.03376e+09	1	0	0
25.00000	6.89583	5.150000	1225	0.01562	1.31636e+01	0.550	0.09151	4.65884e+06	1.03376e+09	1	0	0
25.00000	6.89583	5.150000	1225	0.01562	1.76388e+02	0.550	0.09151	0.00000e+00	1.03376e+09	10	1	1
25.00000	6.89583	5.150000	1225	0.01562	2.36354e+03	0.550	0.09151	0.00000e+00	1.03376e+09	10	1	1
25.00000	6.89583	5.150000	1225	0.05162	7.33145e-02	1.000	1.00000	0.00000e+00	3.75270e+07	10	1	1
25.00000	6.89583	5.150000	1225	0.05162	9.82388e-01	1.000	1.00000	0.00000e+00	3.75270e+07	10	1	1
25.00000	6.89583	5.150000	1225	0.05162	1.31636e+01	1.000	1.00000	0.00000e+00	3.75270e+07	10	1	1
25.00000	6.89583	5.150000	1225	0.05162	1.76388e+02	1.000	1.00000	0.00000e+00	3.75270e+07	10	1	1
25.00000	6.89583	5.150000	1225	0.05162	2.36354e+03	1.000	1.00000	0.00000e+00	3.75270e+07	10	1	1
25.00000	6.89583	5.150000	1500	0.00117	7.33145e-02	0.100	0.00115	0.00000e+00	3.62716e+08	10	1	1
25.00000	6.89583	5.150000	1500	0.00117	9.82388e-01	0.100	0.00115	0.00000e+00	3.62716e+08	10	1	1
25.00000	6.89583	5.150000	1500	0.00117	1.31636e+01	0.100	0.00115	0.00000e+00	3.62716e+08	10	1	1
25.00000	6.89583	5.150000	1500	0.00117	1.76388e+02	0.100	0.00115	0.00000e+00	3.62716e+08	10	1	1
25.00000	6.89583	5.150000	1500	0.00117	2.36354e+03	0.100	0.00115	0.00000e+00	3.62716e+08	10	1	1
25.00000	6.89583	5.150000	1500	0.00289	7.33145e-02	0.220	0.00707	0.00000e+00	3.15177e+09	10	1	1
25.00000	6.89583	5.150000	1500	0.00289	9.82388e-01	0.220	0.00707	0.00000e+00	3.15177e+09	10	1	1
25.00000	6.89583	5.150000	1500	0.00289	1.31636e+01	0.220	0.00707	0.00000e+00	3.15177e+09	10	1	1
25.00000	6.89583	5.150000	1500	0.00289	1.76388e+02	0.220	0.00707	0.00000e+00	3.15177e+09	10	1	1
25.00000	6.89583	5.150000	1500	0.00289	2.36354e+03	0.220	0.00707	0.00000e+00	3.15177e+09	10	1	1
25.00000	6.89583	5.150000	1500	0.00414	7.33145e-02	0.300	0.01442	0.00000e+00	5.83539e+09	10	1	1
25.00000	6.89583	5.150000	1500	0.00414	9.82388e-01	0.300	0.01442	0.00000e+00	5.83539e+09	10	1	1
25.00000	6.89583	5.150000	1500	0.00414	1.31636e+01	0.300	0.01442	0.00000e+00	5.83539e+09	10	1	1
25.00000	6.89583	5.150000	1500	0.00414	1.76388e+02	0.300	0.01442	0.00000e+00	5.83539e+09	10	1	1
25.00000	6.89583	5.150000	1500	0.00414	2.36354e+03	0.300	0.01442	0.00000e+00	5.83539e+09	10	1	1
25.00000	6.89583	5.150000	1500	0.01041	7.33145e-02	0.550	0.09151	3.65607e+04	1.07314e+10	1	0	0
25.00000	6.89583	5.150000	1500	0.01041	9.82388e-01	0.550	0.09151	4.60364e+05	1.07314e+10	1	0	0
25.00000	6.89583	5.150000	1500	0.01041	1.31636e+01	0.550	0.09151	4.65884e+06	1.07314e+10	1	0	0
25.00000	6.89583	5.150000	1500	0.01041	1.76388e+02	0.550	0.09151	0.00000e+00	1.07314e+10	10	1	1
25.00000	6.89583	5.150000	1500	0.01041	2.36354e+03	0.550	0.09151	0.00000e+00	1.07314e+10	10	1	1
25.00000	6.89583	5.150000	1500	0.03443	7.33145e-02	1.000	1.00000	0.00000e+00	1.04496e+08	10	1	1
25.00000	6.89583	5.150000	1500	0.03443	9.82388e-01	1.000	1.00000	0.00000e+00	1.04496e+08	10	1	1
25.00000	6.89583	5.150000	1500	0.03443	1.31636e+01	1.000	1.00000	0.00000e+00	1.04496e+08	10	1	1
25.00000	6.89583	5.150000	1500	0.03443	1.76388e+02	1.000	1.00000	0.00000e+00	1.04496e+08	10	1	1
25.00000	6.89583	5.150000	1500	0.03443	2.36354e+03	1.000	1.00000	0.00000e+00	1.04496e+08	10	1	1
25.00000	5.81595	7.240000	400	0.01644	7.33145e-02	0.100	0.00115	0.00000e+00	3.83877e+07	10	1	1
25.00000	5.81595	7.240000	400	0.01644	9.82388e-01	0.100	0.00115	2.85333e+03	3.83877e+07	0	0	0
25.00000	5.81595	7.240000	400	0.01644	1.31636e+01	0.100	0.00115	3.24112e+04	3.83877e+07	0	0	0
25.00000	5.81595	7.240000	400	0.01644	1.76388e+02	0.100	0.00115	5.03195e+05	3.83877e+07	0	0	0
25.00000	5.81595	7.240000	400	0.01644	2.36354e+03	0.100	0.00115	8.60473e+06	3.83877e+07	0	0	0
25.00000	5.81595	7.240000	400	0.04070	7.33145e-02	0.220	0.00707	4.47141e+00	2.44283e+07	0	0	0
25.00000	5.81595	7.240000	400	0.04070	9.82388e-01	0.220	0.00707	1.30606e+02	2.44283e+07	0	0	0
25.00000	5.81595	7.240000	400	0.04070	1.31636e+01	0.220	0.00707	3.37767e+03	2.44283e+07	0	0	0
25.00000	5.81595	7.240000	400	0.04070	1.76388e+02	0.220	0.00707	8.08798e+04	2.44283e+07	0	0	0
25.00000	5.81595	7.240000	400	0.04070	2.36354e+03	0.220	0.00707	2.16889e+06	2.44283e+07	0	0	0
25.00000	5.81595	7.240000	400	0.05815	7.33145e-02	0.300	0.01442	1.49450e+00	1.24691e+07	0	0	0
25.00000	5.81595	7.240000	400	0.05815	9.82388e-01	0.300	0.01442	5.61021e+01	1.24691e+07	0	0	0
25.00000	5.81595	7.240000	400	0.05815	1.31636e+01	0.300	0.01442	1.85074e+03	1.24691e+07	0	0	0
25.00000	5.81595	7.240000	400	0.05815	1.76388e+02	0.300	0.01442	5.05155e+04	1.24691e+07	0	0	0
25.00000	5.81595	7.240000	400	0.05815	2.36354e+03	0.300	0.01442	1.52743e+06	1.24691e+07	0	0	0
25.00000	5.81595	7.240000	400	0.14646	7.33145e-02	0.550	0.09151	3.15573e-01	1.80722e+06	0	0	0
25.00000	5.81595	7.240000	400	0.14646	9.82388e-01	0.550	0.09151	1.22718e+01	1.80722e+06	0	0	0
25.00000	5.81595	7.240000	400	0.14646	1.31636e+01	0.550	0.09151	8.45120e+02	1.80722e+06	0	0	0
25.00000	5.81595	7.240000	400	0.14646	1.76388e+02	0.550	0.09151	2.38186e+04	1.80722e+06	0	0	0
25.00000	5.81595	7.240000	400	0.14646	2.36354e+03	0.550	0.09151	9.93102e+05	1.80722e+06	0	0	0
25.00000	5.81595	7.240000	400	0.48417	7.33145e-02	1.000	1.00000	1.42026e-01	1.57760e+05	0	0	0
25.00000	5.81595	7.240000	400	0.48417	9.82388e-01	1.000	1.00000	5.87844e+00	1.57760e+05	0	0	0
25.00000	5.81595	7.240000	400	0.48417	1.31636e+01	1.000	1.00000	5.53418e+02	1.57760e+05	0	0	0
25.00000	5.81595	7.240000	400	0.48417	1.76388e+02	1.000	1.00000	1.67070e+04	1.57760e+05	0	0	0
25.00000	5.81595	7.240000	400	0.48417	2.36354e+03	1.000	1.00000	8.00174e+05	1.57760e+05	0	0	0
25.00000	5.81595	7.240000	675	0.00577	7.33145e-02	0.100	0.00115	0.00000e+00	1.48361e+09	10	1	1
25.00000	5.81595	7.240000	675	0.00577	9.82388e-01	0.100	0.00115	0.00000e+00	1.48361e+09	10	1	1
25.00000	5.81595	7.240000	675	0.00577	1.31636e+01	0.100	0.00115	0.00000e+00	1.48361e+09	10	1	1
25.00000	5.81595	7.240000	675	0.00577	1.76388e+02	0.100	0.00115	0.00000e+00	1.48361e+09	10	1	1
25.00000	5.81595	7.240000	675	0.00577	2.36354e+03	0.100	0.00115	0.00000e+00	1.48361e+09	10	1	1
25.00000	5.81595	7.240000	675	0.01429	7.33145e-02	0.220	0.00707	0.00000e+00	3.31181e+08	10	1	1
25.00000	5.81595	7.240000	675	0.01429	9.82388e-01	0.220	0.00707	3.72242e+04	3.31181e+08	0	0	0
25.00000	5.81595	7.240000	675	0.01429	1.31636e+01	0.220	0.00707	2.84168e+05	3.31181e+08	0	0	0
25.00000	5.81595	7.240000	675	0.01429	1.76388e+02	0.220	0.00707	2.30619e+06	3.31181e+08	0	0	0
25.00000	5.81595	7.240000	675	0.01429	2.36354e+03	0.220	0.00707	2.60146e+07	3.31181e+08	0	0	0
25.00000	5.81595	7.240000	675	0.02042	7.33145e-02	0.300	0.01442	6.22994e+02	1.45414e+08	0	0	0
25.00000	5.81595	7.240000	675	0.02042	9.82388e-01	0.300	0.01442	6.87938e+03	1.45414e+08	0	0	0
25.00000	5.81595	7.240000	675	0.02042	1.31636e+01	0.300	0.01442	6.56058e+04	1.45414e+08	0	0	0
25.00000	5.81595	7.240000	675	0.02042	1.76388e+02	0.300	0.01442	8.44087e+05	1.45414e+08	0	0	0
25.00000	5.81595	7.240000	675	0.02042	2.36354e+03	0.300	0.01442	1.27208e+07	1.45414e+08	0	0	0
25.00000	5.81595	7.240000	675	0.05143	7.33145e-02	0.550	0.09151	2.48197e+01	1.70449e+07	0	0	0
25.00000	5.81595	7.240000	675	0.05143	9.82388e-01	0.550	0.09151	1.68312e+02	1.70449e+07	0	0	0
25.00000	5.81595	7.240000	675	0.05143	1.31636e+01	0.550	0.09151	8.27915e+03	1.70449e+07	0	0	0
25.00000	5.81595	7.240000	675	0.05143	1.76388e+02	0.550	0.09151	9.41157e+04	1.70449e+07	0	0	0
25.00000	5.81595	7.240000	675	0.05143	2.36354e+03	0.550	0.09151	3.73862e+06	1.70449e+07	0	0	0
25.00000	5.81595	7.240000	675	0.17002	7.33145e-02	1.000	1.00000	1.89241e+00	1.34631e+06	0	0	0
25.00000	5.81595	7.240000	675	0.17002	9.82388e-01	1.000	1.00000	1.30974e+01	1.34631e+06	0	0	0
25.00000	5.81595	7.240000	675	0.17002	1.31636e+01	1.000	1.00000	2.10443e+03	1.34631e+06	0	0	0
25.00000	5.81595	7.240000	675	0.17002	1.76388e+02	1.000	1.00000	2.45716e+04	1.34631e+06	0	0	0
25.00000	5.81595	7.240000	675	0.17002	2.36354e+03	1.000	1.00000	1.64534e+06	1.34631e+06	0	0	0
25.00000	5.81595	7.240000	950	0.00291	7.33145e-02	0.100	0.00115	0.00000e+00	3.85345e+09	10	1	1
25.00000	5.81595	7.240000	950	0.00291	9.82388e-01	0.100	0.00115	0.00000e+00	3.85345e+09	10	1	1
25.00000	5.81595	7.240000	950	0.00291	1.31636e+01	0.100	0.00115	0.00000e+00	3.85345e+09	10	1	1
25.00000	5.81595	7.240000	950	0.00291	1.76388e+02	0.100	0.00115	0.00000e+00	3.85345e+09	10	1	1
25.00000	5.81595	7.240000	950	0.00291	2.36354e+03	0.100	0.00115	0.00000e+00	3.85345e+09	10	1	1
25.00000	5.81595	7.240000	950	0.00722	7.33145e-02	0.220	0.00707	0.00000e+00	5.50970e+09	10	1	1
25.00000	5.81595	7.240000	950	0.00722	9.82388e-01	0.220	0.00707	0.00000e+00	5.50970e+09	10	1	1
25.00000	5.81595	7.240000	950	0.00722	1.31636e+01	0.220	0.00707	0.00000e+00	5.50970e+09	10	1	1
25.00000	5.81595	7.240000	950	0.00722	1.76388e+02	0.220	0.00707	0.00000e+00	5.50970e+09	10	1	1
25.00000	5.81595	7.240000	950	0.00722	2.36354e+03	0.220	0.00707	0.00000e+00	5.50970e+09	10	1	1
25.00000	5.81595	7.240000	950	0.01031	7.33145e-02	0.300	0.01442	3.30814e+04	1.31478e+09	0	0	0
25.00000	5.81595	7.240000	950	0.01031	9.82388e-01	0.300	0.01442	4.06665e+05	1.31478e+09	0	0	0
25.00000	5.81595	7.240000	950	0.01031	1.31636e+01	0.300	0.01442	3.99401e+06	1.31478e+09	0	0	0
25.00000	5.81595	7.240000	950	0.01031	1.76388e+02	0.300	0.01442	2.20364e+07	1.31478e+09	0	0	0
25.00000	5.81595	7.240000	950	0.01031	2.36354e+03	0.300	0.01442	8.38048e+07	1.31478e+09	0	0	0
25.00000	5.81595	7.240000	950	0.02597	7.33145e-02	0.550	0.09151	2.16081e+03	8.78002e+07	0	0	0
25.00000	5.81595	7.240000	950	0.02597	9.82388e-01	0.550	0.09151	5.40111e+03	8.78002e+07	0	0	0
25.00000	5.81595	7.240000	950	0.02597	1.31636e+01	0.550	0.09151	1.84825e+05	8.78002e+07	0	0	0
25.00000	5.81595	7.240000	950	0.02597	1.76388e+02	0.550	0.09151	7.29245e+05	8.78002e+07	0	0	0
25.00000	5.81595	7.240000	950	0.02597	2.36354e+03	0.550	0.09151	2.14735e+07	8.78002e+07	0	0	0
25.00000	5.81595	7.240000	950	0.08584	7.33145e-02	1.000	1.00000	9.11953e+01	5.73428e+06	0	0	0
25.00000	5.81595	7.240000	950	0.08584	9.82388e-01	1.000	1.00000	5.76328e+01	5.73428e+06	0	0	0
25.00000	5.81595	7.240000	950	0.08584	1.31636e+01	1.000	1.00000	1.67019e+04	5.73428e+06	0	0	0
25.00000	5.81595	7.240000	950	0.08584	1.76388e+02	1.000	1.00000	5.12489e+04	5.73428e+06	0	0	0
25.00000	5.81595	7.240000	950	0.08584	2.36354e+03	1.000	1.00000	5.78879e+06	5.73428e+06	0	0	0
25.00000	5.81595	7.240000	1225	0.00175	7.33145e-02	0.100	0.00115	0.00000e+00	6.65045e+08	10	1	1
25.00000	5.81595	7.240000	1225	0.00175	9.82388e-01	0.100	0.00115	0.00000e+00	6.65045e+08	10	1	1
25.00000	5.81595	7.240000	1225	0.00175	1.31636e+01	0.100	0.00115	0.00000e+00	6.65045e+08	10	1	1
25.00000	5.81595	7.240000	1225	0.00175	1.76388e+02	0.100	0.00115	0.00000e+00	6.65045e+08	10	1	1
25.00000	5.81595	7.240000	1225	0.00175	2.36354e+03	0.100	0.00115	0.00000e+00	6.65045e+08	10	1	1
25.00000	5.81595	7.240000	1225	0.00434	7.33145e-02	0.220	0.00707	0.00000e+00	3.42381e+10	10	1	1
25.00000	5.81595	7.240000	1225	0.00434	9.82388e-01	0.220	0.00707	0.00000e+00	3.42381e+10	10	1	1
25.00000	5.81595	7.240000	1225	0.00434	1.31636e+01	0.220	0.00707	0.00000e+00	3.42381e+10	10	1	1
25.00000	5.81595	7.240000	1225	0.00434	1.76388e+02	0.220	0.00707	0.00000e+00	3.42381e+10	10	1	1
25.00000	5.81595	7.240000	1225	0.00434	2.36354e+03	0.220	0.00707	0.00000e+00	3.42381e+10	10	1	1
25.00000	5.81595	7.240000	1225	0.00620	7.33145e-02	0.300	0.01442	4.50398e+04	8.95087e+10	1	0	0
25.00000	5.81595	7.240000	1225	0.00620	9.82388e-01	0.300	0.01442	7.98278e+05	8.95087e+10	1	0	0
25.00000	5.81595	7.240000	1225	0.00620	1.31636e+01	0.300	0.01442	8.30764e+06	8.95087e+10	1	0	0
25.00000	5.81595	7.240000	1225	0.00620	1.76388e+02	0.300	0.01442	3.91238e+07	8.95087e+10	1	0	0
25.00000	5.81595	7.240000	1225	0.00620	2.36354e+03	0.300	0.01442	9.73089e+07	8.95087e+10	1	0	0
25.00000	5.81595	7.240000	1225	0.01562	7.33145e-02	0.550	0.09151	0.00000e+00	3.91851e+08	10	1	1
25.00000	5.81595	7.240000	1225	0.01562	9.82388e-01	0.550	0.09151	1.65930e+05	3.91851e+08	0	0	0
25.00000	5.81595	7.240000	1225	0.01562	1.31636e+01	0.550	0.09151	1.37693e+06	3.91851e+08	0	0	0
25.00000	5.81595	7.240000	1225	0.01562	1.76388e+02	0.550	0.09151	6.42132e+06	3.91851e+08	0	0	0
25.00000	5.81595	7.240000	1225	0.01562	2.36354e+03	0.550	0.09151	0.00000e+00	3.91851e+08	10	1	1
25.00000	5.81595	7.240000	1225	0.05162	7.33145e-02	1.000	1.00000	2.47262e+03	1.78764e+07	0	0	0
25.00000	5.81595	7.240000	1225	0.05162	9.82388e-01	1.000	1.00000	3.72479e+02	1.78764e+07	0	0	0
25.00000	5.81595	7.240000	1225	0.05162	1.31636e+01	1.000	1.00000	2.07028e+05	1.78764e+07	0	0	0
25.00000	5.81595	7.240000	1225	0.05162	1.76388e+02	1.000	1.00000	1.52890e+05	1.78764e+07	0	0	0
25.00000	5.81595	7.240000	1225	0.05162	2.36354e+03	1.000	1.00000	2.26445e+07	1.78764e+07	0	0	0
25.00000	5.81595	7.240000	1500	0.00117	7.33145e-02	0.100	0.00115	0.00000e+00	3.27454e+08	10	1	1
25.00000	5.81595	7.240000	1500	0.00117	9.82388e-01	0.100	0.00115	0.00000e+00	3.27454e+08	10	1	1
25.00000	5.81595	7.240000	1500	0.00117	1.31636e+01	0.100	0.00115	0.00000e+00	3.27454e+08	10	1	1
25.00000	5.81595	7.240000	1500	0.00117	1.76388e+02	0.100	0.00115	0.00000e+00	3.27454e+08	10	1	1
25.00000	5.81595	7.240000	1500	0.00117	2.36354e+03	0.100	0.00115	0.00000e+00	3.27454e+08	10	1	1
25.00000	5.81595	7.240000	1500	0.00289	7.33145e-02	0.220	0.00707	0.00000e+00	3.53265e+09	10	1	1
25.00000	5.81595	7.240000	1500	0.00289	9.82388e-01	0.220	0.00707	0.00000e+00	3.53265e+09	10	1	1
25.00000	5.81595	7.240000	1500	0.00289	1.31636e+01	0.220	0.00707	0.00000e+00	3.53265e+09	10	1	1
25.00000	5.81595	7.240000	1500	0.00289	1.76388e+02	0.220	0.00707	0.00000e+00	3.53265e+09	10	1	1
25.00000	5.81595	7.240000	1500	0.00289	2.36354e+03	0.220	0.00707	0.00000e+00	3.53265e+09	10	1	1
25.00000	5.81595	7.240000	1500	0.00414	7.33145e-02	0.300	0.01442	0.00000e+00	9.00976e+09	10	1	1
25.00000	5.81595	7.240000	1500	0.00414	9.82388e-01	0.300	0.01442	0.00000e+00	9.00976e+09	10	1	1
25.00000	5.81595	7.240000	1500	0.00414	1.31636e+01	0.300	0.01442	0.00000e+00	9.00976e+09	10	1	1
25.00000	5.81595	7.240000	1500	0.00414	1.76388e+02	0.300	0.01442	0.00000e+00	9.00976e+09	10	1	1
25.00000	5.81595	7.240000	1500	0.00414	2.36354e+03	0.300	0.01442	0.00000e+00	9.00976e+09	10	1	1
25.00000	5.81595	7.240000	1500	0.01041	7.33145e-02	0.550	0.09151	8.23758e+04	2.24327e+09	1	0	0
25.00000	5.81595	7.240000	1500	0.01041	9.82388e-01	0.550	0.09151	9.72623e+05	2.24327e+09	1	0	0
25.00000	5.81595	7.240000	1500	0.01041	1.31636e+01	0.550	0.09151	8.55210e+06	2.24327e+09	1	0	0
25.00000	5.81595	7.240000	1500	0.01041	1.76388e+02	0.550	0.09151	0.00000e+00	2.24327e+09	10	1	1
25.00000	5.81595	7.240000	1500	0.01041	2.36354e+03	0.550	0.09151	1.00268e+08	2.24327e+09	1	0	0
25.00000	5.81595	7.240000	1500	0.03443	7.33145e-02	1.000	1.00000	2.46709e+04	4.76040e+07	0	0	0
25.00000	5.81595	7.240000	1500	0.03443	9.82388e-01	1.000	1.00000	3.22874e+03	4.76040e+07	0	0	0
25.00000	5.81595	7.240000	1500	0.03443	1.31636e+01	1.000	1.00000	2.94912e+06	4.76040e+07	0	0	0
25.00000	5.81595	7.240000	1500	0.03443	1.76388e+02	1.000	1.00000	5.40601e+05	4.76040e+07	0	0	0
25.00000	5.81595	7.240000	1500	0.03443	2.36354e+03	1.000	1.00000	6.89691e+07	4.76040e+07	0	0	0
25.00000	4.18240	14.000000	400	0.01644	7.33145e-02	0.100	0.00115	0.00000e+00	8.93484e+06	10	1	1
25.00000	4.18240	14.000000	400	0.01644	9.82388e-01	0.100	0.00115	0.00000e+00	8.93484e+06	10	1	1
25.00000	4.18240	14.000000	400	0.01644	1.31636e+01	0.100	0.00115	2.18008e+01	8.93484e+06	0	0	0
25.00000	4.18240	14.000000	400	0.01644	1.76388e+02	0.100	0.00115	1.11630e+03	8.93484e+06	0	0	0
25.00000	4.18240	14.000000	400	0.01644	2.36354e+03	0.100	0.00115	1.18839e+05	8.93484e+06	0	0	0
25.00000	4.18240	14.000000	400	0.04070	7.33145e-02	0.220	0.00707	0.00000e+00	6.13759e+06	10	1	1
25.00000	4.18240	14.000000	400	0.04070	9.82388e-01	0.220	0.00707	0.00000e+00	6.13759e+06	10	1	1
25.00000	4.18240	14.000000	400	0.04070	1.31636e+01	0.220	0.00707	0.00000e+00	6.13759e+06	10	1	1
25.00000	4.18240	14.000000	400	0.04070	1.76388e+02	0.220	0.00707	0.00000e+00	6.13759e+06	10	1	1
25.00000	4.18240	14.000000	400	0.04070	2.36354e+03	0.220	0.00707	1.03695e+05	6.13759e+06	0	0	0
25.00000	4.18240	14.000000	400	0.05815	7.33145e-02	0.300	0.01442	0.00000e+00	3.18257e+06	10	1	1
25.00000	4.18240	14.000000	400	0.05815	9.82388e-01	0.300	0.01442	0.00000e+00	3.18257e+06	10	1	1
25.00000	4.18240	14.000000	400	0.05815	1.31636e+01	0.300	0.01442	0.00000e+00	3.18257e+06	10	1	1
25.00000	4.18240	14.000000	400	0.05815	1.76388e+02	0.300	0.01442	0.00000e+00	3.18257e+06	10	1	1
25.00000	4.18240	14.000000	400	0.05815	2.36354e+03	0.300	0.01442	0.00000e+00	3.18257e+06	10	1	1
25.00000	4.18240	14.000000	400	0.14646	7.33145e-02	0.550	0.09151	0.00000e+00	4.73157e+05	10	1	1
25.00000	4.18240	14.000000	400	0.14646	9.82388e-01	0.550	0.09151	0.00000e+00	4.73157e+05	10	1	1
25.00000	4.18240	14.000000	400	0.14646	1.31636e+01	0.550	0.09151	0.00000e+00	4.73157e+05	10	1	1
25.00000	4.18240	14.000000	400	0.14646	1.76388e+02	0.550	0.09151	0.00000e+00	4.73157e+05	10	1	1
25.00000	4.18240	14.000000	400	0.14646	2.36354e+03	0.550	0.09151	0.00000e+00	4.73157e+05	10	1	1
25.00000	4.18240	14.000000	400	0.48417	7.33145e-02	1.000	1.00000	0.00000e+00	4.18737e+04	10	1	1
25.00000	4.18240	14.000000	400	0.48417	9.82388e-01	1.000	1.00000	0.00000e+00	4.18737e+04	10	1	1
25.00000	4.18240	14.000000	400	0.48417	1.31636e+01	1.000	1.00000	0.00000e+00	4.18737e+04	10	1	1
25.00000	4.18240	14.000000	400	0.48417	1.76388e+02	1.000	1.00000	0.00000e+00	4.18737e+04	10	1	1
25.00000	4.18240	14.000000	400	0.48417	2.36354e+03	1.000	1.00000	3.70186e+05	4.18737e+04	0	0	0
25.00000	4.18240	14.000000	675	0.00577	7.33145e-02	0.100	0.00115	5.38136e+03	1.66639e+08	0	0	0
25.00000	4.18240	14.000000	675	0.00577	9.82388e-01	0.100	0.00115	6.46855e+04	1.66639e+08	0	0	0
25.00000	4.18240	14.000000	675	0.00577	1.31636e+01	0.100	0.00115	5.77198e+05	1.66639e+08	0	0	0
25.00000	4.18240	14.000000	675	0.00577	1.76388e+02	0.100	0.00115	2.93081e+06	1.66639e+08	0	0	0
25.00000	4.18240	14.000000	675	0.00577	2.36354e+03	0.100	0.00115	2.08833e+07	1.66639e+08	0	0	0
25.00000	4.18240	14.000000	675	0.01429	7.33145e-02	0.220	0.00707	9.94236e-01	6.91556e+07	0	0	0
25.00000	4.18240	14.000000	675	0.01429	9.82388e-01	0.220	0.00707	2.93939e+01	6.91556e+07	0	0	0
25.00000	4.18240	14.000000	675	0.01429	1.31636e+01	0.220	0.00707	8.06179e+02	6.91556e+07	0	0	0
25.00000	4.18240	14.000000	675	0.01429	1.76388e+02	0.220	0.00707	1.96811e+04	6.91556e+07	0	0	0
25.00000	4.18240	14.000000	675	0.01429	2.36354e+03	0.220	0.00707	5.39208e+05	6.91556e+07	0	0	0
25.00000	4.18240	14.000000	675	0.02042	7.33145e-02	0.300	0.01442	1.77259e-02	3.27957e+07	0	0	0
25.00000	4.18240	14.000000	675	0.02042	9.82388e-01	0.300	0.01442	1.26249e+00	3.27957e+07	0	0	0
25.00000	4.18240	14.000000	675	0.02042	1.31636e+01	0.300	0.01442	7.95299e+01	3.27957e+07	0	0	0
25.00000	4.18240	14.000000	675	0.02042	1.76388e+02	0.300	0.01442	2.95955e+03	3.27957e+07	0	0	0
25.00000	4.18240	14.000000	675	0.02042	2.36354e+03	0.300	0.01442	0.00000e+00	3.27957e+07	10	1	1
25.00000	4.18240	14.000000	675	0.05143	7.33145e-02	0.550	0.09151	0.00000e+00	4.25917e+06	10	1	1
25.00000	4.18240	14.000000	675	0.05143	9.82388e-01	0.550	0.09151	1.00605e-01	4.25917e+06	0	0	0
25.00000	4.18240	14.000000	675	0.05143	1.31636e+01	0.550	0.09151	2.52875e+00	4.25917e+06	0	0	0
25.00000	4.18240	14.000000	675	0.05143	1.76388e+02	0.550	0.09151	0.00000e+00	4.25917e+06	10	1	1
25.00000	4.18240	14.000000	675	0.05143	2.36354e+03	0.550	0.09151	0.00000e+00	4.25917e+06	10	1	1
25.00000	4.18240	14.000000	675	0.17002	7.33145e-02	1.000	1.00000	7.36373e-03	3.52074e+05	0	0	0
25.00000	4.18240	14.000000	675	0.17002	9.82388e-01	1.000	1.00000	0.00000e+00	3.52074e+05	10	1	1
25.00000	4.18240	14.000000	675	0.17002	1.31636e+01	1.000	1.00000	0.00000e+00	3.52074e+05	10	1	1
25.00000	4.18240	14.000000	675	0.17002	1.76388e+02	1.000	1.00000	0.00000e+00	3.52074e+05	10	1	1
25.00000	4.18240	14.000000	675	0.17002	2.36354e+03	1.000	1.00000	0.00000e+00	3.52074e+05	10	1	1
25.00000	4.18240	14.000000	950	0.00291	7.33145e-02	0.100	0.00115	0.00000e+00	1.68265e+11	10	1	1
25.00000	4.18240	14.000000	950	0.00291	9.82388e-01	0.100	0.00115	0.00000e+00	1.68265e+11	10	1	1
25.00000	4.18240	14.000000	950	0.00291	1.31636e+01	0.100	0.00115	0.00000e+00	1.68265e+11	10	1	1
25.00000	4.18240	14.000000	950	0.00291	1.76388e+02	0.100	0.00115	0.00000e+00	1.68265e+11	10	1	1
25.00000	4.18240	14.000000	950	0.00291	2.36354e+03	0.100	0.00115	0.00000e+00	1.68265e+11	10	1	1
25.00000	4.18240	14.000000	950	0.00722	7.33145e-02	0.220	0.00707	0.00000e+00	5.60322e+08	10	1	1
25.00000	4.18240	14.000000	950	0.00722	9.82388e-01	0.220	0.00707	8.78352e+04	5.60322e+08	0	0	0
25.00000	4.18240	14.000000	950	0.00722	1.31636e+01	0.220	0.00707	8.23749e+05	5.60322e+08	0	0	0
25.00000	4.18240	14.000000	950	0.00722	1.76388e+02	0.220	0.00707	4.02155e+06	5.60322e+08	0	0	0
25.00000	4.18240	14.000000	950	0.00722	2.36354e+03	0.220	0.00707	2.45070e+07	5.60322e+08	0	0	0
25.00000	4.18240	14.000000	950	0.01031	7.33145e-02	0.300	0.01442	4.91198e+02	2.07246e+08	0	0	0
25.00000	4.18240	14.000000	950	0.01031	9.82388e-01	0.300	0.01442	5.78114e+03	2.07246e+08	0	0	0
25.00000	4.18240	14.000000	950	0.01031	1.31636e+01	0.300	0.01442	5.32468e+04	2.07246e+08	0	0	0
25.00000	4.18240	14.000000	950	0.01031	1.76388e+02	0.300	0.01442	5.26490e+05	2.07246e+08	0	0	0
25.00000	4.18240	14.000000	950	0.01031	2.36354e+03	0.300	0.01442	7.09628e+06	2.07246e+08	0	0	0
25.00000	4.18240	14.000000	950	0.02597	7.33145e-02	0.550	0.09151	9.76428e-03	1.99776e+07	0	0	0
25.00000	4.18240	14.000000	950	0.02597	9.82388e-01	0.550	0.09151	7.62091e-01	1.99776e+07	0	0	0
25.00000	4.18240	14.000000	950	0.02597	1.31636e+01	0.550	0.09151	5.55195e+01	1.99776e+07	0	0	0
25.00000	4.18240	14.000000	950	0.02597	1.76388e+02	0.550	0.09151	2.24419e+03	1.99776e+07	0	0	0
25.00000	4.18240	14.000000	950	0.02597	2.36354e+03	0.550	0.09151	0.00000e+00	1.99776e+07	10	1	1
25.00000	4.18240	14.000000	950	0.08584	7.33145e-02	1.000	1.00000	0.00000e+00	1.46268e+06	10	1	1
25.00000	4.18240	14.000000	950	0.08584	9.82388e-01	1.000	1.00000	0.00000e+00	1.46268e+06	10	1	1
25.00000	4.18240	14.000000	950	0.08584	1.31636e+01	1.000	1.00000	0.00000e+00	1.46268e+06	10	1	1
25.00000	4.18240	14.000000	950	0.08584	1.76388e+02	1.000	1.00000	0.00000e+00	1.46268e+06	10	1	1
25.00000	4.18240	14.000000	950	0.08584	2.36354e+03	1.000	1.00000	0.00000e+00	1.46268e+06	10	1	1
25.00000	4.18240	14.000000	1225	0.00175	7.33145e-02	0.100	0.00115	0.00000e+00	8.57674e+08	10	1	1
25.00000	4.18240	14.000000	1225	0.00175	9.82388e-01	0.100	0.00115	0.00000e+00	8.57674e+08	10	1	1
25.00000	4.18240	14.000000	1225	0.00175	1.31636e+01	0.100	0.00115	0.00000e+00	8.57674e+08	10	1	1
25.00000	4.18240	14.000000	1225	0.00175	1.76388e+02	0.100	0.00115	0.00000e+00	8.57674e+08	10	1	1
25.00000	4.18240	14.000000	1225	0.00175	2.36354e+03	0.100	0.00115	0.00000e+00	8.57674e+08	10	1	1
25.00000	4.18240	14.000000	1225	0.00434	7.33145e-02	0.220	0.00707	0.00000e+00	1.41764e+10	10	1	1
25.00000	4.18240	14.000000	1225	0.00434	9.82388e-01	0.220	0.00707	0.00000e+00	1.41764e+10	10	1	1
25.00000	4.18240	14.000000	1225	0.00434	1.31636e+01	0.220	0.00707	0.00000e+00	1.41764e+10	10	1	1
25.00000	4.18240	14.000000	1225	0.00434	1.76388e+02	0.220	0.00707	0.00000e+00	1.41764e+10	10	1	1
25.00000	4.18240	14.000000	1225	0.00434	2.36354e+03	0.220	0.00707	0.00000e+00	1.41764e+10	10	1	1
25.00000	4.18240	14.000000	1225	0.00620	7.33145e-02	0.300	0.01442	0.00000e+00	1.61338e+09	10	1	1
25.00000	4.18240	14.000000	1225	0.00620	9.82388e-01	0.300	0.01442	0.00000e+00	1.61338e+09	10	1	1
25.00000	4.18240	14.000000	1225	0.00620	1.31636e+01	0.300	0.01442	0.00000e+00	1.61338e+09	10	1	1
25.00000	4.18240	14.000000	1225	0.00620	1.76388e+02	0.300	0.01442	0.00000e+00	1.61338e+09	10	1	1
25.00000	4.18240	14.000000	1225	0.00620	2.36354e+03	0.300	0.01442	0.00000e+00	1.61338e+09	10	1	1
25.00000	4.18240	14.000000	1225	0.01562	7.33145e-02	0.550	0.09151	3.78701e+01	7.35971e+07	0	0	0
25.00000	4.18240	14.000000	1225	0.01562	9.82388e-01	0.550	0.09151	4.45597e+02	7.35971e+07	0	0	0
25.00000	4.18240	14.000000	1225	0.01562	1.31636e+01	0.550	0.09151	5.92056e+03	7.35971e+07	0	0	0
25.00000	4.18240	14.000000	1225	0.01562	1.76388e+02	0.550	0.09151	1.05455e+05	7.35971e+07	0	0	0
25.00000	4.18240	14.000000	1225	0.01562	2.36354e+03	0.550	0.09151	2.06748e+06	7.35971e+07	0	0	0
25.00000	4.18240	14.000000	1225	0.05162	7.33145e-02	1.000	1.00000	0.00000e+00	4.38733e+06	10	1	1
25.00000	4.18240	14.000000	1225	0.05162	9.82388e-01	1.000	1.00000	0.00000e+00	4.38733e+06	10	1	1
25.00000	4.18240	14.000000	1225	0.05162	1.31636e+01	1.000	1.00000	0.00000e+00	4.38733e+06	10	1	1
25.00000	4.18240	14.000000	1225	0.05162	1.76388e+02	1.000	1.00000	0.00000e+00	4.38733e+06	10	1	1
25.00000	4.18240	14.000000	1225	0.05162	2.36354e+03	1.000	1.00000	0.00000e+00	4.38733e+06	10	1	1
25.00000	4.18240	14.000000	1500	0.00117	7.33145e-02	0.100	0.00115	0.00000e+00	2.94880e+08	10	1	1
25.00000	4.18240	14.000000	1500	0.00117	9.82388e-01	0.100	0.00115	0.00000e+00	2.94880e+08	10	1	1
25.00000	4.18240	14.000000	1500	0.00117	1.31636e+01	0.100	0.00115	0.00000e+00	2.94880e+08	10	1	1
25.00000	4.18240	14.000000	1500	0.00117	1.76388e+02	0.100	0.00115	0.00000e+00	2.94880e+08	10	1	1
25.00000	4.18240	14.000000	1500	0.00117	2.36354e+03	0.100	0.00115	0.00000e+00	2.94880e+08	10	1	1
25.00000	4.18240	14.000000	1500	0.00289	7.33145e-02	0.220	0.00707	0.00000e+00	8.71464e+09	10	1	1
25.00000	4.18240	14.000000	1500	0.00289	9.82388e-01	0.220	0.00707	0.00000e+00	8.71464e+09	10	1	1
25.00000	4.18240	14.000000	1500	0.00289	1.31636e+01	0.220	0.00707	0.00000e+00	8.71464e+09	10	1	1
25.00000	4.18240	14.000000	1500	0.00289	1.76388e+02	0.220	0.00707	0.00000e+00	8.71464e+09	10	1	1
25.00000	4.18240	14.000000	1500	0.00289	2.36354e+03	0.220	0.00707	0.00000e+00	8.71464e+09	10	1	1
25.00000	4.18240	14.000000	1500	0.00414	7.33145e-02	0.300	0.01442	0.00000e+00	2.18951e+12	10	1	1
25.00000	4.18240	14.000000	1500	0.00414	9.82388e-01	0.300	0.01442	0.00000e+00	2.18951e+12	10	1	1
25.00000	4.18240	14.000000	1500	0.00414	1.31636e+01	0.300	0.01442	0.00000e+00	2.18951e+12	10	1	1
25.00000	4.18240	14.000000	1500	0.00414	1.76388e+02	0.300	0.01442	0.00000e+00	2.18951e+12	10	1	1
25.00000	4.18240	14.000000	1500	0.00414	2.36354e+03	0.300	0.01442	0.00000e+00	2.18951e+12	10	1	1
25.00000	4.18240	14.000000	1500	0.01041	7.33145e-02	0.550	0.09151	4.07721e+03	2.64388e+08	0	0	0
25.00000	4.18240	14.000000	1500	0.01041	9.82388e-01	0.550	0.09151	4.84091e+04	2.64388e+08	0	0	0
25.00000	4.18240	14.000000	1500	0.01041	1.31636e+01	0.550	0.09151	4.16526e+05	2.64388e+08	0	0	0
25.00000	4.18240	14.000000	1500	0.01041	1.76388e+02	0.550	0.09151	2.27569e+06	2.64388e+08	0	0	0
25.00000	4.18240	14.000000	1500	0.01041	2.36354e+03	0.550	0.09151	1.82656e+07	2.64388e+08	0	0	0
25.00000	4.18240	14.000000	1500	0.03443	7.33145e-02	1.000	1.00000	0.00000e+00	1.10206e+07	10	1	1
25.00000	4.18240	14.000000	1500	0.03443	9.82388e-01	1.000	1.00000	0.00000e+00	1.10206e+07	10	1	1
25.00000	4.18240	14.000000	1500	0.03443	1.31636e+01	1.000	1.00000	2.61595e+01	1.10206e+07	0	0	0
25.00000	4.18240	14.000000	1500	0.03443	1.76388e+02	1.000	1.00000	1.27680e+03	1.10206e+07	0	0	0
25.00000	4.18240	14.000000	1500	0.03443	2.36354e+03	1.000	1.00000	0.00000e+00	1.10206e+07	10	1	1
25.00000	2.85713	30.000000	400	0.01644	7.33145e-02	0.100	0.00115	0.00000e+00	1.75682e+06	10	1	1
25.00000	2.85713	30.000000	400	0.01644	9.82388e-01	0.100	0.00115	0.00000e+00	1.75682e+06	10	1	1
25.00000	2.85713	30.000000	400	0.01644	1.31636e+01	0.100	0.00115	0.00000e+00	1.75682e+06	10	1	1
25.00000	2.85713	30.000000	400	0.01644	1.76388e+02	0.100	0.00115	0.00000e+00	1.75682e+06	10	1	1
25.00000	2.85713	30.000000	400	0.01644	2.36354e+03	0.100	0.00115	0.00000e+00	1.75682e+06	10	1	1
25.00000	2.85713	30.000000	400	0.04070	7.33145e-02	0.220	0.00707	3.42836e-03	1.27371e+06	0	0	0
25.00000	2.85713	30.000000	400	0.04070	9.82388e-01	0.220	0.00707	0.00000e+00	1.27371e+06	10	1	1
25.00000	2.85713	30.000000	400	0.04070	1.31636e+01	0.220	0.00707	0.00000e+00	1.27371e+06	10	1	1
25.00000	2.85713	30.000000	400	0.04070	1.76388e+02	0.220	0.00707	0.00000e+00	1.27371e+06	10	1	1
25.00000	2.85713	30.000000	400	0.04070	2.36354e+03	0.220	0.00707	0.00000e+00	1.27371e+06	10	1	1
25.00000	2.85713	30.000000	400	0.05815	7.33145e-02	0.300	0.01442	0.00000e+00	6.68272e+05	10	1	1
25.00000	2.85713	30.000000	400	0.05815	9.82388e-01	0.300	0.01442	0.00000e+00	6.68272e+05	10	1	1
25.00000	2.85713	30.000000	400	0.05815	1.31636e+01	0.300	0.01442	0.00000e+00	6.68272e+05	10	1	1
25.00000	2.85713	30.000000	400	0.05815	1.76388e+02	0.300	0.01442	0.00000e+00	6.68272e+05	10	1	1
25.00000	2.85713	30.000000	400	0.05815	2.36354e+03	0.300	0.01442	0.00000e+00	6.68272e+05	10	1	1
25.00000	2.85713	30.000000	400	0.14646	7.33145e-02	0.550	0.09151	0.00000e+00	1.01314e+05	10	1	1
25.00000	2.85713	30.000000	400	0.14646	9.82388e-01	0.550	0.09151	0.00000e+00	1.01314e+05	10	1	1
25.00000	2.85713	30.000000	400	0.14646	1.31636e+01	0.550	0.09151	0.00000e+00	1.01314e+05	10	1	1
25.00000	2.85713	30.000000	400	0.14646	1.76388e+02	0.550	0.09151	0.00000e+00	1.01314e+05	10	1	1
25.00000	2.85713	30.000000	400	0.14646	2.36354e+03	0.550	0.09151	0.00000e+00	1.01314e+05	10	1	1
25.00000	2.85713	30.000000	400	0.48417	7.33145e-02	1.000	1.00000	1.76978e-02	9.06389e+03	0	0	0
25.00000	2.85713	30.000000	400	0.48417	9.82388e-01	1.000	1.00000	0.00000e+00	9.06389e+03	10	1	1
25.00000	2.85713	30.000000	400	0.48417	1.31636e+01	1.000	1.00000	0.00000e+00	9.06389e+03	10	1	1
25.00000	2.85713	30.000000	400	0.48417	1.76388e+02	1.000	1.00000	0.00000e+00	9.06389e+03	10	1	1
25.00000	2.85713	30.000000	400	0.48417	2.36354e+03	1.000	1.00000	0.00000e+00	9.06389e+03	10	1	1
25.00000	2.85713	30.000000	675	0.00577	7.33145e-02	0.100	0.00115	0.00000e+00	2.27395e+07	10	1	1
25.00000	2.85713	30.000000	675	0.00577	9.82388e-01	0.100	0.00115	0.00000e+00	2.27395e+07	10	1	1
25.00000	2.85713	30.000000	675	0.00577	1.31636e+01	0.100	0.00115	0.00000e+00	2.27395e+07	10	1	1
25.00000	2.85713	30.000000	675	0.00577	1.76388e+02	0.100	0.00115	0.00000e+00	2.27395e+07	10	1	1
25.00000	2.85713	30.000000	675	0.00577	2.36354e+03	0.100	0.00115	0.00000e+00	2.27395e+07	10	1	1
25.00000	2.85713	30.000000	675	0.01429	7.33145e-02	0.220	0.00707	0.00000e+00	1.26849e+07	10	1	1
25.00000	2.85713	30.000000	675	0.01429	9.82388e-01	0.220	0.00707	0.00000e+00	1.26849e+07	10	1	1
25.00000	2.85713	30.000000	675	0.01429	1.31636e+01	0.220	0.00707	0.00000e+00	1.26849e+07	10	1	1
25.00000	2.85713	30.000000	675	0.01429	1.76388e+02	0.220	0.00707	0.00000e+00	1.26849e+07	10	1	1
25.00000	2.85713	30.000000	675	0.01429	2.36354e+03	0.220	0.00707	0.00000e+00	1.26849e+07	10	1	1
25.00000	2.85713	30.000000	675	0.02042	7.33145e-02	0.300	0.01442	0.00000e+00	6.31482e+06	10	1	1
25.00000	2.85713	30.000000	675	0.02042	9.82388e-01	0.300	0.01442	0.00000e+00	6.31482e+06	10	1	1
25.00000	2.85713	30.000000	675	0.02042	1.31636e+01	0.300	0.01442	0.00000e+00	6.31482e+06	10	1	1
25.00000	2.85713	30.000000	675	0.02042	1.76388e+02	0.300	0.01442	0.00000e+00	6.31482e+06	10	1	1
25.00000	2.85713	30.000000	675	0.02042	2.36354e+03	0.300	0.01442	0.00000e+00	6.31482e+06	10	1	1
25.00000	2.85713	30.000000	675	0.05143	7.33145e-02	0.550	0.09151	0.00000e+00	8.80338e+05	10	1	1
25.00000	2.85713	30.000000	675	0.05143	9.82388e-01	0.550	0.09151	0.00000e+00	8.80338e+05	10	1	1
25.00000	2.85713	30.000000	675	0.05143	1.31636e+01	0.550	0.09151	0.00000e+00	8.80338e+05	10	1	1
25.00000	2.85713	30.000000	675	0.05143	1.76388e+02	0.550	0.09151	0.00000e+00	8.80338e+05	10	1	1
25.00000	2.85713	30.000000	675	0.05143	2.36354e+03	0.550	0.09151	0.00000e+00	8.80338e+05	10	1	1
25.00000	2.85713	30.000000	675	0.17002	7.33145e-02	1.000	1.00000	0.00000e+00	7.53187e+04	10	1	1
25.00000	2.85713	30.000000	675	0.17002	9.82388e-01	1.000	1.00000	0.00000e+00	7.53187e+04	10	1	1
25.00000	2.85713	30.000000	675	0.17002	1.31636e+01	1.000	1.00000	0.00000e+00	7.53187e+04	10	1	1
25.00000	2.85713	30.000000	675	0.17002	1.76388e+02	1.000	1.00000	0.00000e+00	7.53187e+04	10	1	1
25.00000	2.85713	30.000000	675	0.17002	2.36354e+03	1.000	1.00000	0.00000e+00	7.53187e+04	10	1	1
25.00000	2.85713	30.000000	950	0.00291	7.33145e-02	0.100	0.00115	0.00000e+00	3.05175e+08	10	1	1
25.00000	2.85713	30.000000	950	0.00291	9.82388e-01	0.100	0.00115	0.00000e+00	3.05175e+08	10	1	1
25.00000	2.85713	30.000000	950	0.00291	1.31636e+01	0.100	0.00115	0.00000e+00	3.05175e+08	10	1	1
25.00000	2.85713	30.000000	950	0.00291	1.76388e+02	0.100	0.00115	0.00000e+00	3.05175e+08	10	1	1
25.00000	2.85713	30.000000	950	0.00291	2.36354e+03	0.100	0.00115	0.00000e+00	3.05175e+08	10	1	1
25.00000	2.85713	30.000000	950	0.00722	7.33145e-02	0.220	0.00707	0.00000e+00	7.37592e+07	10	1	1
25.00000	2.85713	30.000000	950	0.00722	9.82388e-01	0.220	0.00707	0.00000e+00	7.37592e+07	10	1	1
25.00000	2.85713	30.000000	950	0.00722	1.31636e+01	0.220	0.00707	0.00000e+00	7.37592e+07	10	1	1
25.00000	2.85713	30.000000	950	0.00722	1.76388e+02	0.220	0.00707	0.00000e+00	7.37592e+07	10	1	1
25.00000	2.85713	30.000000	950	0.00722	2.36354e+03	0.220	0.00707	0.00000e+00	7.37592e+07	10	1	1
25.00000	2.85713	30.000000	950	0.01031	7.33145e-02	0.300	0.01442	0.00000e+00	3.26585e+07	10	1	1
25.00000	2.85713	30.000000	950	0.01031	9.82388e-01	0.300	0.01442	0.00000e+00	3.26585e+07	10	1	1
25.00000	2.85713	30.000000	950	0.01031	1.31636e+01	0.300	0.01442	0.00000e+00	3.26585e+07	10	1	1
25.00000	2.85713	30.000000	950	0.01031	1.76388e+02	0.300	0.01442	0.00000e+00	3.26585e+07	10	1	1
25.00000	2.85713	30.000000	950	0.01031	2.36354e+03	0.300	0.01442	0.00000e+00	3.26585e+07	10	1	1
25.00000	2.85713	30.000000	950	0.02597	7.33145e-02	0.550	0.09151	0.00000e+00	3.86907e+06	10	1	1
25.00000	2.85713	30.000000	950	0.02597	9.82388e-01	0.550	0.09151	0.00000e+00	3.86907e+06	10	1	1
25.00000	2.85713	30.000000	950	0.02597	1.31636e+01	0.550	0.09151	0.00000e+00	3.86907e+06	10	1	1
25.00000	2.85713	30.000000	950	0.02597	1.76388e+02	0.550	0.09151	0.00000e+00	3.86907e+06	10	1	1
25.00000	2.85713	30.000000	950	0.02597	2.36354e+03	0.550	0.09151	0.00000e+00	3.86907e+06	10	1	1
25.00000	2.85713	30.000000	950	0.08584	7.33145e-02	1.000	1.00000	0.00000e+00	3.06985e+05	10	1	1
25.00000	2.85713	30.000000	950	0.08584	9.82388e-01	1.000	1.00000	0.00000e+00	3.06985e+05	10	1	1
25.00000	2.85713	30.000000	950	0.08584	1.31636e+01	1.000	1.00000	0.00000e+00	3.06985e+05	10	1	1
25.00000	2.85713	30.000000	950	0.08584	1.76388e+02	1.000	1.00000	0.00000e+00	3.06985e+05	10	1	1
25.00000	2.85713	30.000000	950	0.08584	2.36354e+03	1.000	1.00000	0.00000e+00	3.06985e+05	10	1	1
25.00000	2.85713	30.000000	1225	0.00175	7.33145e-02	0.100	0.00115	0.00000e+00	7.76796e+09	10	1	1
25.00000	2.85713	30.000000	1225	0.00175	9.82388e-01	0.100	0.00115	0.00000e+00	7.76796e+09	10	1	1
25.00000	2.85713	30.000000	1225	0.00175	1.31636e+01	0.100	0.00115	0.00000e+00	7.76796e+09	10	1	1
25.00000	2.85713	30.000000	1225	0.00175	1.76388e+02	0.100	0.00115	0.00000e+00	7.76796e+09	10	1	1
25.00000	2.85713	30.000000	1225	0.00175	2.36354e+03	0.100	0.00115	0.00000e+00	7.76796e+09	10	1	1
25.00000	2.85713	30.000000	1225	0.00434	7.33145e-02	0.220	0.00707	0.00000e+00	4.45330e+08	10	1	1
25.00000	2.85713	30.000000	1225	0.00434	9.82388e-01	0.220	0.00707	0.00000e+00	4.45330e+08	10	1	1
25.00000	2.85713	30.000000	1225	0.00434	1.31636e+01	0.220	0.00707	0.00000e+00	4.45330e+08	10	1	1
25.00000	2.85713	30.000000	1225	0.00434	1.76388e+02	0.220	0.00707	0.00000e+00	4.45330e+08	10	1	1
25.00000	2.85713	30.000000	1225	0.00434	2.36354e+03	0.220	0.00707	0.00000e+00	4.45330e+08	10	1	1
25.00000	2.85713	30.000000	1225	0.00620	7.33145e-02	0.300	0.01442	0.00000e+00	1.47060e+08	10	1	1
25.00000	2.85713	30.000000	1225	0.00620	9.82388e-01	0.300	0.01442	0.00000e+00	1.47060e+08	10	1	1
25.00000	2.85713	30.000000	1225	0.00620	1.31636e+01	0.300	0.01442	0.00000e+00	1.47060e+08	10	1	1
25.00000	2.85713	30.000000	1225	0.00620	1.76388e+02	0.300	0.01442	0.00000e+00	1.47060e+08	10	1	1
25.00000	2.85713	30.000000	1225	0.00620	2.36354e+03	0.300	0.01442	0.00000e+00	1.47060e+08	10	1	1
25.00000	2.85713	30.000000	1225	0.01562	7.33145e-02	0.550	0.09151	0.00000e+00	1.26950e+07	10	1	1
25.00000	2.85713	30.000000	1225	0.01562	9.82388e-01	0.550	0.09151	0.00000e+00	1.26950e+07	10	1	1
25.00000	2.85713	30.000000	1225	0.01562	1.31636e+01	0.550	0.09151	0.00000e+00	1.26950e+07	10	1	1
25.00000	2.85713	30.000000	1225	0.01562	1.76388e+02	0.550	0.09151	0.00000e+00	1.26950e+07	10	1	1
25.00000	2.85713	30.000000	1225	0.01562	2.36354e+03	0.550	0.09151	0.00000e+00	1.26950e+07	10	1	1
25.00000	2.85713	30.000000	1225	0.05162	7.33145e-02	1.000	1.00000	0.00000e+00	8.95081e+05	10	1	1
25.00000	2.85713	30.000000	1225	0.05162	9.82388e-01	1.000	1.00000	0.00000e+00	8.95081e+05	10	1	1
25.00000	2.85713	30.000000	1225	0.05162	1.31636e+01	1.000	1.00000	0.00000e+00	8.95081e+05	10	1	1
25.00000	2.85713	30.000000	1225	0.05162	1.76388e+02	1.000	1.00000	0.00000e+00	8.95081e+05	10	1	1
25.00000	2.85713	30.000000	1225	0.05162	2.36354e+03	1.000	1.00000	0.00000e+00	8.95081e+05	10	1	1
25.00000	2.85713	30.000000	1500	0.00117	7.33145e-02	0.100	0.00115	0.00000e+00	3.67095e+08	10	1	1
25.00000	2.85713	30.000000	1500	0.00117	9.82388e-01	0.100	0.00115	0.00000e+00	3.67095e+08	10	1	1
25.00000	2.85713	30.000000	1500	0.00117	1.31636e+01	0.100	0.00115	0.00000e+00	3.67095e+08	10	1	1
25.00000	2.85713	30.000000	1500	0.00117	1.76388e+02	0.100	0.00115	0.00000e+00	3.67095e+08	10	1	1
25.00000	2.85713	30.000000	1500	0.00117	2.36354e+03	0.100	0.00115	0.00000e+00	3.67095e+08	10	1	1
25.00000	2.85713	30.000000	1500	0.00289	7.33145e-02	0.220	0.00707	0.00000e+00	9.21624e+09	10	1	1
25.00000	2.85713	30.000000	1500	0.00289	9.82388e-01	0.220	0.00707	0.00000e+00	9.21624e+09	10	1	1
25.00000	2.85713	30.000000	1500	0.00289	1.31636e+01	0.220	0.00707	0.00000e+00	9.21624e+09	10	1	1
25.00000	2.85713	30.000000	1500	0.00289	1.76388e+02	0.220	0.00707	0.00000e+00	9.21624e+09	10	1	1
25.00000	2.85713	30.000000	1500	0.00289	2.36354e+03	0.220	0.00707	0.00000e+00	9.21624e+09	10	1	1
25.00000	2.85713	30.000000	1500	0.00414	7.33145e-02	0.300	0.01442	0.00000e+00	8.64050e+08	10	1	1
25.00000	2.85713	30.000000	1500	0.00414	9.82388e-01	0.300	0.01442	0.00000e+00	8.64050e+08	10	1	1
25.00000	2.85713	30.000000	1500	0.00414	1.31636e+01	0.300	0.01442	0.00000e+00	8.64050e+08	10	1	1
25.00000	2.85713	30.000000	1500	0.00414	1.76388e+02	0.300	0.01442	0.00000e+00	8.64050e+08	10	1	1
25.00000	2.85713	30.000000	1500	0.00414	2.36354e+03	0.300	0.01442	0.00000e+00	8.64050e+08	10	1	1
25.00000	2.85713	30.000000	1500	0.01041	7.33145e-02	0.550	0.09151	0.00000e+00	3.67463e+07	10	1	1
25.00000	2.85713	30.000000	1500	0.01041	9.82388e-01	0.550	0.09151	0.00000e+00	3.67463e+07	10	1	1
25.00000	2.85713	30.000000	1500	0.01041	1.31636e+01	0.550	0.09151	0.00000e+00	3.67463e+07	10	1	1
25.00000	2.85713	30.000000	1500	0.01041	1.76388e+02	0.550	0.09151	0.00000e+00	3.67463e+07	10	1	1
25.00000	2.85713	30.000000	1500	0.01041	2.36354e+03	0.550	0.09151	0.00000e+00	3.67463e+07	10	1	1
25.00000	2.85713	30.000000	1500	0.03443	7.33145e-02	1.000	1.00000	0.00000e+00	2.15911e+06	10	1	1
25.00000	2.85713	30.000000	1500	0.03443	9.82388e-01	1.000	1.00000	0.00000e+00	2.15911e+06	10	1	1
25.00000	2.85713	30.000000	1500	0.03443	1.31636e+01	1.000	1.00000	0.00000e+00	2.15911e+06	10	1	1
25.00000	2.85713	30.000000	1500	0.03443	1.76388e+02	1.000	1.00000	0.00000e+00	2.15911e+06	10	1	1
25.00000	2.85713	30.000000	1500	0.03443	2.36354e+03	1.000	1.00000	0.00000e+00	2.15911e+06	10	1	1
27.00000	7.16636	5.150000	400	0.01644	7.33145e-02	0.100	0.00115	0.00000e+00	8.46391e+07	10	1	1
27.00000	7.16636	5.150000	400	0.01644	9.82388e-01	0.100	0.00115	0.00000e+00	8.46391e+07	10	1	1
27.00000	7.16636	5.150000	400	0.01644	1.31636e+01	0.100	0.00115	0.00000e+00	8.46391e+07	10	1	1
27.00000	7.16636	5.150000	400	0.01644	1.76388e+02	0.100	0.00115	0.00000e+00	8.46391e+07	10	1	1
27.00000	7.16636	5.150000	400	0.01644	2.36354e+03	0.100	0.00115	0.00000e+00	8.46391e+07	10	1	1
27.00000	7.16636	5.150000	400	0.04070	7.33145e-02	0.220	0.00707	0.00000e+00	5.05937e+07	10	1	1
27.00000	7.16636	5.150000	400	0.04070	9.82388e-01	0.220	0.00707	0.00000e+00	5.05937e+07	10	1	1
27.00000	7.16636	5.150000	400	0.04070	1.31636e+01	0.220	0.00707	0.00000e+00	5.05937e+07	10	1	1
27.00000	7.16636	5.150000	400	0.04070	1.76388e+02	0.220	0.00707	0.00000e+00	5.05937e+07	10	1	1
27.00000	7.16636	5.150000	400	0.04070	2.36354e+03	0.220	0.00707	0.00000e+00	5.05937e+07	10	1	1
27.00000	7.16636	5.150000	400	0.05815	7.33145e-02	0.300	0.01442	0.00000e+00	2.55118e+07	10	1	1
27.00000	7.16636	5.150000	400	0.05815	9.82388e-01	0.300	0.01442	0.00000e+00	2.55118e+07	10	1	1
27.00000	7.16636	5.150000	400	0.05815	1.31636e+01	0.300	0.01442	0.00000e+00	2.55118e+07	10	1	1
27.00000	7.16636	5.150000	400	0.05815	1.76388e+02	0.300	0.01442	0.00000e+00	2.55118e+07	10	1	1
27.00000	7.16636	5.150000	400	0.05815	2.36354e+03	0.300	0.01442	0.00000e+00	2.55118e+07	10	1	1
27.00000	7.16636	5.150000	400	0.14646	7.33145e-02	0.550	0.09151	0.00000e+00	3.62736e+06	10	1	1
27.00000	7.16636	5.150000	400	0.14646	9.82388e-01	0.550	0.09151	0.00000e+00	3.62736e+06	10	1	1
27.00000	7.16636	5.150000	400	0.14646	1.31636e+01	0.550	0.09151	0.00000e+00	3.62736e+06	10	1	1
27.00000	7.16636	5.150000	400	0.14646	1.76388e+02	0.550	0.09151	0.00000e+00	3.62736e+06	10	1	1
27.00000	7.16636	5.150000	400	0.14646	2.36354e+03	0.550	0.09151	0.00000e+00	3.62736e+06	10	1	1
27.00000	7.16636	5.150000	400	0.48417	7.33145e-02	1.000	1.00000	0.00000e+00	3.13487e+05	10	1	1
27.00000	7.16636	5.150000	400	0.48417	9.82388e-01	1.000	1.00000	0.00000e+00	3.13487e+05	10	1	1
27.00000	7.16636	5.150000	400	0.48417	1.31636e+01	1.000	1.00000	0.00000e+00	3.13487e+05	10	1	1
27.00000	7.16636	5.150000	400	0.48417	1.76388e+02	1.000	1.00000	0.00000e+00	3.13487e+05	10	1	1
27.00000	7.16636	5.150000	400	0.48417	2.36354e+03	1.000	1.00000	0.00000e+00	3.13487e+05	10	1	1
27.00000	7.16636	5.150000	675	0.00577	7.33145e-02	0.100	0.00115	3.65607e+04	8.59353e+09	1	0	0
27.00000	7.16636	5.150000	675	0.00577	9.82388e-01	0.100	0.00115	4.60364e+05	8.59353e+09	1	0	0
27.00000	7.16636	5.150000	675	0.00577	1.31636e+01	0.100	0.00115	4.65884e+06	8.59353e+09	1	0	0
27.00000	7.16636	5.150000	675	0.00577	1.76388e+02	0.100	0.00115	0.00000e+00	8.59353e+09	10	1	1
27.00000	7.16636	5.150000	675	0.00577	2.36354e+03	0.100	0.00115	0.00000e+00	8.59353e+09	10	1	1
27.00000	7.16636	5.150000	675	0.01429	7.33145e-02	0.220	0.00707	0.00000e+00	8.05605e+08	10	1	1
27.00000	7.16636	5.150000	675	0.01429	9.82388e-01	0.220	0.00707	0.00000e+00	8.05605e+08	10	1	1
27.00000	7.16636	5.150000	675	0.01429	1.31636e+01	0.220	0.00707	0.00000e+00	8.05605e+08	10	1	1
27.00000	7.16636	5.150000	675	0.01429	1.76388e+02	0.220	0.00707	0.00000e+00	8.05605e+08	10	1	1
27.00000	7.16636	5.150000	675	0.01429	2.36354e+03	0.220	0.00707	0.00000e+00	8.05605e+08	10	1	1
27.00000	7.16636	5.150000	675	0.02042	7.33145e-02	0.300	0.01442	0.00000e+00	3.29511e+08	10	1	1
27.00000	7.16636	5.150000	675	0.02042	9.82388e-01	0.300	0.01442	0.00000e+00	3.29511e+08	10	1	1
27.00000	7.16636	5.150000	675	0.02042	1.31636e+01	0.300	0.01442	0.00000e+00	3.29511e+08	10	1	1
27.00000	7.16636	5.150000	675	0.02042	1.76388e+02	0.300	0.01442	0.00000e+00	3.29511e+08	10	1	1
27.00000	7.16636	5.150000	675	0.02042	2.36354e+03	0.300	0.01442	0.00000e+00	3.29511e+08	10	1	1
27.00000	7.16636	5.150000	675	0.05143	7.33145e-02	0.550	0.09151	0.00000e+00	3.54538e+07	10	1	1
27.00000	7.16636	5.150000	675	0.05143	9.82388e-01	0.550	0.09151	0.00000e+00	3.54538e+07	10	1	1
27.00000	7.16636	5.150000	675	0.05143	1.31636e+01	0.550	0.09151	0.00000e+00	3.54538e+07	10	1	1
27.00000	7.16636	5.150000	675	0.05143	1.76388e+02	0.550	0.09151	0.00000e+00	3.54538e+07	10	1	1
27.00000	7.16636	5.150000	675	0.05143	2.36354e+03	0.550	0.09151	0.00000e+00	3.54538e+07	10	1	1
27.00000	7.16636	5.150000	675	0.17002	7.33145e-02	1.000	1.00000	0.00000e+00	2.70457e+06	10	1	1
27.00000	7.16636	5.150000	675	0.17002	9.82388e-01	1.000	1.00000	0.00000e+00	2.70457e+06	10	1	1
27.00000	7.16636	5.150000	675	0.17002	1.31636e+01	1.000	1.00000	0.00000e+00	2.70457e+06	10	1	1
27.00000	7.16636	5.150000	675	0.17002	1.76388e+02	1.000	1.00000	0.00000e+00	2.70457e+06	10	1	1
27.00000	7.16636	5.150000	675	0.17002	2.36354e+03	1.000	1.00000	0.00000e+00	2.70457e+06	10	1	1
27.00000	7.16636	5.150000	950	0.00291	7.33145e-02	0.100	0.00115	0.00000e+00	2.23604e+09	10	1	1
27.00000	7.16636	5.150000	950	0.00291	9.82388e-01	0.100	0.00115	0.00000e+00	2.23604e+09	10	1	1
27.00000	7.16636	5.150000	950	0.00291	1.31636e+01	0.100	0.00115	0.00000e+00	2.23604e+09	10	1	1
27.00000	7.16636	5.150000	950	0.00291	1.76388e+02	0.100	0.00115	0.00000e+00	2.23604e+09	10	1	1
27.00000	7.16636	5.150000	950	0.00291	2.36354e+03	0.100	0.00115	0.00000e+00	2.23604e+09	10	1	1
27.00000	7.16636	5.150000	950	0.00722	7.33145e-02	0.220	0.00707	3.65607e+04	3.97702e+10	1	0	0
27.00000	7.16636	5.150000	950	0.00722	9.82388e-01	0.220	0.00707	4.60364e+05	3.97702e+10	1	0	0
27.00000	7.16636	5.150000	950	0.00722	1.31636e+01	0.220	0.00707	4.65884e+06	3.97702e+10	1	0	0
27.00000	7.16636	5.150000	950	0.00722	1.76388e+02	0.220	0.00707	0.00000e+00	3.97702e+10	10	1	1
27.00000	7.16636	5.150000	950	0.00722	2.36354e+03	0.220	0.00707	0.00000e+00	3.97702e+10	10	1	1
27.00000	7.16636	5.150000	950	0.01031	7.33145e-02	0.300	0.01442	3.65607e+04	4.38171e+09	1	0	0
27.00000	7.16636	5.150000	950	0.01031	9.82388e-01	0.300	0.01442	4.60364e+05	4.38171e+09	1	0	0
27.00000	7.16636	5.150000	950	0.01031	1.31636e+01	0.300	0.01442	4.65884e+06	4.38171e+09	1	0	0
27.00000	7.16636	5.150000	950	0.01031	1.76388e+02	0.300	0.01442	0.00000e+00	4.38171e+09	10	1	1
27.00000	7.16636	5.150000	950	0.01031	2.36354e+03	0.300	0.01442	0.00000e+00	4.38171e+09	10	1	1
27.00000	7.16636	5.150000	950	0.02597	7.33145e-02	0.550	0.09151	5.67718e+03	1.97418e+08	0	0	0
27.00000	7.16636	5.150000	950	0.02597	9.82388e-01	0.550	0.09151	5.68027e+04	1.97418e+08	0	0	0
27.00000	7.16636	5.150000	950	0.02597	1.31636e+01	0.550	0.09151	4.17496e+05	1.97418e+08	0	0	0
27.00000	7.16636	5.150000	950	0.02597	1.76388e+02	0.550	0.09151	3.61836e+06	1.97418e+08	0	0	0
27.00000	7.16636	5.150000	950	0.02597	2.36354e+03	0.550	0.09151	4.12686e+07	1.97418e+08	0	0	0
27.00000	7.16636	5.150000	950	0.08584	7.33145e-02	1.000	1.00000	0.00000e+00	1.17381e+07	10	1	1
27.00000	7.16636	5.150000	950	0.08584	9.82388e-01	1.000	1.00000	0.00000e+00	1.17381e+07	10	1	1
27.00000	7.16636	5.150000	950	0.08584	1.31636e+01	1.000	1.00000	0.00000e+00	1.17381e+07	10	1	1
27.00000	7.16636	5.150000	950	0.08584	1.76388e+02	1.000	1.00000	0.00000e+00	1.17381e+07	10	1	1
27.00000	7.16636	5.150000	950	0.08584	2.36354e+03	1.000	1.00000	0.00000e+00	1.17381e+07	10	1	1
27.00000	7.16636	5.150000	1225	0.00175	7.33145e-02	0.100	0.00115	0.00000e+00	6.40058e+08	10	1	1
27.00000	7.16636	5.150000	1225	0.00175	9.82388e-01	0.100	0.00115	0.00000e+00	6.40058e+08	10	1	1
27.00000	7.16636	5.150000	1225	0.00175	1.31636e+01	0.100	0.00115	0.00000e+00	6.40058e+08	10	1	1
27.00000	7.16636	5.150000	1225	0.00175	1.76388e+02	0.100	0.00115	0.00000e+00	6.40058e+08	10	1	1
27.00000	7.16636	5.150000	1225	0.00175	2.36354e+03	0.100	0.00115	0.00000e+00	6.40058e+08	10	1	1
27.00000	7.16636	5.150000	1225	0.00434	7.33145e-02	0.220	0.00707	0.00000e+00	1.16679e+10	10	1	1
27.00000	7.16636	5.150000	1225	0.00434	9.82388e-01	0.220	0.00707	0.00000e+00	1.16679e+10	10	1	1
27.00000	7.16636	5.150000	1225	0.00434	1.31636e+01	0.220	0.00707	0.00000e+00	1.16679e+10	10	1	1
27.00000	7.16636	5.150000	1225	0.00434	1.76388e+02	0.220	0.00707	0.00000e+00	1.16679e+10	10	1	1
27.00000	7.16636	5.150000	1225	0.00434	2.36354e+03	0.220	0.00707	0.00000e+00	1.16679e+10	10	1	1
27.00000	7.16636	5.150000	1225	0.00620	7.33145e-02	0.300	0.01442	3.65607e+04	1.21370e+11	1	0	0
27.00000	7.16636	5.150000	1225	0.00620	9.82388e-01	0.300	0.01442	4.60364e+05	1.21370e+11	1	0	0
27.00000	7.16636	5.150000	1225	0.00620	1.31636e+01	0.300	0.01442	4.65884e+06	1.21370e+11	1	0	0
27.00000	7.16636	5.150000	1225	0.00620	1.76388e+02	0.300	0.01442	4.47589e+07	1.21370e+11	1	0	0
27.00000	7.16636	5.150000	1225	0.00620	2.36354e+03	0.300	0.01442	0.00000e+00	1.21370e+11	10	1	1
27.00000	7.16636	5.150000	1225	0.01562	7.33145e-02	0.550	0.09151	0.00000e+00	1.06133e+09	10	1	1
27.00000	7.16636	5.150000	1225	0.01562	9.82388e-01	0.550	0.09151	4.60364e+05	1.06133e+09	1	0	0
27.00000	7.16636	5.150000	1225	0.01562	1.31636e+01	0.550	0.09151	4.65884e+06	1.06133e+09	1	0	0
27.00000	7.16636	5.150000	1225	0.01562	1.76388e+02	0.550	0.09151	0.00000e+00	1.06133e+09	10	1	1
27.00000	7.16636	5.150000	1225	0.01562	2.36354e+03	0.550	0.09151	0.00000e+00	1.06133e+09	10	1	1
27.00000	7.16636	5.150000	1225	0.05162	7.33145e-02	1.000	1.00000	0.00000e+00	3.77192e+07	10	1	1
27.00000	7.16636	5.150000	1225	0.05162	9.82388e-01	1.000	1.00000	0.00000e+00	3.77192e+07	10	1	1
27.00000	7.16636	5.150000	1225	0.05162	1.31636e+01	1.000	1.00000	0.00000e+00	3.77192e+07	10	1	1
27.00000	7.16636	5.150000	1225	0.05162	1.76388e+02	1.000	1.00000	0.00000e+00	3.77192e+07	10	1	1
27.00000	7.16636	5.150000	1225	0.05162	2.36354e+03	1.000	1.00000	0.00000e+00	3.77192e+07	10	1	1
27.00000	7.16636	5.150000	1500	0.00117	7.33145e-02	0.100	0.00115	0.00000e+00	3.47547e+08	10	1	1
27.00000	7.16636	5.150000	1500	0.00117	9.82388e-01	0.100	0.00115	0.00000e+00	3.47547e+08	10	1	1
27.00000	7.16636	5.150000	1500	0.00117	1.31636e+01	0.100	0.00115	0.00000e+00	3.47547e+08	10	1	1
27.00000	7.16636	5.150000	1500	0.00117	1.76388e+02	0.100	0.00115	0.00000e+00	3.47547e+08	10	1	1
27.00000	7.16636	5.150000	1500	0.00117	2.36354e+03	0.100	0.00115	0.00000e+00	3.47547e+08	10	1	1
27.00000	7.16636	5.150000	1500	0.00289	7.33145e-02	0.220	0.00707	0.00000e+00	2.98204e+09	10	1	1
27.00000	7.16636	5.150000	1500	0.00289	9.82388e-01	0.220	0.00707	0.00000e+00	2.98204e+09	10	1	1
27.00000	7.16636	5.150000	1500	0.00289	1.31636e+01	0.220	0.00707	0.00000e+00	2.98204e+09	10	1	1
27.00000	7.16636	5.150000	1500	0.00289	1.76388e+02	0.220	0.00707	0.00000e+00	2.98204e+09	10	1	1
27.00000	7.16636	5.150000	1500	0.00289	2.36354e+03	0.220	0.00707	0.00000e+00	2.98204e+09	10	1	1
27.00000	7.16636	5.150000	1500	0.00414	7.33145e-02	0.300	0.01442	0.00000e+00	5.43182e+09	10	1	1
27.00000	7.16636	5.150000	1500	0.00414	9.82388e-01	0.300	0.01442	0.00000e+00	5.43182e+09	10	1	1
27.00000	7.16636	5.150000	1500	0.00414	1.31636e+01	0.300	0.01442	0.00000e+00	5.43182e+09	10	1	1
27.00000	7.16636	5.150000	1500	0.00414	1.76388e+02	0.300	0.01442	0.00000e+00	5.43182e+09	10	1	1
27.00000	7.16636	5.150000	1500	0.00414	2.36354e+03	0.300	0.01442	0.00000e+00	5.43182e+09	10	1	1
27.00000	7.16636	5.150000	1500	0.01041	7.33145e-02	0.550	0.09151	3.65607e+04	1.18166e+10	1	0	0
27.00000	7.16636	5.150000	1500	0.01041	9.82388e-01	0.550	0.09151	4.60364e+05	1.18166e+10	1	0	0
27.00000	7.16636	5.150000	1500	0.01041	1.31636e+01	0.550	0.09151	4.65884e+06	1.18166e+10	1	0	0
27.00000	7.16636	5.150000	1500	0.01041	1.76388e+02	0.550	0.09151	0.00000e+00	1.18166e+10	10	1	1
27.00000	7.16636	5.150000	1500	0.01041	2.36354e+03	0.550	0.09151	0.00000e+00	1.18166e+10	10	1	1
27.00000	7.16636	5.150000	1500	0.03443	7.33145e-02	1.000	1.00000	0.00000e+00	1.05443e+08	10	1	1
27.00000	7.16636	5.150000	1500	0.03443	9.82388e-01	1.000	1.00000	0.00000e+00	1.05443e+08	10	1	1
27.00000	7.16636	5.150000	1500	0.03443	1.31636e+01	1.000	1.00000	0.00000e+00	1.05443e+08	10	1	1
27.00000	7.16636	5.150000	1500	0.03443	1.76388e+02	1.000	1.00000	0.00000e+00	1.05443e+08	10	1	1
27.00000	7.16636	5.150000	1500	0.03443	2.36354e+03	1.000	1.00000	0.00000e+00	1.05443e+08	10	1	1
27.00000	6.04411	7.240000	400	0.01644	7.33145e-02	0.100	0.00115	1.98291e+02	3.86482e+07	0	0	0
27.00000	6.04411	7.240000	400	0.01644	9.82388e-01	0.100	0.00115	2.21946e+03	3.86482e+07	0	0	0
27.00000	6.04411	7.240000	400	0.01644	1.31636e+01	0.100	0.00115	2.70260e+04	3.86482e+07	0	0	0
27.00000	6.04411	7.240000	400	0.01644	1.76388e+02	0.100	0.00115	4.38000e+05	3.86482e+07	0	0	0
27.00000	6.04411	7.240000	400	0.01644	2.36354e+03	0.100	0.00115	7.69291e+06	3.86482e+07	0	0	0
27.00000	6.04411	7.240000	400	0.04070	7.33145e-02	0.220	0.00707	2.11553e+00	2.45005e+07	0	0	0
27.00000	6.04411	7.240000	400	0.04070	9.82388e-01	0.220	0.00707	7.43364e+01	2.45005e+07	0	0	0
27.00000	6.04411	7.240000	400	0.04070	1.31636e+01	0.220	0.00707	2.22893e+03	2.45005e+07	0	0	0
27.00000	6.04411	7.240000	400	0.04070	1.76388e+02	0.220	0.00707	5.72733e+04	2.45005e+07	0	0	0
27.00000	6.04411	7.240000	400	0.04070	2.36354e+03	0.220	0.00707	1.61988e+06	2.45005e+07	0	0	0
27.00000	6.04411	7.240000	400	0.05815	7.33145e-02	0.300	0.01442	6.09717e-01	1.24964e+07	0	0	0
27.00000	6.04411	7.240000	400	0.05815	9.82388e-01	0.300	0.01442	2.78852e+01	1.24964e+07	0	0	0
27.00000	6.04411	7.240000	400	0.05815	1.31636e+01	0.300	0.01442	1.13194e+03	1.24964e+07	0	0	0
27.00000	6.04411	7.240000	400	0.05815	1.76388e+02	0.300	0.01442	3.37772e+04	1.24964e+07	0	0	0
27.00000	6.04411	7.240000	400	0.05815	2.36354e+03	0.300	0.01442	1.08116e+06	1.24964e+07	0	0	0
27.00000	6.04411	7.240000	400	0.14646	7.33145e-02	0.550	0.09151	0.00000e+00	1.80900e+06	10	1	1
27.00000	6.04411	7.240000	400	0.14646	9.82388e-01	0.550	0.09151	0.00000e+00	1.80900e+06	10	1	1
27.00000	6.04411	7.240000	400	0.14646	1.31636e+01	0.550	0.09151	0.00000e+00	1.80900e+06	10	1	1
27.00000	6.04411	7.240000	400	0.14646	1.76388e+02	0.550	0.09151	0.00000e+00	1.80900e+06	10	1	1
27.00000	6.04411	7.240000	400	0.14646	2.36354e+03	0.550	0.09151	0.00000e+00	1.80900e+06	10	1	1
27.00000	6.04411	7.240000	400	0.48417	7.33145e-02	1.000	1.00000	0.00000e+00	1.57815e+05	10	1	1
27.00000	6.04411	7.240000	400	0.48417	9.82388e-01	1.000	1.00000	2.22194e+00	1.57815e+05	0	0	0
27.00000	6.04411	7.240000	400	0.48417	1.31636e+01	1.000	1.00000	1.91641e+02	1.57815e+05	0	0	0
27.00000	6.04411	7.240000	400	0.48417	1.76388e+02	1.000	1.00000	9.50886e+03	1.57815e+05	0	0	0
27.00000	6.04411	7.240000	400	0.48417	2.36354e+03	1.000	1.00000	0.00000e+00	1.57815e+05	10	1	1
27.00000	6.04411	7.240000	675	0.00577	7.33145e-02	0.100	0.00115	0.00000e+00	1.56401e+09	10	1	1
27.00000	6.04411	7.240000	675	0.00577	9.82388e-01	0.100	0.00115	0.00000e+00	1.56401e+09	10	1	1
27.00000	6.04411	7.240000	675	0.00577	1.31636e+01	0.100	0.00115	0.00000e+00	1.56401e+09	10	1	1
27.00000	6.04411	7.240000	675	0.00577	1.76388e+02	0.100	0.00115	0.00000e+00	1.56401e+09	10	1	1
27.00000	6.04411	7.240000	675	0.00577	2.36354e+03	0.100	0.00115	0.00000e+00	1.56401e+09	10	1	1
27.00000	6.04411	7.240000	675	0.01429	7.33145e-02	0.220	0.00707	3.31516e+03	3.35344e+08	0	0	0
27.00000	6.04411	7.240000	675	0.01429	9.82388e-01	0.220	0.00707	3.48065e+04	3.35344e+08	0	0	0
27.00000	6.04411	7.240000	675	0.01429	1.31636e+01	0.220	0.00707	2.69195e+05	3.35344e+08	0	0	0
27.00000	6.04411	7.240000	675	0.01429	1.76388e+02	0.220	0.00707	2.25739e+06	3.35344e+08	0	0	0
27.00000	6.04411	7.240000	675	0.01429	2.36354e+03	0.220	0.00707	2.58943e+07	3.35344e+08	0	0	0
27.00000	6.04411	7.240000	675	0.02042	7.33145e-02	0.300	0.01442	5.31497e+02	1.46639e+08	0	0	0
27.00000	6.04411	7.240000	675	0.02042	9.82388e-01	0.300	0.01442	5.85826e+03	1.46639e+08	0	0	0
27.00000	6.04411	7.240000	675	0.02042	1.31636e+01	0.300	0.01442	5.72363e+04	1.46639e+08	0	0	0
27.00000	6.04411	7.240000	675	0.02042	1.76388e+02	0.300	0.01442	7.69458e+05	1.46639e+08	0	0	0
27.00000	6.04411	7.240000	675	0.02042	2.36354e+03	0.300	0.01442	1.18499e+07	1.46639e+08	0	0	0
27.00000	6.04411	7.240000	675	0.05143	7.33145e-02	0.550	0.09151	0.00000e+00	1.70999e+07	10	1	1
27.00000	6.04411	7.240000	675	0.05143	9.82388e-01	0.550	0.09151	0.00000e+00	1.70999e+07	10	1	1
27.00000	6.04411	7.240000	675	0.05143	1.31636e+01	0.550	0.09151	0.00000e+00	1.70999e+07	10	1	1
27.00000	6.04411	7.240000	675	0.05143	1.76388e+02	0.550	0.09151	0.00000e+00	1.70999e+07	10	1	1
27.00000	6.04411	7.240000	675	0.05143	2.36354e+03	0.550	0.09151	1.84509e+06	1.70999e+07	0	0	0
27.00000	6.04411	7.240000	675	0.17002	7.33145e-02	1.000	1.00000	0.00000e+00	1.34771e+06	10	1	1
27.00000	6.04411	7.240000	675	0.17002	9.82388e-01	1.000	1.00000	0.00000e+00	1.34771e+06	10	1	1
27.00000	6.04411	7.240000	675	0.17002	1.31636e+01	1.000	1.00000	0.00000e+00	1.34771e+06	10	1	1
27.00000	6.04411	7.240000	675	0.17002	1.76388e+02	1.000	1.00000	0.00000e+00	1.34771e+06	10	1	1
27.00000	6.04411	7.240000	675	0.17002	2.36354e+03	1.000	1.00000	0.00000e+00	1.34771e+06	10	1	1
27.00000	6.04411	7.240000	950	0.00291	7.33145e-02	0.100	0.00115	0.00000e+00	3.47855e+09	10	1	1
27.00000	6.04411	7.240000	950	0.00291	9.82388e-01	0.100	0.00115	0.00000e+00	3.47855e+09	10	1	1
27.00000	6.04411	7.240000	950	0.00291	1.31636e+01	0.100	0.00115	0.00000e+00	3.47855e+09	10	1	1
27.00000	6.04411	7.240000	950	0.00291	1.76388e+02	0.100	0.00115	0.00000e+00	3.47855e+09	10	1	1
27.00000	6.04411	7.240000	950	0.00291	2.36354e+03	0.100	0.00115	0.00000e+00	3.47855e+09	10	1	1
27.00000	6.04411	7.240000	950	0.00722	7.33145e-02	0.220	0.00707	0.00000e+00	5.85382e+09	10	1	1
27.00000	6.04411	7.240000	950	0.00722	9.82388e-01	0.220	0.00707	0.00000e+00	5.85382e+09	10	1	1
27.00000	6.04411	7.240000	950	0.00722	1.31636e+01	0.220	0.00707	0.00000e+00	5.85382e+09	10	1	1
27.00000	6.04411	7.240000	950	0.00722	1.76388e+02	0.220	0.00707	0.00000e+00	5.85382e+09	10	1	1
27.00000	6.04411	7.240000	950	0.00722	2.36354e+03	0.220	0.00707	0.00000e+00	5.85382e+09	10	1	1
27.00000	6.04411	7.240000	950	0.01031	7.33145e-02	0.300	0.01442	3.59942e+04	1.35359e+09	0	0	0
27.00000	6.04411	7.240000	950	0.01031	9.82388e-01	0.300	0.01442	4.42027e+05	1.35359e+09	0	0	0
27.00000	6.04411	7.240000	950	0.01031	1.31636e+01	0.300	0.01442	4.32393e+06	1.35359e+09	0	0	0
27.00000	6.04411	7.240000	950	0.01031	1.76388e+02	0.300	0.01442	2.37533e+07	1.35359e+09	0	0	0
27.00000	6.04411	7.240000	950	0.01031	2.36354e+03	0.300	0.01442	8.96541e+07	1.35359e+09	0	0	0
27.00000	6.04411	7.240000	950	0.02597	7.33145e-02	0.550	0.09151	4.08954e+02	8.84991e+07	0	0	0
27.00000	6.04411	7.240000	950	0.02597	9.82388e-01	0.550	0.09151	4.47888e+03	8.84991e+07	0	0	0
27.00000	6.04411	7.240000	950	0.02597	1.31636e+01	0.550	0.09151	4.60026e+04	8.84991e+07	0	0	0
27.00000	6.04411	7.240000	950	0.02597	1.76388e+02	0.550	0.09151	6.56343e+05	8.84991e+07	0	0	0
27.00000	6.04411	7.240000	950	0.02597	2.36354e+03	0.550	0.09151	1.05007e+07	8.84991e+07	0	0	0
27.00000	6.04411	7.240000	950	0.08584	7.33145e-02	1.000	1.00000	6.34242e-01	5.74705e+06	0	0	0
27.00000	6.04411	7.240000	950	0.08584	9.82388e-01	1.000	1.00000	2.87478e+01	5.74705e+06	0	0	0
27.00000	6.04411	7.240000	950	0.08584	1.31636e+01	1.000	1.00000	1.15557e+03	5.74705e+06	0	0	0
27.00000	6.04411	7.240000	950	0.08584	1.76388e+02	1.000	1.00000	3.43225e+04	5.74705e+06	0	0	0
27.00000	6.04411	7.240000	950	0.08584	2.36354e+03	1.000	1.00000	0.00000e+00	5.74705e+06	10	1	1
27.00000	6.04411	7.240000	1225	0.00175	7.33145e-02	0.100	0.00115	0.00000e+00	6.30823e+08	10	1	1
27.00000	6.04411	7.240000	1225	0.00175	9.82388e-01	0.100	0.00115	0.00000e+00	6.30823e+08	10	1	1
27.00000	6.04411	7.240000	1225	0.00175	1.31636e+01	0.100	0.00115	0.00000e+00	6.30823e+08	10	1	1
27.00000	6.04411	7.240000	1225	0.00175	1.76388e+02	0.100	0.00115	0.00000e+00	6.30823e+08	10	1	1
27.00000	6.04411	7.240000	1225	0.00175	2.36354e+03	0.100	0.00115	0.00000e+00	6.30823e+08	10	1	1
27.00000	6.04411	7.240000	1225	0.00434	7.33145e-02	0.220	0.00707	0.00000e+00	2.89457e+10	10	1	1
27.00000	6.04411	7.240000	1225	0.00434	9.82388e-01	0.220	0.00707	0.00000e+00	2.89457e+10	10	1	1
27.00000	6.04411	7.240000	1225	0.00434	1.31636e+01	0.220	0.00707	0.00000e+00	2.89457e+10	10	1	1
27.00000	6.04411	7.240000	1225	0.00434	1.76388e+02	0.220	0.00707	0.00000e+00	2.89457e+10	10	1	1
27.00000	6.04411	7.240000	1225	0.00434	2.36354e+03	0.220	0.00707	0.00000e+00	2.89457e+10	10	1	1
27.00000	6.04411	7.240000	1225	0.00620	7.33145e-02	0.300	0.01442	8.23758e+04	1.20378e+11	1	0	0
27.00000	6.04411	7.240000	1225	0.00620	9.82388e-01	0.300	0.01442	9.72623e+05	1.20378e+11	1	0	0
27.00000	6.04411	7.240000	1225	0.00620	1.31636e+01	0.300	0.01442	8.55210e+06	1.20378e+11	1	0	0
27.00000	6.04411	7.240000	1225	0.00620	1.76388e+02	0.300	0.01442	4.83709e+07	1.20378e+11	1	0	0
27.00000	6.04411	7.240000	1225	0.00620	2.36354e+03	0.300	0.01442	0.00000e+00	1.20378e+11	10	1	1
27.00000	6.04411	7.240000	1225	0.01562	7.33145e-02	0.550	0.09151	0.00000e+00	3.99145e+08	10	1	1
27.00000	6.04411	7.240000	1225	0.01562	9.82388e-01	0.550	0.09151	1.71578e+05	3.99145e+08	0	0	0
27.00000	6.04411	7.240000	1225	0.01562	1.31636e+01	0.550	0.09151	1.40577e+06	3.99145e+08	0	0	0
27.00000	6.04411	7.240000	1225	0.01562	1.76388e+02	0.550	0.09151	6.58090e+06	3.99145e+08	0	0	0
27.00000	6.04411	7.240000	1225	0.01562	2.36354e+03	0.550	0.09151	0.00000e+00	3.99145e+08	10	1	1
27.00000	6.04411	7.240000	1225	0.05162	7.33145e-02	1.000	1.00000	0.00000e+00	1.79498e+07	10	1	1
27.00000	6.04411	7.240000	1225	0.05162	9.82388e-01	1.000	1.00000	2.41775e+02	1.79498e+07	0	0	0
27.00000	6.04411	7.240000	1225	0.05162	1.31636e+01	1.000	1.00000	5.38740e+03	1.79498e+07	0	0	0
27.00000	6.04411	7.240000	1225	0.05162	1.76388e+02	1.000	1.00000	1.16680e+05	1.79498e+07	0	0	0
27.00000	6.04411	7.240000	1225	0.05162	2.36354e+03	1.000	1.00000	2.79435e+06	1.79498e+07	0	0	0
27.00000	6.04411	7.240000	1500	0.00117	7.33145e-02	0.100	0.00115	0.00000e+00	3.13213e+08	10	1	1
27.00000	6.04411	7.240000	1500	0.00117	9.82388e-01	0.100	0.00115	0.00000e+00	3.13213e+08	10	1	1
27.00000	6.04411	7.240000	1500	0.00117	1.31636e+01	0.100	0.00115	0.00000e+00	3.13213e+08	10	1	1
27.00000	6.04411	7.240000	1500	0.00117	1.76388e+02	0.100	0.00115	0.00000e+00	3.13213e+08	10	1	1
27.00000	6.04411	7.240000	1500	0.00117	2.36354e+03	0.100	0.00115	0.00000e+00	3.13213e+08	10	1	1
27.00000	6.04411	7.240000	1500	0.00289	7.33145e-02	0.220	0.00707	0.00000e+00	3.31161e+09	10	1	1
27.00000	6.04411	7.240000	1500	0.00289	9.82388e-01	0.220	0.00707	0.00000e+00	3.31161e+09	10	1	1
27.00000	6.04411	7.240000	1500	0.00289	1.31636e+01	0.220	0.00707	0.00000e+00	3.31161e+09	10	1	1
27.00000	6.04411	7.240000	1500	0.00289	1.76388e+02	0.220	0.00707	0.00000e+00	3.31161e+09	10	1	1
27.00000	6.04411	7.240000	1500	0.00289	2.36354e+03	0.220	0.00707	0.00000e+00	3.31161e+09	10	1	1
27.00000	6.04411	7.240000	1500	0.00414	7.33145e-02	0.300	0.01442	0.00000e+00	8.16698e+09	10	1	1
27.00000	6.04411	7.240000	1500	0.00414	9.82388e-01	0.300	0.01442	0.00000e+00	8.16698e+09	10	1	1
27.00000	6.04411	7.240000	1500	0.00414	1.31636e+01	0.300	0.01442	0.00000e+00	8.16698e+09	10	1	1
27.00000	6.04411	7.240000	1500	0.00414	1.76388e+02	0.300	0.01442	0.00000e+00	8.16698e+09	10	1	1
27.00000	6.04411	7.240000	1500	0.00414	2.36354e+03	0.300	0.01442	0.00000e+00	8.16698e+09	10	1	1
27.00000	6.04411	7.240000	1500	0.01041	7.33145e-02	0.550	0.09151	8.23758e+04	2.35626e+09	1	0	0
27.00000	6.04411	7.240000	1500	0.01041	9.82388e-01	0.550	0.09151	9.72623e+05	2.35626e+09	1	0	0
27.00000	6.04411	7.240000	1500	0.01041	1.31636e+01	0.550	0.09151	8.55210e+06	2.35626e+09	1	0	0
27.00000	6.04411	7.240000	1500	0.01041	1.76388e+02	0.550	0.09151	0.00000e+00	2.35626e+09	10	1	1
27.00000	6.04411	7.240000	1500	0.01041	2.36354e+03	0.550	0.09151	0.00000e+00	2.35626e+09	10	1	1
27.00000	6.04411	7.240000	1500	0.03443	7.33145e-02	1.000	1.00000	2.29127e+02	4.79402e+07	0	0	0
27.00000	6.04411	7.240000	1500	0.03443	9.82388e-01	1.000	1.00000	2.53703e+03	4.79402e+07	0	0	0
27.00000	6.04411	7.240000	1500	0.03443	1.31636e+01	1.000	1.00000	2.98309e+04	4.79402e+07	0	0	0
27.00000	6.04411	7.240000	1500	0.03443	1.76388e+02	1.000	1.00000	4.73339e+05	4.79402e+07	0	0	0
27.00000	6.04411	7.240000	1500	0.03443	2.36354e+03	1.000	1.00000	8.17431e+06	4.79402e+07	0	0	0
27.00000	4.34648	14.000000	400	0.01644	7.33145e-02	0.100	0.00115	0.00000e+00	8.97382e+06	10	1	1
27.00000	4.34648	14.000000	400	0.01644	9.82388e-01	0.100	0.00115	0.00000e+00	8.97382e+06	10	1	1
27.00000	4.34648	14.000000	400	0.01644	1.31636e+01	0.100	0.00115	9.83169e+00	8.97382e+06	0	0	0
27.00000	4.34648	14.000000	400	0.01644	1.76388e+02	0.100	0.00115	0.00000e+00	8.97382e+06	10	1	1
27.00000	4.34648	14.000000	400	0.01644	2.36354e+03	0.100	0.00115	0.00000e+00	8.97382e+06	10	1	1
27.00000	4.34648	14.000000	400	0.04070	7.33145e-02	0.220	0.00707	0.00000e+00	6.14994e+06	10	1	1
27.00000	4.34648	14.000000	400	0.04070	9.82388e-01	0.220	0.00707	0.00000e+00	6.14994e+06	10	1	1
27.00000	4.34648	14.000000	400	0.04070	1.31636e+01	0.220	0.00707	2.95508e+00	6.14994e+06	0	0	0
27.00000	4.34648	14.000000	400	0.04070	1.76388e+02	0.220	0.00707	0.00000e+00	6.14994e+06	10	1	1
27.00000	4.34648	14.000000	400	0.04070	2.36354e+03	0.220	0.00707	0.00000e+00	6.14994e+06	10	1	1
27.00000	4.34648	14.000000	400	0.05815	7.33145e-02	0.300	0.01442	0.00000e+00	3.18738e+06	10	1	1
27.00000	4.34648	14.000000	400	0.05815	9.82388e-01	0.300	0.01442	0.00000e+00	3.18738e+06	10	1	1
27.00000	4.34648	14.000000	400	0.05815	1.31636e+01	0.300	0.01442	1.43590e+00	3.18738e+06	0	0	0
27.00000	4.34648	14.000000	400	0.05815	1.76388e+02	0.300	0.01442	2.05355e+02	3.18738e+06	0	0	0
27.00000	4.34648	14.000000	400	0.05815	2.36354e+03	0.300	0.01442	8.52276e+04	3.18738e+06	0	0	0
27.00000	4.34648	14.000000	400	0.14646	7.33145e-02	0.550	0.09151	0.00000e+00	4.73486e+05	10	1	1
27.00000	4.34648	14.000000	400	0.14646	9.82388e-01	0.550	0.09151	0.00000e+00	4.73486e+05	10	1	1
27.00000	4.34648	14.000000	400	0.14646	1.31636e+01	0.550	0.09151	0.00000e+00	4.73486e+05	10	1	1
27.00000	4.34648	14.000000	400	0.14646	1.76388e+02	0.550	0.09151	0.00000e+00	4.73486e+05	10	1	1
27.00000	4.34648	14.000000	400	0.14646	2.36354e+03	0.550	0.09151	1.20217e+02	4.73486e+05	0	0	0
27.00000	4.34648	14.000000	400	0.48417	7.33145e-02	1.000	1.00000	0.00000e+00	4.18841e+04	10	1	1
27.00000	4.34648	14.000000	400	0.48417	9.82388e-01	1.000	1.00000	0.00000e+00	4.18841e+04	10	1	1
27.00000	4.34648	14.000000	400	0.48417	1.31636e+01	1.000	1.00000	9.97790e+00	4.18841e+04	0	0	0
27.00000	4.34648	14.000000	400	0.48417	1.76388e+02	1.000	1.00000	0.00000e+00	4.18841e+04	10	1	1
27.00000	4.34648	14.000000	400	0.48417	2.36354e+03	1.000	1.00000	0.00000e+00	4.18841e+04	10	1	1
27.00000	4.34648	14.000000	675	0.00577	7.33145e-02	0.100	0.00115	5.70658e+03	1.70421e+08	0	0	0
27.00000	4.34648	14.000000	675	0.00577	9.82388e-01	0.100	0.00115	6.85140e+04	1.70421e+08	0	0	0
27.00000	4.34648	14.000000	675	0.00577	1.31636e+01	0.100	0.00115	6.08220e+05	1.70421e+08	0	0	0
27.00000	4.34648	14.000000	675	0.00577	1.76388e+02	0.100	0.00115	3.07988e+06	1.70421e+08	0	0	0
27.00000	4.34648	14.000000	675	0.00577	2.36354e+03	0.100	0.00115	2.20306e+07	1.70421e+08	0	0	0
27.00000	4.34648	14.000000	675	0.01429	7.33145e-02	0.220	0.00707	5.10930e-01	6.96763e+07	0	0	0
27.00000	4.34648	14.000000	675	0.01429	9.82388e-01	0.220	0.00707	1.85165e+01	6.96763e+07	0	0	0
27.00000	4.34648	14.000000	675	0.01429	1.31636e+01	0.220	0.00707	5.68262e+02	6.96763e+07	0	0	0
27.00000	4.34648	14.000000	675	0.01429	1.76388e+02	0.220	0.00707	1.46394e+04	6.96763e+07	0	0	0
27.00000	4.34648	14.000000	675	0.01429	2.36354e+03	0.220	0.00707	4.22133e+05	6.96763e+07	0	0	0
27.00000	4.34648	14.000000	675	0.02042	7.33145e-02	0.300	0.01442	6.51747e-03	3.29696e+07	0	0	0
27.00000	4.34648	14.000000	675	0.02042	9.82388e-01	0.300	0.01442	5.36099e-01	3.29696e+07	0	0	0
27.00000	4.34648	14.000000	675	0.02042	1.31636e+01	0.300	0.01442	4.30126e+01	3.29696e+07	0	0	0
27.00000	4.34648	14.000000	675	0.02042	1.76388e+02	0.300	0.01442	1.84133e+03	3.29696e+07	0	0	0
27.00000	4.34648	14.000000	675	0.02042	2.36354e+03	0.300	0.01442	0.00000e+00	3.29696e+07	10	1	1
27.00000	4.34648	14.000000	675	0.05143	7.33145e-02	0.550	0.09151	0.00000e+00	4.26847e+06	10	1	1
27.00000	4.34648	14.000000	675	0.05143	9.82388e-01	0.550	0.09151	0.00000e+00	4.26847e+06	10	1	1
27.00000	4.34648	14.000000	675	0.05143	1.31636e+01	0.550	0.09151	0.00000e+00	4.26847e+06	10	1	1
27.00000	4.34648	14.000000	675	0.05143	1.76388e+02	0.550	0.09151	0.00000e+00	4.26847e+06	10	1	1
27.00000	4.34648	14.000000	675	0.05143	2.36354e+03	0.550	0.09151	0.00000e+00	4.26847e+06	10	1	1
27.00000	4.34648	14.000000	675	0.17002	7.33145e-02	1.000	1.00000	0.00000e+00	3.52332e+05	10	1	1
27.00000	4.34648	14.000000	675	0.17002	9.82388e-01	1.000	1.00000	0.00000e+00	3.52332e+05	10	1	1
27.00000	4.34648	14.000000	675	0.17002	1.31636e+01	1.000	1.00000	0.00000e+00	3.52332e+05	10	1	1
27.00000	4.34648	14.000000	675	0.17002	1.76388e+02	1.000	1.00000	0.00000e+00	3.52332e+05	10	1	1
27.00000	4.34648	14.000000	675	0.17002	2.36354e+03	1.000	1.00000	0.00000e+00	3.52332e+05	10	1	1
27.00000	4.34648	14.000000	950	0.00291	7.33145e-02	0.100	0.00115	0.00000e+00	5.17123e+11	10	1	1
27.00000	4.34648	14.000000	950	0.00291	9.82388e-01	0.100	0.00115	0.00000e+00	5.17123e+11	10	1	1
27.00000	4.34648	14.000000	950	0.00291	1.31636e+01	0.100	0.00115	0.00000e+00	5.17123e+11	10	1	1
27.00000	4.34648	14.000000	950	0.00291	1.76388e+02	0.100	0.00115	0.00000e+00	5.17123e+11	10	1	1
27.00000	4.34648	14.000000	950	0.00291	2.36354e+03	0.100	0.00115	0.00000e+00	5.17123e+11	10	1	1
27.00000	4.34648	14.000000	950	0.00722	7.33145e-02	0.220	0.00707	7.75054e+03	5.74180e+08	0	0	0
27.00000	4.34648	14.000000	950	0.00722	9.82388e-01	0.220	0.00707	9.42365e+04	5.74180e+08	0	0	0
27.00000	4.34648	14.000000	950	0.00722	1.31636e+01	0.220	0.00707	8.80737e+05	5.74180e+08	0	0	0
27.00000	4.34648	14.000000	950	0.00722	1.76388e+02	0.220	0.00707	4.27139e+06	5.74180e+08	0	0	0
27.00000	4.34648	14.000000	950	0.00722	2.36354e+03	0.220	0.00707	2.60299e+07	5.74180e+08	0	0	0
27.00000	4.34648	14.000000	950	0.01031	7.33145e-02	0.300	0.01442	4.61267e+02	2.10348e+08	0	0	0
27.00000	4.34648	14.000000	950	0.01031	9.82388e-01	0.300	0.01442	5.45738e+03	2.10348e+08	1	0	0
27.00000	4.34648	14.000000	950	0.01031	1.31636e+01	0.300	0.01442	5.03411e+04	2.10348e+08	0	0	0
27.00000	4.34648	14.000000	950	0.01031	1.76388e+02	0.300	0.01442	5.11072e+05	2.10348e+08	0	0	0
27.00000	4.34648	14.000000	950	0.01031	2.36354e+03	0.300	0.01442	7.00841e+06	2.10348e+08	0	0	0
27.00000	4.34648	14.000000	950	0.02597	7.33145e-02	0.550	0.09151	0.00000e+00	2.00783e+07	10	1	1
27.00000	4.34648	14.000000	950	0.02597	9.82388e-01	0.550	0.09151	0.00000e+00	2.00783e+07	10	1	1
27.00000	4.34648	14.000000	950	0.02597	1.31636e+01	0.550	0.09151	2.85745e+01	2.00783e+07	0	0	0
27.00000	4.34648	14.000000	950	0.02597	1.76388e+02	0.550	0.09151	1.35538e+03	2.00783e+07	0	0	0
27.00000	4.34648	14.000000	950	0.02597	2.36354e+03	0.550	0.09151	0.00000e+00	2.00783e+07	10	1	1
27.00000	4.34648	14.000000	950	0.08584	7.33145e-02	1.000	1.00000	0.00000e+00	1.46492e+06	10	1	1
27.00000	4.34648	14.000000	950	0.08584	9.82388e-01	1.000	1.00000	0.00000e+00	1.46492e+06	10	1	1
27.00000	4.34648	14.000000	950	0.08584	1.31636e+01	1.000	1.00000	0.00000e+00	1.46492e+06	10	1	1
27.00000	4.34648	14.000000	950	0.08584	1.76388e+02	1.000	1.00000	0.00000e+00	1.46492e+06	10	1	1
27.00000	4.34648	14.000000	950	0.08584	2.36354e+03	1.000	1.00000	0.00000e+00	1.46492e+06	10	1	1
27.00000	4.34648	14.000000	1225	0.00175	7.33145e-02	0.100	0.00115	0.00000e+00	7.97718e+08	10	1	1
27.00000	4.34648	14.000000	1225	0.00175	9.82388e-01	0.100	0.00115	0.00000e+00	7.97718e+08	10	1	1
27.00000	4.34648	14.000000	1225	0.00175	1.31636e+01	0.100	0.00115	0.00000e+00	7.97718e+08	10	1	1
27.00000	4.34648	14.000000	1225	0.00175	1.76388e+02	0.100	0.00115	0.00000e+00	7.97718e+08	10	1	1
27.00000	4.34648	14.000000	1225	0.00175	2.36354e+03	0.100	0.00115	0.00000e+00	7.97718e+08	10	1	1
27.00000	4.34648	14.000000	1225	0.00434	7.33145e-02	0.220	0.00707	0.00000e+00	1.63978e+10	10	1	1
27.00000	4.34648	14.000000	1225	0.00434	9.82388e-01	0.220	0.00707	0.00000e+00	1.63978e+10	10	1	1
27.00000	4.34648	14.000000	1225	0.00434	1.31636e+01	0.220	0.00707	0.00000e+00	1.63978e+10	10	1	1
27.00000	4.34648	14.000000	1225	0.00434	1.76388e+02	0.220	0.00707	0.00000e+00	1.63978e+10	10	1	1
27.00000	4.34648	14.000000	1225	0.00434	2.36354e+03	0.220	0.00707	0.00000e+00	1.63978e+10	10	1	1
27.00000	4.34648	14.000000	1225	0.00620	7.33145e-02	0.300	0.01442	0.00000e+00	1.69128e+09	10	1	1
27.00000	4.34648	14.000000	1225	0.00620	9.82388e-01	0.300	0.01442	0.00000e+00	1.69128e+09	10	1	1
27.00000	4.34648	14.000000	1225	0.00620	1.31636e+01	0.300	0.01442	0.00000e+00	1.69128e+09	10	1	1
27.00000	4.34648	14.000000	1225	0.00620	1.76388e+02	0.300	0.01442	0.00000e+00	1.69128e+09	10	1	1
27.00000	4.34648	14.000000	1225	0.00620	2.36354e+03	0.300	0.01442	0.00000e+00	1.69128e+09	10	1	1
27.00000	4.34648	14.000000	1225	0.01562	7.33145e-02	0.550	0.09151	2.77270e+01	7.43665e+07	0	0	0
27.00000	4.34648	14.000000	1225	0.01562	9.82388e-01	0.550	0.09151	3.39190e+02	7.43665e+07	0	0	0
27.00000	4.34648	14.000000	1225	0.01562	1.31636e+01	0.550	0.09151	4.90023e+03	7.43665e+07	0	0	0
27.00000	4.34648	14.000000	1225	0.01562	1.76388e+02	0.550	0.09151	9.12283e+04	7.43665e+07	0	0	0
27.00000	4.34648	14.000000	1225	0.01562	2.36354e+03	0.550	0.09151	1.84531e+06	7.43665e+07	0	0	0
27.00000	4.34648	14.000000	1225	0.05162	7.33145e-02	1.000	1.00000	0.00000e+00	4.39937e+06	10	1	1
27.00000	4.34648	14.000000	1225	0.05162	9.82388e-01	1.000	1.00000	0.00000e+00	4.39937e+06	10	1	1
27.00000	4.34648	14.000000	1225	0.05162	1.31636e+01	1.000	1.00000	0.00000e+00	4.39937e+06	10	1	1
27.00000	4.34648	14.000000	1225	0.05162	1.76388e+02	1.000	1.00000	0.00000e+00	4.39937e+06	10	1	1
27.00000	4.34648	14.000000	1225	0.05162	2.36354e+03	1.000	1.00000	0.00000e+00	4.39937e+06	10	1	1
27.00000	4.34648	14.000000	1500	0.00117	7.33145e-02	0.100	0.00115	0.00000e+00	2.80341e+08	10	1	1
27.00000	4.34648	14.000000	1500	0.00117	9.82388e-01	0.100	0.00115	0.00000e+00	2.80341e+08	10	1	1
27.00000	4.34648	14.000000	1500	0.00117	1.31636e+01	0.100	0.00115	0.00000e+00	2.80341e+08	10	1	1
27.00000	4.34648	14.000000	1500	0.00117	1.76388e+02	0.100	0.00115	0.00000e+00	2.80341e+08	10	1	1
27.00000	4.34648	14.000000	1500	0.00117	2.36354e+03	0.100	0.00115	0.00000e+00	2.80341e+08	10	1	1
27.00000	4.34648	14.000000	1500	0.00289	7.33145e-02	0.220	0.00707	0.00000e+00	7.71024e+09	10	1	1
27.00000	4.34648	14.000000	1500	0.00289	9.82388e-01	0.220	0.00707	0.00000e+00	7.71024e+09	10	1	1
27.00000	4.34648	14.000000	1500	0.00289	1.31636e+01	0.220	0.00707	0.00000e+00	7.71024e+09	10	1	1
27.00000	4.34648	14.000000	1500	0.00289	1.76388e+02	0.220	0.00707	0.00000e+00	7.71024e+09	10	1	1
27.00000	4.34648	14.000000	1500	0.00289	2.36354e+03	0.220	0.00707	0.00000e+00	7.71024e+09	10	1	1
27.00000	4.34648	14.000000	1500	0.00414	7.33145e-02	0.300	0.01442	0.00000e+00	2.54433e+15	10	1	1
27.00000	4.34648	14.000000	1500	0.00414	9.82388e-01	0.300	0.01442	0.00000e+00	2.54433e+15	10	1	1
27.00000	4.34648	14.000000	1500	0.00414	1.31636e+01	0.300	0.01442	0.00000e+00	2.54433e+15	10	1	1
27.00000	4.34648	14.000000	1500	0.00414	1.76388e+02	0.300	0.01442	0.00000e+00	2.54433e+15	10	1	1
27.00000	4.34648	14.000000	1500	0.00414	2.36354e+03	0.300	0.01442	0.00000e+00	2.54433e+15	10	1	1
27.00000	4.34648	14.000000	1500	0.01041	7.33145e-02	0.550	0.09151	4.25191e+03	2.70117e+08	0	0	0
27.00000	4.34648	14.000000	1500	0.01041	9.82388e-01	0.550	0.09151	5.03905e+04	2.70117e+08	0	0	0
27.00000	4.34648	14.000000	1500	0.01041	1.31636e+01	0.550	0.09151	4.31019e+05	2.70117e+08	0	0	0
27.00000	4.34648	14.000000	1500	0.01041	1.76388e+02	0.550	0.09151	2.36361e+06	2.70117e+08	0	0	0
27.00000	4.34648	14.000000	1500	0.01041	2.36354e+03	0.550	0.09151	1.91169e+07	2.70117e+08	0	0	0
27.00000	4.34648	14.000000	1500	0.03443	7.33145e-02	1.000	1.00000	0.00000e+00	1.10705e+07	10	1	1
27.00000	4.34648	14.000000	1500	0.03443	9.82388e-01	1.000	1.00000	0.00000e+00	1.10705e+07	10	1	1
27.00000	4.34648	14.000000	1500	0.03443	1.31636e+01	1.000	1.00000	1.20859e+01	1.10705e+07	0	0	0
27.00000	4.34648	14.000000	1500	0.03443	1.76388e+02	1.000	1.00000	0.00000e+00	1.10705e+07	10	1	1
27.00000	4.34648	14.000000	1500	0.03443	2.36354e+03	1.000	1.00000	0.00000e+00	1.10705e+07	10	1	1
27.00000	2.96921	30.000000	400	0.01644	7.33145e-02	0.100	0.00115	0.00000e+00	1.76161e+06	10	1	1
27.00000	2.96921	30.000000	400	0.01644	9.82388e-01	0.100	0.00115	0.00000e+00	1.76161e+06	10	1	1
27.00000	2.96921	30.000000	400	0.01644	1.31636e+01	0.100	0.00115	0.00000e+00	1.76161e+06	10	1	1
27.00000	2.96921	30.000000	400	0.01644	1.76388e+02	0.100	0.00115	0.00000e+00	1.76161e+06	10	1	1
27.00000	2.96921	30.000000	400	0.01644	2.36354e+03	0.100	0.00115	0.00000e+00	1.76161e+06	10	1	1
27.00000	2.96921	30.000000	400	0.04070	7.33145e-02	0.220	0.00707	0.00000e+00	1.27538e+06	10	1	1
27.00000	2.96921	30.000000	400	0.04070	9.82388e-01	0.220	0.00707	0.00000e+00	1.27538e+06	10	1	1
27.00000	2.96921	30.000000	400	0.04070	1.31636e+01	0.220	0.00707	0.00000e+00	1.27538e+06	10	1	1
27.00000	2.96921	30.000000	400	0.04070	1.76388e+02	0.220	0.00707	0.00000e+00	1.27538e+06	10	1	1
27.00000	2.96921	30.000000	400	0.04070	2.36354e+03	0.220	0.00707	0.00000e+00	1.27538e+06	10	1	1
27.00000	2.96921	30.000000	400	0.05815	7.33145e-02	0.300	0.01442	0.00000e+00	6.68939e+05	10	1	1
27.00000	2.96921	30.000000	400	0.05815	9.82388e-01	0.300	0.01442	0.00000e+00	6.68939e+05	10	1	1
27.00000	2.96921	30.000000	400	0.05815	1.31636e+01	0.300	0.01442	0.00000e+00	6.68939e+05	10	1	1
27.00000	2.96921	30.000000	400	0.05815	1.76388e+02	0.300	0.01442	0.00000e+00	6.68939e+05	10	1	1
27.00000	2.96921	30.000000	400	0.05815	2.36354e+03	0.300	0.01442	0.00000e+00	6.68939e+05	10	1	1
27.00000	2.96921	30.000000	400	0.14646	7.33145e-02	0.550	0.09151	0.00000e+00	1.01361e+05	10	1	1
27.00000	2.96921	30.000000	400	0.14646	9.82388e-01	0.550	0.09151	0.00000e+00	1.01361e+05	10	1	1
27.00000	2.96921	30.000000	400	0.14646	1.31636e+01	0.550	0.09151	0.00000e+00	1.01361e+05	10	1	1
27.00000	2.96921	30.000000	400	0.14646	1.76388e+02	0.550	0.09151	0.00000e+00	1.01361e+05	10	1	1
27.00000	2.96921	30.000000	400	0.14646	2.36354e+03	0.550	0.09151	0.00000e+00	1.01361e+05	10	1	1
27.00000	2.96921	30.000000	400	0.48417	7.33145e-02	1.000	1.00000	0.00000e+00	9.06542e+03	10	1	1
27.00000	2.96921	30.000000	400	0.48417	9.82388e-01	1.000	1.00000	0.00000e+00	9.06542e+03	10	1	1
27.00000	2.96921	30.000000	400	0.48417	1.31636e+01	1.000	1.00000	0.00000e+00	9.06542e+03	10	1	1
27.00000	2.96921	30.000000	400	0.48417	1.76388e+02	1.000	1.00000	0.00000e+00	9.06542e+03	10	1	1
27.00000	2.96921	30.000000	400	0.48417	2.36354e+03	1.000	1.00000	0.00000e+00	9.06542e+03	10	1	1
27.00000	2.96921	30.000000	675	0.00577	7.33145e-02	0.100	0.00115	0.00000e+00	2.29954e+07	10	1	1
27.00000	2.96921	30.000000	675	0.00577	9.82388e-01	0.100	0.00115	0.00000e+00	2.29954e+07	10	1	1
27.00000	2.96921	30.000000	675	0.00577	1.31636e+01	0.100	0.00115	0.00000e+00	2.29954e+07	10	1	1
27.00000	2.96921	30.000000	675	0.00577	1.76388e+02	0.100	0.00115	0.00000e+00	2.29954e+07	10	1	1
27.00000	2.96921	30.000000	675	0.00577	2.36354e+03	0.100	0.00115	0.00000e+00	2.29954e+07	10	1	1
27.00000	2.96921	30.000000	675	0.01429	7.33145e-02	0.220	0.00707	0.00000e+00	1.27418e+07	10	1	1
27.00000	2.96921	30.000000	675	0.01429	9.82388e-01	0.220	0.00707	0.00000e+00	1.27418e+07	10	1	1
27.00000	2.96921	30.000000	675	0.01429	1.31636e+01	0.220	0.00707	0.00000e+00	1.27418e+07	10	1	1
27.00000	2.96921	30.000000	675	0.01429	1.76388e+02	0.220	0.00707	0.00000e+00	1.27418e+07	10	1	1
27.00000	2.96921	30.000000	675	0.01429	2.36354e+03	0.220	0.00707	0.00000e+00	1.27418e+07	10	1	1
27.00000	2.96921	30.000000	675	0.02042	7.33145e-02	0.300	0.01442	0.00000e+00	6.33545e+06	10	1	1
27.00000	2.96921	30.000000	675	0.02042	9.82388e-01	0.300	0.01442	0.00000e+00	6.33545e+06	10	1	1
27.00000	2.96921	30.000000	675	0.02042	1.31636e+01	0.300	0.01442	0.00000e+00	6.33545e+06	10	1	1
27.00000	2.96921	30.000000	675	0.02042	1.76388e+02	0.300	0.01442	0.00000e+00	6.33545e+06	10	1	1
27.00000	2.96921	30.000000	675	0.02042	2.36354e+03	0.300	0.01442	0.00000e+00	6.33545e+06	10	1	1
27.00000	2.96921	30.000000	675	0.05143	7.33145e-02	0.550	0.09151	0.00000e+00	8.81589e+05	10	1	1
27.00000	2.96921	30.000000	675	0.05143	9.82388e-01	0.550	0.09151	0.00000e+00	8.81589e+05	10	1	1
27.00000	2.96921	30.000000	675	0.05143	1.31636e+01	0.550	0.09151	0.00000e+00	8.81589e+05	10	1	1
27.00000	2.96921	30.000000	675	0.05143	1.76388e+02	0.550	0.09151	0.00000e+00	8.81589e+05	10	1	1
27.00000	2.96921	30.000000	675	0.05143	2.36354e+03	0.550	0.09151	0.00000e+00	8.81589e+05	10	1	1
27.00000	2.96921	30.000000	675	0.17002	7.33145e-02	1.000	1.00000	0.00000e+00	7.53558e+04	10	1	1
27.00000	2.96921	30.000000	675	0.17002	9.82388e-01	1.000	1.00000	0.00000e+00	7.53558e+04	10	1	1
27.00000	2.96921	30.000000	675	0.17002	1.31636e+01	1.000	1.00000	0.00000e+00	7.53558e+04	10	1	1
27.00000	2.96921	30.000000	675	0.17002	1.76388e+02	1.000	1.00000	0.00000e+00	7.53558e+04	10	1	1
27.00000	2.96921	30.000000	675	0.17002	2.36354e+03	1.000	1.00000	0.00000e+00	7.53558e+04	10	1	1
27.00000	2.96921	30.000000	950	0.00291	7.33145e-02	0.100	0.00115	0.00000e+00	3.20277e+08	10	1	1
27.00000	2.96921	30.000000	950	0.00291	9.82388e-01	0.100	0.00115	0.00000e+00	3.20277e+08	10	1	1
27.00000	2.96921	30.000000	950	0.00291	1.31636e+01	0.100	0.00115	0.00000e+00	3.20277e+08	10	1	1
27.00000	2.96921	30.000000	950	0.00291	1.76388e+02	0.100	0.00115	0.00000e+00	3.20277e+08	10	1	1
27.00000	2.96921	30.000000	950	0.00291	2.36354e+03	0.100	0.00115	0.00000e+00	3.20277e+08	10	1	1
27.00000	2.96921	30.000000	950	0.00722	7.33145e-02	0.220	0.00707	0.00000e+00	7.46450e+07	10	1	1
27.00000	2.96921	30.000000	950	0.00722	9.82388e-01	0.220	0.00707	0.00000e+00	7.46450e+07	10	1	1
27.00000	2.96921	30.000000	950	0.00722	1.31636e+01	0.220	0.00707	0.00000e+00	7.46450e+07	10	1	1
27.00000	2.96921	30.000000	950	0.00722	1.76388e+02	0.220	0.00707	0.00000e+00	7.46450e+07	10	1	1
27.00000	2.96921	30.000000	950	0.00722	2.36354e+03	0.220	0.00707	0.00000e+00	7.46450e+07	10	1	1
27.00000	2.96921	30.000000	950	0.01031	7.33145e-02	0.300	0.01442	0.00000e+00	3.29226e+07	10	1	1
27.00000	2.96921	30.000000	950	0.01031	9.82388e-01	0.300	0.01442	0.00000e+00	3.29226e+07	10	1	1
27.00000	2.96921	30.000000	950	0.01031	1.31636e+01	0.300	0.01442	0.00000e+00	3.29226e+07	10	1	1
27.00000	2.96921	30.000000	950	0.01031	1.76388e+02	0.300	0.01442	0.00000e+00	3.29226e+07	10	1	1
27.00000	2.96921	30.000000	950	0.01031	2.36354e+03	0.300	0.01442	0.00000e+00	3.29226e+07	10	1	1
27.00000	2.96921	30.000000	950	0.02597	7.33145e-02	0.550	0.09151	0.00000e+00	3.88114e+06	10	1	1
27.00000	2.96921	30.000000	950	0.02597	9.82388e-01	0.550	0.09151	0.00000e+00	3.88114e+06	10	1	1
27.00000	2.96921	30.000000	950	0.02597	1.31636e+01	0.550	0.09151	0.00000e+00	3.88114e+06	10	1	1
27.00000	2.96921	30.000000	950	0.02597	1.76388e+02	0.550	0.09151	0.00000e+00	3.88114e+06	10	1	1
27.00000	2.96921	30.000000	950	0.02597	2.36354e+03	0.550	0.09151	0.00000e+00	3.88114e+06	10	1	1
27.00000	2.96921	30.000000	950	0.08584	7.33145e-02	1.000	1.00000	0.00000e+00	3.07295e+05	10	1	1
27.00000	2.96921	30.000000	950	0.08584	9.82388e-01	1.000	1.00000	0.00000e+00	3.07295e+05	10	1	1
27.00000	2.96921	30.000000	950	0.08584	1.31636e+01	1.000	1.00000	0.00000e+00	3.07295e+05	10	1	1
27.00000	2.96921	30.000000	950	0.08584	1.76388e+02	1.000	1.00000	0.00000e+00	3.07295e+05	10	1	1
27.00000	2.96921	30.000000	950	0.08584	2.36354e+03	1.000	1.00000	0.00000e+00	3.07295e+05	10	1	1
27.00000	2.96921	30.000000	1225	0.00175	7.33145e-02	0.100	0.00115	0.00000e+00	5.96596e+09	10	1	1
27.00000	2.96921	30.000000	1225	0.00175	9.82388e-01	0.100	0.00115	0.00000e+00	5.96596e+09	10	1	1
27.00000	2.96921	30.000000	1225	0.00175	1.31636e+01	0.100	0.00115	0.00000e+00	5.96596e+09	10	1	1
27.00000	2.96921	30.000000	1225	0.00175	1.76388e+02	0.100	0.00115	0.00000e+00	5.96596e+09	10	1	1
27.00000	2.96921	30.000000	1225	0.00175	2.36354e+03	0.100	0.00115	0.00000e+00	5.96596e+09	10	1	1
27.00000	2.96921	30.000000	1225	0.00434	7.33145e-02	0.220	0.00707	0.00000e+00	4.60257e+08	10	1	1
27.00000	2.96921	30.000000	1225	0.00434	9.82388e-01	0.220	0.00707	0.00000e+00	4.60257e+08	10	1	1
27.00000	2.96921	30.000000	1225	0.00434	1.31636e+01	0.220	0.00707	0.00000e+00	4.60257e+08	10	1	1
27.00000	2.96921	30.000000	1225	0.00434	1.76388e+02	0.220	0.00707	0.00000e+00	4.60257e+08	10	1	1
27.00000	2.96921	30.000000	1225	0.00434	2.36354e+03	0.220	0.00707	0.00000e+00	4.60257e+08	10	1	1
27.00000	2.96921	30.000000	1225	0.00620	7.33145e-02	0.300	0.01442	0.00000e+00	1.49856e+08	10	1	1
27.00000	2.96921	30.000000	1225	0.00620	9.82388e-01	0.300	0.01442	0.00000e+00	1.49856e+08	10	1	1
27.00000	2.96921	30.000000	1225	0.00620	1.31636e+01	0.300	0.01442	0.00000e+00	1.49856e+08	10	1	1
27.00000	2.96921	30.000000	1225	0.00620	1.76388e+02	0.300	0.01442	0.00000e+00	1.49856e+08	10	1	1
27.00000	2.96921	30.000000	1225	0.00620	2.36354e+03	0.300	0.01442	0.00000e+00	1.49856e+08	10	1	1
27.00000	2.96921	30.000000	1225	0.01562	7.33145e-02	0.550	0.09151	0.00000e+00	1.27709e+07	10	1	1
27.00000	2.96921	30.000000	1225	0.01562	9.82388e-01	0.550	0.09151	0.00000e+00	1.27709e+07	10	1	1
27.00000	2.96921	30.000000	1225	0.01562	1.31636e+01	0.550	0.09151	0.00000e+00	1.27709e+07	10	1	1
27.00000	2.96921	30.000000	1225	0.01562	1.76388e+02	0.550	0.09151	0.00000e+00	1.27709e+07	10	1	1
27.00000	2.96921	30.000000	1225	0.01562	2.36354e+03	0.550	0.09151	0.00000e+00	1.27709e+07	10	1	1
27.00000	2.96921	30.000000	1225	0.05162	7.33145e-02	1.000	1.00000	0.00000e+00	8.96663e+05	10	1	1
27.00000	2.96921	30.000000	1225	0.05162	9.82388e-01	1.000	1.00000	0.00000e+00	8.96663e+05	10	1	1
27.00000	2.96921	30.000000	1225	0.05162	1.31636e+01	1.000	1.00000	0.00000e+00	8.96663e+05	10	1	1
27.00000	2.96921	30.000000	1225	0.05162	1.76388e+02	1.000	1.00000	0.00000e+00	8.96663e+05	10	1	1
27.00000	2.96921	30.000000	1225	0.05162	2.36354e+03	1.000	1.00000	0.00000e+00	8.96663e+05	10	1	1
27.00000	2.96921	30.000000	1500	0.00117	7.33145e-02	0.100	0.00115	0.00000e+00	3.42241e+08	10	1	1
27.00000	2.96921	30.000000	1500	0.00117	9.82388e-01	0.100	0.00115	0.00000e+00	3.42241e+08	10	1	1
27.00000	2.96921	30.000000	1500	0.00117	1.31636e+01	0.100	0.00115	0.00000e+00	3.42241e+08	10	1	1
27.00000	2.96921	30.000000	1500	0.00117	1.76388e+02	0.100	0.00115	0.00000e+00	3.42241e+08	10	1	1
27.00000	2.96921	30.000000	1500	0.00117	2.36354e+03	0.100	0.00115	0.00000e+00	3.42241e+08	10	1	1
27.00000	2.96921	30.000000	1500	0.00289	7.33145e-02	0.220	0.00707	0.00000e+00	1.09715e+10	10	1	1
27.00000	2.96921	30.000000	1500	0.00289	9.82388e-01	0.220	0.00707	0.00000e+00	1.09715e+10	10	1	1
27.00000	2.96921	30.000000	1500	0.00289	1.31636e+01	0.220	0.00707	0.00000e+00	1.09715e+10	10	1	1
27.00000	2.96921	30.000000	1500	0.00289	1.76388e+02	0.220	0.00707	0.00000e+00	1.09715e+10	10	1	1
27.00000	2.96921	30.000000	1500	0.00289	2.36354e+03	0.220	0.00707	0.00000e+00	1.09715e+10	10	1	1
27.00000	2.96921	30.000000	1500	0.00414	7.33145e-02	0.300	0.01442	0.00000e+00	9.09166e+08	10	1	1
27.00000	2.96921	30.000000	1500	0.00414	9.82388e-01	0.300	0.01442	0.00000e+00	9.09166e+08	10	1	1
27.00000	2.96921	30.000000	1500	0.00414	1.31636e+01	0.300	0.01442	0.00000e+00	9.09166e+08	10	1	1
27.00000	2.96921	30.000000	1500	0.00414	1.76388e+02	0.300	0.01442	0.00000e+00	9.09166e+08	10	1	1
27.00000	2.96921	30.000000	1500	0.00414	2.36354e+03	0.300	0.01442	0.00000e+00	9.09166e+08	10	1	1
27.00000	2.96921	30.000000	1500	0.01041	7.33145e-02	0.550	0.09151	0.00000e+00	3.71454e+07	10	1	1
27.00000	2.96921	30.000000	1500	0.01041	9.82388e-01	0.550	0.09151	0.00000e+00	3.71454e+07	10	1	1
27.00000	2.96921	30.000000	1500	0.01041	1.31636e+01	0.550	0.09151	0.00000e+00	3.71454e+07	10	1	1
27.00000	2.96921	30.000000	1500	0.01041	1.76388e+02	0.550	0.09151	0.00000e+00	3.71454e+07	10	1	1
27.00000	2.96921	30.000000	1500	0.01041	2.36354e+03	0.550	0.09151	0.00000e+00	3.71454e+07	10	1	1
27.00000	2.96921	30.000000	1500	0.03443	7.33145e-02	1.000	1.00000	0.00000e+00	2.16520e+06	10	1	1
27.00000	2.96921	30.000000	1500	0.03443	9.82388e-01	1.000	1.00000	0.00000e+00	2.16520e+06	10	1	1
27.00000	2.96921	30.000000	1500	0.03443	1.31636e+01	1.000	1.00000	0.00000e+00	2.16520e+06	10	1	1
27.00000	2.96921	30.000000	1500	0.03443	1.76388e+02	1.000	1.00000	0.00000e+00	2.16520e+06	10	1	1
27.00000	2.96921	30.000000	1500	0.03443	2.36354e+03	1.000	1.00000	0.00000e+00	2.16520e+06	10	1	1
30.00000	7.55400	5.150000	400	0.01644	7.33145e-02	0.100	0.00115	0.00000e+00	8.56712e+07	10	1	1
30.00000	7.55400	5.150000	400	0.01644	9.82388e-01	0.100	0.00115	0.00000e+00	8.56712e+07	10	1	1
30.00000	7.55400	5.150000	400	0.01644	1.31636e+01	0.100	0.00115	0.00000e+00	8.56712e+07	10	1	1
30.00000	7.55400	5.150000	400	0.01644	1.76388e+02	0.100	0.00115	0.00000e+00	8.56712e+07	10	1	1
30.00000	7.55400	5.150000	400	0.01644	2.36354e+03	0.100	0.00115	0.00000e+00	8.56712e+07	10	1	1
30.00000	7.55400	5.150000	400	0.04070	7.33145e-02	0.220	0.00707	0.00000e+00	5.08508e+07	10	1	1
30.00000	7.55400	5.150000	400	0.04070	9.82388e-01	0.220	0.00707	0.00000e+00	5.08508e+07	10	1	1
30.00000	7.55400	5.150000	400	0.04070	1.31636e+01	0.220	0.00707	0.00000e+00	5.08508e+07	10	1	1
30.00000	7.55400	5.150000	400	0.04070	1.76388e+02	0.220	0.00707	0.00000e+00	5.08508e+07	10	1	1
30.00000	7.55400	5.150000	400	0.04070	2.36354e+03	0.220	0.00707	0.00000e+00	5.08508e+07	10	1	1
30.00000	7.55400	5.150000	400	0.05815	7.33145e-02	0.300	0.01442	0.00000e+00	2.56071e+07	10	1	1
30.00000	7.55400	5.150000	400	0.05815	9.82388e-01	0.300	0.01442	0.00000e+00	2.56071e+07	10	1	1
30.00000	7.55400	5.150000	400	0.05815	1.31636e+01	0.300	0.01442	0.00000e+00	2.56071e+07	10	1	1
30.00000	7.55400	5.150000	400	0.05815	1.76388e+02	0.300	0.01442	0.00000e+00	2.56071e+07	10	1	1
30.00000	7.55400	5.150000	400	0.05815	2.36354e+03	0.300	0.01442	0.00000e+00	2.56071e+07	10	1	1
30.00000	7.55400	5.150000	400	0.14646	7.33145e-02	0.550	0.09151	0.00000e+00	3.63335e+06	10	1	1
30.00000	7.55400	5.150000	400	0.14646	9.82388e-01	0.550	0.09151	0.00000e+00	3.63335e+06	10	1	1
30.00000	7.55400	5.150000	400	0.14646	1.31636e+01	0.550	0.09151	0.00000e+00	3.63335e+06	10	1	1
30.00000	7.55400	5.150000	400	0.14646	1.76388e+02	0.550	0.09151	0.00000e+00	3.63335e+06	10	1	1
30.00000	7.55400	5.150000	400	0.14646	2.36354e+03	0.550	0.09151	0.00000e+00	3.63335e+06	10	1	1
30.00000	7.55400	5.150000	400	0.48417	7.33145e-02	1.000	1.00000	0.00000e+00	3.13668e+05	10	1	1
30.00000	7.55400	5.150000	400	0.48417	9.82388e-01	1.000	1.00000	0.00000e+00	3.13668e+05	10	1	1
30.00000	7.55400	5.150000	400	0.48417	1.31636e+01	1.000	1.00000	0.00000e+00	3.13668e+05	10	1	1
30.00000	7.55400	5.150000	400	0.48417	1.76388e+02	1.000	1.00000	0.00000e+00	3.13668e+05	10	1	1
30.00000	7.55400	5.150000	400	0.48417	2.36354e+03	1.000	1.00000	0.00000e+00	3.13668e+05	10	1	1
30.00000	7.55400	5.150000	675	0.00577	7.33145e-02	0.100	0.00115	3.65607e+04	1.00997e+10	1	0	0
30.00000	7.55400	5.150000	675	0.00577	9.82388e-01	0.100	0.00115	4.60364e+05	1.00997e+10	1	0	0
30.00000	7.55400	5.150000	675	0.00577	1.31636e+01	0.100	0.00115	4.65884e+06	1.00997e+10	1	0	0
30.00000	7.55400	5.150000	675	0.00577	1.76388e+02	0.100	0.00115	0.00000e+00	1.00997e+10	10	1	1
30.00000	7.55400	5.150000	675	0.00577	2.36354e+03	0.100	0.00115	0.00000e+00	1.00997e+10	10	1	1
30.00000	7.55400	5.150000	675	0.01429	7.33145e-02	0.220	0.00707	0.00000e+00	8.24987e+08	10	1	1
30.00000	7.55400	5.150000	675	0.01429	9.82388e-01	0.220	0.00707	0.00000e+00	8.24987e+08	10	1	1
30.00000	7.55400	5.150000	675	0.01429	1.31636e+01	0.220	0.00707	0.00000e+00	8.24987e+08	10	1	1
30.00000	7.55400	5.150000	675	0.01429	1.76388e+02	0.220	0.00707	0.00000e+00	8.24987e+08	10	1	1
30.00000	7.55400	5.150000	675	0.01429	2.36354e+03	0.220	0.00707	0.00000e+00	8.24987e+08	10	1	1
30.00000	7.55400	5.150000	675	0.02042	7.33145e-02	0.300	0.01442	0.00000e+00	3.34591e+08	10	1	1
30.00000	7.55400	5.150000	675	0.02042	9.82388e-01	0.300	0.01442	0.00000e+00	3.34591e+08	10	1	1
30.00000	7.55400	5.150000	675	0.02042	1.31636e+01	0.300	0.01442	0.00000e+00	3.34591e+08	10	1	1
30.00000	7.55400	5.150000	675	0.02042	1.76388e+02	0.300	0.01442	0.00000e+00	3.34591e+08	10	1	1
30.00000	7.55400	5.150000	675	0.02042	2.36354e+03	0.300	0.01442	0.00000e+00	3.34591e+08	10	1	1
30.00000	7.55400	5.150000	675	0.05143	7.33145e-02	0.550	0.09151	0.00000e+00	3.56509e+07	10	1	1
30.00000	7.55400	5.150000	675	0.05143	9.82388e-01	0.550	0.09151	0.00000e+00	3.56509e+07	10	1	1
30.00000	7.55400	5.150000	675	0.05143	1.31636e+01	0.550	0.09151	0.00000e+00	3.56509e+07	10	1	1
30.00000	7.55400	5.150000	675	0.05143	1.76388e+02	0.550	0.09151	0.00000e+00	3.56509e+07	10	1	1
30.00000	7.55400	5.150000	675	0.05143	2.36354e+03	0.550	0.09151	0.00000e+00	3.56509e+07	10	1	1
30.00000	7.55400	5.150000	675	0.17002	7.33145e-02	1.000	1.00000	0.00000e+00	2.70929e+06	10	1	1
30.00000	7.55400	5.150000	675	0.17002	9.82388e-01	1.000	1.00000	0.00000e+00	2.70929e+06	10	1	1
30.00000	7.55400	5.150000	675	0.17002	1.31636e+01	1.000	1.00000	0.00000e+00	2.70929e+06	10	1	1
30.00000	7.55400	5.150000	675	0.17002	1.76388e+02	1.000	1.00000	0.00000e+00	2.70929e+06	10	1	1
30.00000	7.55400	5.150000	675	0.17002	2.36354e+03	1.000	1.00000	0.00000e+00	2.70929e+06	10	1	1
30.00000	7.55400	5.150000	950	0.00291	7.33145e-02	0.100	0.00115	0.00000e+00	2.02676e+09	10	1	1
30.00000	7.55400	5.150000	950	0.00291	9.82388e-01	0.100	0.00115	0.00000e+00	2.02676e+09	10	1	1
30.00000	7.55400	5.150000	950	0.00291	1.31636e+01	0.100	0.00115	0.00000e+00	2.02676e+09	10	1	1
30.00000	7.55400	5.150000	950	0.00291	1.76388e+02	0.100	0.00115	0.00000e+00	2.02676e+09	10	1	1
30.00000	7.55400	5.150000	950	0.00291	2.36354e+03	0.100	0.00115	0.00000e+00	2.02676e+09	10	1	1
30.00000	7.55400	5.150000	950	0.00722	7.33145e-02	0.220	0.00707	3.65607e+04	4.90257e+10	1	0	0
30.00000	7.55400	5.150000	950	0.00722	9.82388e-01	0.220	0.00707	4.60364e+05	4.90257e+10	1	0	0
30.00000	7.55400	5.150000	950	0.00722	1.31636e+01	0.220	0.00707	4.65884e+06	4.90257e+10	1	0	0
30.00000	7.55400	5.150000	950	0.00722	1.76388e+02	0.220	0.00707	0.00000e+00	4.90257e+10	10	1	1
30.00000	7.55400	5.150000	950	0.00722	2.36354e+03	0.220	0.00707	0.00000e+00	4.90257e+10	10	1	1
30.00000	7.55400	5.150000	950	0.01031	7.33145e-02	0.300	0.01442	3.65607e+04	4.68039e+09	1	0	0
30.00000	7.55400	5.150000	950	0.01031	9.82388e-01	0.300	0.01442	4.60364e+05	4.68039e+09	1	0	0
30.00000	7.55400	5.150000	950	0.01031	1.31636e+01	0.300	0.01442	4.65884e+06	4.68039e+09	1	0	0
30.00000	7.55400	5.150000	950	0.01031	1.76388e+02	0.300	0.01442	0.00000e+00	4.68039e+09	10	1	1
30.00000	7.55400	5.150000	950	0.01031	2.36354e+03	0.300	0.01442	0.00000e+00	4.68039e+09	10	1	1
30.00000	7.55400	5.150000	950	0.02597	7.33145e-02	0.550	0.09151	5.03302e+03	2.00280e+08	0	0	0
30.00000	7.55400	5.150000	950	0.02597	9.82388e-01	0.550	0.09151	5.02647e+04	2.00280e+08	0	0	0
30.00000	7.55400	5.150000	950	0.02597	1.31636e+01	0.550	0.09151	3.80296e+05	2.00280e+08	0	0	0
30.00000	7.55400	5.150000	950	0.02597	1.76388e+02	0.550	0.09151	3.46634e+06	2.00280e+08	0	0	0
30.00000	7.55400	5.150000	950	0.02597	2.36354e+03	0.550	0.09151	4.04455e+07	2.00280e+08	0	0	0
30.00000	7.55400	5.150000	950	0.08584	7.33145e-02	1.000	1.00000	0.00000e+00	1.17826e+07	10	1	1
30.00000	7.55400	5.150000	950	0.08584	9.82388e-01	1.000	1.00000	0.00000e+00	1.17826e+07	10	1	1
30.00000	7.55400	5.150000	950	0.08584	1.31636e+01	1.000	1.00000	0.00000e+00	1.17826e+07	10	1	1
30.00000	7.55400	5.150000	950	0.08584	1.76388e+02	1.000	1.00000	0.00000e+00	1.17826e+07	10	1	1
30.00000	7.55400	5.150000	950	0.08584	2.36354e+03	1.000	1.00000	0.00000e+00	1.17826e+07	10	1	1
30.00000	7.55400	5.150000	1225	0.00175	7.33145e-02	0.100	0.00115	0.00000e+00	5.99382e+08	10	1	1
30.00000	7.55400	5.150000	1225	0.00175	9.82388e-01	0.100	0.00115	0.00000e+00	5.99382e+08	10	1	1
30.00000	7.55400	5.150000	1225	0.00175	1.31636e+01	0.100	0.00115	0.00000e+00	5.99382e+08	10	1	1
30.00000	7.55400	5.150000	1225	0.00175	1.76388e+02	0.100	0.00115	0.00000e+00	5.99382e+08	10	1	1
30.00000	7.55400	5.150000	1225	0.00175	2.36354e+03	0.100	0.00115	0.00000e+00	5.99382e+08	10	1	1
30.00000	7.55400	5.150000	1225	0.00434	7.33145e-02	0.220	0.00707	0.00000e+00	1.03030e+10	10	1	1
30.00000	7.55400	5.150000	1225	0.00434	9.82388e-01	0.220	0.00707	0.00000e+00	1.03030e+10	10	1	1
30.00000	7.55400	5.150000	1225	0.00434	1.31636e+01	0.220	0.00707	0.00000e+00	1.03030e+10	10	1	1
30.00000	7.55400	5.150000	1225	0.00434	1.76388e+02	0.220	0.00707	0.00000e+00	1.03030e+10	10	1	1
30.00000	7.55400	5.150000	1225	0.00434	2.36354e+03	0.220	0.00707	0.00000e+00	1.03030e+10	10	1	1
30.00000	7.55400	5.150000	1225	0.00620	7.33145e-02	0.300	0.01442	3.65607e+04	8.42824e+10	1	0	0
30.00000	7.55400	5.150000	1225	0.00620	9.82388e-01	0.300	0.01442	4.60364e+05	8.42824e+10	1	0	0
30.00000	7.55400	5.150000	1225	0.00620	1.31636e+01	0.300	0.01442	4.65884e+06	8.42824e+10	1	0	0
30.00000	7.55400	5.150000	1225	0.00620	1.76388e+02	0.300	0.01442	4.81038e+07	8.42824e+10	1	0	0
30.00000	7.55400	5.150000	1225	0.00620	2.36354e+03	0.300	0.01442	0.00000e+00	8.42824e+10	10	1	1
30.00000	7.55400	5.150000	1225	0.01562	7.33145e-02	0.550	0.09151	0.00000e+00	1.10169e+09	10	1	1
30.00000	7.55400	5.150000	1225	0.01562	9.82388e-01	0.550	0.09151	4.60364e+05	1.10169e+09	1	0	0
30.00000	7.55400	5.150000	1225	0.01562	1.31636e+01	0.550	0.09151	4.65884e+06	1.10169e+09	1	0	0
30.00000	7.55400	5.150000	1225	0.01562	1.76388e+02	0.550	0.09151	0.00000e+00	1.10169e+09	10	1	1
30.00000	7.55400	5.150000	1225	0.01562	2.36354e+03	0.550	0.09151	0.00000e+00	1.10169e+09	10	1	1
30.00000	7.55400	5.150000	1225	0.05162	7.33145e-02	1.000	1.00000	0.00000e+00	3.79892e+07	10	1	1
30.00000	7.55400	5.150000	1225	0.05162	9.82388e-01	1.000	1.00000	0.00000e+00	3.79892e+07	10	1	1
30.00000	7.55400	5.150000	1225	0.05162	1.31636e+01	1.000	1.00000	0.00000e+00	3.79892e+07	10	1	1
30.00000	7.55400	5.150000	1225	0.05162	1.76388e+02	1.000	1.00000	0.00000e+00	3.79892e+07	10	1	1
30.00000	7.55400	5.150000	1225	0.05162	2.36354e+03	1.000	1.00000	0.00000e+00	3.79892e+07	10	1	1
30.00000	7.55400	5.150000	1500	0.00117	7.33145e-02	0.100	0.00115	0.00000e+00	3.27860e+08	10	1	1
30.00000	7.55400	5.150000	1500	0.00117	9.82388e-01	0.100	0.00115	0.00000e+00	3.27860e+08	10	1	1
30.00000	7.55400	5.150000	1500	0.00117	1.31636e+01	0.100	0.00115	0.00000e+00	3.27860e+08	10	1	1
30.00000	7.55400	5.150000	1500	0.00117	1.76388e+02	0.100	0.00115	0.00000e+00	3.27860e+08	10	1	1
30.00000	7.55400	5.150000	1500	0.00117	2.36354e+03	0.100	0.00115	0.00000e+00	3.27860e+08	10	1	1
30.00000	7.55400	5.150000	1500	0.00289	7.33145e-02	0.220	0.00707	0.00000e+00	2.76668e+09	10	1	1
30.00000	7.55400	5.150000	1500	0.00289	9.82388e-01	0.220	0.00707	0.00000e+00	2.76668e+09	10	1	1
30.00000	7.55400	5.150000	1500	0.00289	1.31636e+01	0.220	0.00707	0.00000e+00	2.76668e+09	10	1	1
30.00000	7.55400	5.150000	1500	0.00289	1.76388e+02	0.220	0.00707	0.00000e+00	2.76668e+09	10	1	1
30.00000	7.55400	5.150000	1500	0.00289	2.36354e+03	0.220	0.00707	0.00000e+00	2.76668e+09	10	1	1
30.00000	7.55400	5.150000	1500	0.00414	7.33145e-02	0.300	0.01442	0.00000e+00	4.93414e+09	10	1	1
30.00000	7.55400	5.150000	1500	0.00414	9.82388e-01	0.300	0.01442	0.00000e+00	4.93414e+09	10	1	1
30.00000	7.55400	5.150000	1500	0.00414	1.31636e+01	0.300	0.01442	0.00000e+00	4.93414e+09	10	1	1
30.00000	7.55400	5.150000	1500	0.00414	1.76388e+02	0.300	0.01442	0.00000e+00	4.93414e+09	10	1	1
30.00000	7.55400	5.150000	1500	0.00414	2.36354e+03	0.300	0.01442	0.00000e+00	4.93414e+09	10	1	1
30.00000	7.55400	5.150000	1500	0.01041	7.33145e-02	0.550	0.09151	3.65607e+04	1.36302e+10	1	0	0
30.00000	7.55400	5.150000	1500	0.01041	9.82388e-01	0.550	0.09151	4.60364e+05	1.36302e+10	1	0	0
30.00000	7.55400	5.150000	1500	0.01041	1.31636e+01	0.550	0.09151	4.65884e+06	1.36302e+10	1	0	0
30.00000	7.55400	5.150000	1500	0.01041	1.76388e+02	0.550	0.09151	0.00000e+00	1.36302e+10	10	1	1
30.00000	7.55400	5.150000	1500	0.01041	2.36354e+03	0.550	0.09151	0.00000e+00	1.36302e+10	10	1	1
30.00000	7.55400	5.150000	1500	0.03443	7.33145e-02	1.000	1.00000	0.00000e+00	1.06786e+08	10	1	1
30.00000	7.55400	5.150000	1500	0.03443	9.82388e-01	1.000	1.00000	0.00000e+00	1.06786e+08	10	1	1
30.00000	7.55400	5.150000	1500	0.03443	1.31636e+01	1.000	1.00000	0.00000e+00	1.06786e+08	10	1	1
30.00000	7.55400	5.150000	1500	0.03443	1.76388e+02	1.000	1.00000	0.00000e+00	1.06786e+08	10	1	1
30.00000	7.55400	5.150000	1500	0.03443	2.36354e+03	1.000	1.00000	0.00000e+00	1.06786e+08	10	1	1
30.00000	6.37106	7.240000	400	0.01644	7.33145e-02	0.100	0.00115	0.00000e+00	3.90154e+07	10	1	1
30.00000	6.37106	7.240000	400	0.01644	9.82388e-01	0.100	0.00115	1.52827e+03	3.90154e+07	0	0	0
30.00000	6.37106	7.240000	400	0.01644	1.31636e+01	0.100	0.00115	2.07765e+04	3.90154e+07	0	0	0
30.00000	6.37106	7.240000	400	0.01644	1.76388e+02	0.100	0.00115	3.55870e+05	3.90154e+07	0	0	0
30.00000	6.37106	7.240000	400	0.01644	2.36354e+03	0.100	0.00115	6.49678e+06	3.90154e+07	0	0	0
30.00000	6.37106	7.240000	400	0.04070	7.33145e-02	0.220	0.00707	6.85400e-01	2.46016e+07	0	0	0
30.00000	6.37106	7.240000	400	0.04070	9.82388e-01	0.220	0.00707	3.06227e+01	2.46016e+07	0	0	0
30.00000	6.37106	7.240000	400	0.04070	1.31636e+01	0.220	0.00707	1.18076e+03	2.46016e+07	0	0	0
30.00000	6.37106	7.240000	400	0.04070	1.76388e+02	0.220	0.00707	3.39742e+04	2.46016e+07	0	0	0
30.00000	6.37106	7.240000	400	0.04070	2.36354e+03	0.220	0.00707	1.03748e+06	2.46016e+07	0	0	0
30.00000	6.37106	7.240000	400	0.05815	7.33145e-02	0.300	0.01442	1.55472e-01	1.25347e+07	0	0	0
30.00000	6.37106	7.240000	400	0.05815	9.82388e-01	0.300	0.01442	9.48963e+00	1.25347e+07	0	0	0
30.00000	6.37106	7.240000	400	0.05815	1.31636e+01	0.300	0.01442	5.27042e+02	1.25347e+07	0	0	0
30.00000	6.37106	7.240000	400	0.05815	1.76388e+02	0.300	0.01442	1.83374e+04	1.25347e+07	0	0	0
30.00000	6.37106	7.240000	400	0.05815	2.36354e+03	0.300	0.01442	6.38485e+05	1.25347e+07	0	0	0
30.00000	6.37106	7.240000	400	0.14646	7.33145e-02	0.550	0.09151	2.64532e-02	1.81149e+06	0	0	0
30.00000	6.37106	7.240000	400	0.14646	9.82388e-01	0.550	0.09151	1.31932e+00	1.81149e+06	0	0	0
30.00000	6.37106	7.240000	400	0.14646	1.31636e+01	0.550	0.09151	1.73378e+02	1.81149e+06	0	0	0
30.00000	6.37106	7.240000	400	0.14646	1.76388e+02	0.550	0.09151	6.58326e+03	1.81149e+06	0	0	0
30.00000	6.37106	7.240000	400	0.14646	2.36354e+03	0.550	0.09151	3.45788e+05	1.81149e+06	0	0	0
30.00000	6.37106	7.240000	400	0.48417	7.33145e-02	1.000	1.00000	1.11255e-02	1.57892e+05	0	0	0
30.00000	6.37106	7.240000	400	0.48417	9.82388e-01	1.000	1.00000	4.67402e-01	1.57892e+05	0	0	0
30.00000	6.37106	7.240000	400	0.48417	1.31636e+01	1.000	1.00000	9.23621e+01	1.57892e+05	0	0	0
30.00000	6.37106	7.240000	400	0.48417	1.76388e+02	1.000	1.00000	3.92226e+03	1.57892e+05	0	0	0
30.00000	6.37106	7.240000	400	0.48417	2.36354e+03	1.000	1.00000	2.36438e+05	1.57892e+05	0	0	0
30.00000	6.37106	7.240000	675	0.00577	7.33145e-02	0.100	0.00115	0.00000e+00	1.68764e+09	10	1	1
30.00000	6.37106	7.240000	675	0.00577	9.82388e-01	0.100	0.00115	0.00000e+00	1.68764e+09	10	1	1
30.00000	6.37106	7.240000	675	0.00577	1.31636e+01	0.100	0.00115	0.00000e+00	1.68764e+09	10	1	1
30.00000	6.37106	7.240000	675	0.00577	1.76388e+02	0.100	0.00115	0.00000e+00	1.68764e+09	10	1	1
30.00000	6.37106	7.240000	675	0.00577	2.36354e+03	0.100	0.00115	0.00000e+00	1.68764e+09	10	1	1
30.00000	6.37106	7.240000	675	0.01429	7.33145e-02	0.220	0.00707	0.00000e+00	3.41280e+08	10	1	1
30.00000	6.37106	7.240000	675	0.01429	9.82388e-01	0.220	0.00707	3.17671e+04	3.41280e+08	0	0	0
30.00000	6.37106	7.240000	675	0.01429	1.31636e+01	0.220	0.00707	2.50802e+05	3.41280e+08	0	0	0
30.00000	6.37106	7.240000	675	0.01429	1.76388e+02	0.220	0.00707	2.19155e+06	3.41280e+08	0	0	0
30.00000	6.37106	7.240000	675	0.01429	2.36354e+03	0.220	0.00707	2.56796e+07	3.41280e+08	0	0	0
30.00000	6.37106	7.240000	675	0.02042	7.33145e-02	0.300	0.01442	4.19826e+02	1.48371e+08	0	0	0
30.00000	6.37106	7.240000	675	0.02042	9.82388e-01	0.300	0.01442	4.57998e+03	1.48371e+08	0	0	0
30.00000	6.37106	7.240000	675	0.02042	1.31636e+01	0.300	0.01442	4.70235e+04	1.48371e+08	0	0	0
30.00000	6.37106	7.240000	675	0.02042	1.76388e+02	0.300	0.01442	6.71153e+05	1.48371e+08	0	0	0
30.00000	6.37106	7.240000	675	0.02042	2.36354e+03	0.300	0.01442	1.06485e+07	1.48371e+08	0	0	0
30.00000	6.37106	7.240000	675	0.05143	7.33145e-02	0.550	0.09151	5.53027e+00	1.71768e+07	0	0	0
30.00000	6.37106	7.240000	675	0.05143	9.82388e-01	0.550	0.09151	4.37275e+01	1.71768e+07	0	0	0
30.00000	6.37106	7.240000	675	0.05143	1.31636e+01	0.550	0.09151	3.80603e+03	1.71768e+07	0	0	0
30.00000	6.37106	7.240000	675	0.05143	1.76388e+02	0.550	0.09151	4.13355e+04	1.71768e+07	0	0	0
30.00000	6.37106	7.240000	675	0.05143	2.36354e+03	0.550	0.09151	2.17155e+06	1.71768e+07	0	0	0
30.00000	6.37106	7.240000	675	0.17002	7.33145e-02	1.000	1.00000	2.12964e-01	1.34966e+06	0	0	0
30.00000	6.37106	7.240000	675	0.17002	9.82388e-01	1.000	1.00000	1.43458e+00	1.34966e+06	0	0	0
30.00000	6.37106	7.240000	675	0.17002	1.31636e+01	1.000	1.00000	6.27422e+02	1.34966e+06	0	0	0
30.00000	6.37106	7.240000	675	0.17002	1.76388e+02	1.000	1.00000	6.87910e+03	1.34966e+06	0	0	0
30.00000	6.37106	7.240000	675	0.17002	2.36354e+03	1.000	1.00000	7.07787e+05	1.34966e+06	0	0	0
30.00000	6.37106	7.240000	950	0.00291	7.33145e-02	0.100	0.00115	0.00000e+00	3.03978e+09	10	1	1
30.00000	6.37106	7.240000	950	0.00291	9.82388e-01	0.100	0.00115	0.00000e+00	3.03978e+09	10	1	1
30.00000	6.37106	7.240000	950	0.00291	1.31636e+01	0.100	0.00115	0.00000e+00	3.03978e+09	10	1	1
30.00000	6.37106	7.240000	950	0.00291	1.76388e+02	0.100	0.00115	0.00000e+00	3.03978e+09	10	1	1
30.00000	6.37106	7.240000	950	0.00291	2.36354e+03	0.100	0.00115	0.00000e+00	3.03978e+09	10	1	1
30.00000	6.37106	7.240000	950	0.00722	7.33145e-02	0.220	0.00707	0.00000e+00	6.39083e+09	10	1	1
30.00000	6.37106	7.240000	950	0.00722	9.82388e-01	0.220	0.00707	0.00000e+00	6.39083e+09	10	1	1
30.00000	6.37106	7.240000	950	0.00722	1.31636e+01	0.220	0.00707	0.00000e+00	6.39083e+09	10	1	1
30.00000	6.37106	7.240000	950	0.00722	1.76388e+02	0.220	0.00707	0.00000e+00	6.39083e+09	10	1	1
30.00000	6.37106	7.240000	950	0.00722	2.36354e+03	0.220	0.00707	0.00000e+00	6.39083e+09	10	1	1
30.00000	6.37106	7.240000	950	0.01031	7.33145e-02	0.300	0.01442	4.05768e+04	1.41066e+09	0	0	0
30.00000	6.37106	7.240000	950	0.01031	9.82388e-01	0.300	0.01442	4.97521e+05	1.41066e+09	0	0	0
30.00000	6.37106	7.240000	950	0.01031	1.31636e+01	0.300	0.01442	4.84022e+06	1.41066e+09	0	0	0
30.00000	6.37106	7.240000	950	0.01031	1.76388e+02	0.300	0.01442	2.64428e+07	1.41066e+09	0	0	0
30.00000	6.37106	7.240000	950	0.01031	2.36354e+03	0.300	0.01442	9.86001e+07	1.41066e+09	0	0	0
30.00000	6.37106	7.240000	950	0.02597	7.33145e-02	0.550	0.09151	1.71291e+03	8.94868e+07	0	0	0
30.00000	6.37106	7.240000	950	0.02597	9.82388e-01	0.550	0.09151	3.36550e+03	8.94868e+07	0	0	0
30.00000	6.37106	7.240000	950	0.02597	1.31636e+01	0.550	0.09151	1.56067e+05	8.94868e+07	0	0	0
30.00000	6.37106	7.240000	950	0.02597	1.76388e+02	0.550	0.09151	5.61419e+05	8.94868e+07	0	0	0
30.00000	6.37106	7.240000	950	0.02597	2.36354e+03	0.550	0.09151	2.03346e+07	8.94868e+07	0	0	0
30.00000	6.37106	7.240000	950	0.08584	7.33145e-02	1.000	1.00000	3.08135e+01	5.76488e+06	0	0	0
30.00000	6.37106	7.240000	950	0.08584	9.82388e-01	1.000	1.00000	9.82861e+00	5.76488e+06	0	0	0
30.00000	6.37106	7.240000	950	0.08584	1.31636e+01	1.000	1.00000	9.31742e+03	5.76488e+06	0	0	0
30.00000	6.37106	7.240000	950	0.08584	1.76388e+02	1.000	1.00000	1.86797e+04	5.76488e+06	0	0	0
30.00000	6.37106	7.240000	950	0.08584	2.36354e+03	1.000	1.00000	3.87801e+06	5.76488e+06	0	0	0
30.00000	6.37106	7.240000	1225	0.00175	7.33145e-02	0.100	0.00115	0.00000e+00	5.87209e+08	10	1	1
30.00000	6.37106	7.240000	1225	0.00175	9.82388e-01	0.100	0.00115	0.00000e+00	5.87209e+08	10	1	1
30.00000	6.37106	7.240000	1225	0.00175	1.31636e+01	0.100	0.00115	0.00000e+00	5.87209e+08	10	1	1
30.00000	6.37106	7.240000	1225	0.00175	1.76388e+02	0.100	0.00115	0.00000e+00	5.87209e+08	10	1	1
30.00000	6.37106	7.240000	1225	0.00175	2.36354e+03	0.100	0.00115	0.00000e+00	5.87209e+08	10	1	1
30.00000	6.37106	7.240000	1225	0.00434	7.33145e-02	0.220	0.00707	0.00000e+00	2.33856e+10	10	1	1
30.00000	6.37106	7.240000	1225	0.00434	9.82388e-01	0.220	0.00707	0.00000e+00	2.33856e+10	10	1	1
30.00000	6.37106	7.240000	1225	0.00434	1.31636e+01	0.220	0.00707	0.00000e+00	2.33856e+10	10	1	1
30.00000	6.37106	7.240000	1225	0.00434	1.76388e+02	0.220	0.00707	0.00000e+00	2.33856e+10	10	1	1
30.00000	6.37106	7.240000	1225	0.00434	2.36354e+03	0.220	0.00707	0.00000e+00	2.33856e+10	10	1	1
30.00000	6.37106	7.240000	1225	0.00620	7.33145e-02	0.300	0.01442	8.23758e+04	1.99420e+11	1	0	0
30.00000	6.37106	7.240000	1225	0.00620	9.82388e-01	0.300	0.01442	9.72623e+05	1.99420e+11	1	0	0
30.00000	6.37106	7.240000	1225	0.00620	1.31636e+01	0.300	0.01442	8.55210e+06	1.99420e+11	1	0	0
30.00000	6.37106	7.240000	1225	0.00620	1.76388e+02	0.300	0.01442	4.83709e+07	1.99420e+11	1	0	0
30.00000	6.37106	7.240000	1225	0.00620	2.36354e+03	0.300	0.01442	0.00000e+00	1.99420e+11	10	1	1
30.00000	6.37106	7.240000	1225	0.01562	7.33145e-02	0.550	0.09151	0.00000e+00	4.09663e+08	10	1	1
30.00000	6.37106	7.240000	1225	0.01562	9.82388e-01	0.550	0.09151	1.79992e+05	4.09663e+08	0	0	0
30.00000	6.37106	7.240000	1225	0.01562	1.31636e+01	0.550	0.09151	1.45074e+06	4.09663e+08	0	0	0
30.00000	6.37106	7.240000	1225	0.01562	1.76388e+02	0.550	0.09151	6.83317e+06	4.09663e+08	0	0	0
30.00000	6.37106	7.240000	1225	0.01562	2.36354e+03	0.550	0.09151	0.00000e+00	4.09663e+08	10	1	1
30.00000	6.37106	7.240000	1225	0.05162	7.33145e-02	1.000	1.00000	1.99434e+03	1.80528e+07	0	0	0
30.00000	6.37106	7.240000	1225	0.05162	9.82388e-01	1.000	1.00000	1.26386e+02	1.80528e+07	0	0	0
30.00000	6.37106	7.240000	1225	0.05162	1.31636e+01	1.000	1.00000	1.76959e+05	1.80528e+07	0	0	0
30.00000	6.37106	7.240000	1225	0.05162	1.76388e+02	1.000	1.00000	7.74160e+04	1.80528e+07	0	0	0
30.00000	6.37106	7.240000	1225	0.05162	2.36354e+03	1.000	1.00000	2.16820e+07	1.80528e+07	0	0	0
30.00000	6.37106	7.240000	1500	0.00117	7.33145e-02	0.100	0.00115	0.00000e+00	2.94790e+08	10	1	1
30.00000	6.37106	7.240000	1500	0.00117	9.82388e-01	0.100	0.00115	0.00000e+00	2.94790e+08	10	1	1
30.00000	6.37106	7.240000	1500	0.00117	1.31636e+01	0.100	0.00115	0.00000e+00	2.94790e+08	10	1	1
30.00000	6.37106	7.240000	1500	0.00117	1.76388e+02	0.100	0.00115	0.00000e+00	2.94790e+08	10	1	1
30.00000	6.37106	7.240000	1500	0.00117	2.36354e+03	0.100	0.00115	0.00000e+00	2.94790e+08	10	1	1
30.00000	6.37106	7.240000	1500	0.00289	7.33145e-02	0.220	0.00707	0.00000e+00	3.03567e+09	10	1	1
30.00000	6.37106	7.240000	1500	0.00289	9.82388e-01	0.220	0.00707	0.00000e+00	3.03567e+09	10	1	1
30.00000	6.37106	7.240000	1500	0.00289	1.31636e+01	0.220	0.00707	0.00000e+00	3.03567e+09	10	1	1
30.00000	6.37106	7.240000	1500	0.00289	1.76388e+02	0.220	0.00707	0.00000e+00	3.03567e+09	10	1	1
30.00000	6.37106	7.240000	1500	0.00289	2.36354e+03	0.220	0.00707	0.00000e+00	3.03567e+09	10	1	1
30.00000	6.37106	7.240000	1500	0.00414	7.33145e-02	0.300	0.01442	0.00000e+00	7.17369e+09	10	1	1
30.00000	6.37106	7.240000	1500	0.00414	9.82388e-01	0.300	0.01442	0.00000e+00	7.17369e+09	10	1	1
30.00000	6.37106	7.240000	1500	0.00414	1.31636e+01	0.300	0.01442	0.00000e+00	7.17369e+09	10	1	1
30.00000	6.37106	7.240000	1500	0.00414	1.76388e+02	0.300	0.01442	0.00000e+00	7.17369e+09	10	1	1
30.00000	6.37106	7.240000	1500	0.00414	2.36354e+03	0.300	0.01442	0.00000e+00	7.17369e+09	10	1	1
30.00000	6.37106	7.240000	1500	0.01041	7.33145e-02	0.550	0.09151	8.23758e+04	2.52881e+09	1	0	0
30.00000	6.37106	7.240000	1500	0.01041	9.82388e-01	0.550	0.09151	9.72623e+05	2.52881e+09	1	0	0
30.00000	6.37106	7.240000	1500	0.01041	1.31636e+01	0.550	0.09151	8.55210e+06	2.52881e+09	1	0	0
30.00000	6.37106	7.240000	1500	0.01041	1.76388e+02	0.550	0.09151	0.00000e+00	2.52881e+09	10	1	1
30.00000	6.37106	7.240000	1500	0.01041	2.36354e+03	0.550	0.09151	0.00000e+00	2.52881e+09	10	1	1
30.00000	6.37106	7.240000	1500	0.03443	7.33145e-02	1.000	1.00000	2.93206e+04	4.84144e+07	0	0	0
30.00000	6.37106	7.240000	1500	0.03443	9.82388e-01	1.000	1.00000	1.77037e+03	4.84144e+07	0	0	0
30.00000	6.37106	7.240000	1500	0.03443	1.31636e+01	1.000	1.00000	3.47357e+06	4.84144e+07	0	0	0
30.00000	6.37106	7.240000	1500	0.03443	1.76388e+02	1.000	1.00000	3.88041e+05	4.84144e+07	0	0	0
30.00000	6.37106	7.240000	1500	0.03443	2.36354e+03	1.000	1.00000	7.94601e+07	4.84144e+07	0	0	0
30.00000	4.58159	14.000000	400	0.01644	7.33145e-02	0.100	0.00115	0.00000e+00	9.02851e+06	10	1	1
30.00000	4.58159	14.000000	400	0.01644	9.82388e-01	0.100	0.00115	0.00000e+00	9.02851e+06	10	1	1
30.00000	4.58159	14.000000	400	0.01644	1.31636e+01	0.100	0.00115	0.00000e+00	9.02851e+06	10	1	1
30.00000	4.58159	14.000000	400	0.01644	1.76388e+02	0.100	0.00115	0.00000e+00	9.02851e+06	10	1	1
30.00000	4.58159	14.000000	400	0.01644	2.36354e+03	0.100	0.00115	0.00000e+00	9.02851e+06	10	1	1
30.00000	4.58159	14.000000	400	0.04070	7.33145e-02	0.220	0.00707	0.00000e+00	6.16718e+06	10	1	1
30.00000	4.58159	14.000000	400	0.04070	9.82388e-01	0.220	0.00707	0.00000e+00	6.16718e+06	10	1	1
30.00000	4.58159	14.000000	400	0.04070	1.31636e+01	0.220	0.00707	0.00000e+00	6.16718e+06	10	1	1
30.00000	4.58159	14.000000	400	0.04070	1.76388e+02	0.220	0.00707	0.00000e+00	6.16718e+06	10	1	1
30.00000	4.58159	14.000000	400	0.04070	2.36354e+03	0.220	0.00707	0.00000e+00	6.16718e+06	10	1	1
30.00000	4.58159	14.000000	400	0.05815	7.33145e-02	0.300	0.01442	0.00000e+00	3.19410e+06	10	1	1
30.00000	4.58159	14.000000	400	0.05815	9.82388e-01	0.300	0.01442	0.00000e+00	3.19410e+06	10	1	1
30.00000	4.58159	14.000000	400	0.05815	1.31636e+01	0.300	0.01442	0.00000e+00	3.19410e+06	10	1	1
30.00000	4.58159	14.000000	400	0.05815	1.76388e+02	0.300	0.01442	0.00000e+00	3.19410e+06	10	1	1
30.00000	4.58159	14.000000	400	0.05815	2.36354e+03	0.300	0.01442	7.61222e+04	3.19410e+06	0	0	0
30.00000	4.58159	14.000000	400	0.14646	7.33145e-02	0.550	0.09151	0.00000e+00	4.73944e+05	10	1	1
30.00000	4.58159	14.000000	400	0.14646	9.82388e-01	0.550	0.09151	0.00000e+00	4.73944e+05	10	1	1
30.00000	4.58159	14.000000	400	0.14646	1.31636e+01	0.550	0.09151	0.00000e+00	4.73944e+05	10	1	1
30.00000	4.58159	14.000000	400	0.14646	1.76388e+02	0.550	0.09151	0.00000e+00	4.73944e+05	10	1	1
30.00000	4.58159	14.000000	400	0.14646	2.36354e+03	0.550	0.09151	1.84522e+02	4.73944e+05	0	0	0
30.00000	4.58159	14.000000	400	0.48417	7.33145e-02	1.000	1.00000	0.00000e+00	4.18986e+04	10	1	1
30.00000	4.58159	14.000000	400	0.48417	9.82388e-01	1.000	1.00000	0.00000e+00	4.18986e+04	10	1	1
30.00000	4.58159	14.000000	400	0.48417	1.31636e+01	1.000	1.00000	0.00000e+00	4.18986e+04	10	1	1
30.00000	4.58159	14.000000	400	0.48417	1.76388e+02	1.000	1.00000	0.00000e+00	4.18986e+04	10	1	1
30.00000	4.58159	14.000000	400	0.48417	2.36354e+03	1.000	1.00000	0.00000e+00	4.18986e+04	10	1	1
30.00000	4.58159	14.000000	675	0.00577	7.33145e-02	0.100	0.00115	0.00000e+00	1.75915e+08	10	1	1
30.00000	4.58159	14.000000	675	0.00577	9.82388e-01	0.100	0.00115	7.47101e+04	1.75915e+08	0	0	0
30.00000	4.58159	14.000000	675	0.00577	1.31636e+01	0.100	0.00115	6.59414e+05	1.75915e+08	0	0	0
30.00000	4.58159	14.000000	675	0.00577	1.76388e+02	0.100	0.00115	3.32205e+06	1.75915e+08	0	0	0
30.00000	4.58159	14.000000	675	0.00577	2.36354e+03	0.100	0.00115	2.38096e+07	1.75915e+08	0	0	0
30.00000	4.58159	14.000000	675	0.01429	7.33145e-02	0.220	0.00707	2.00334e-01	7.04115e+07	0	0	0
30.00000	4.58159	14.000000	675	0.01429	9.82388e-01	0.220	0.00707	9.26391e+00	7.04115e+07	0	0	0
30.00000	4.58159	14.000000	675	0.01429	1.31636e+01	0.220	0.00707	3.37921e+02	7.04115e+07	0	0	0
30.00000	4.58159	14.000000	675	0.01429	1.76388e+02	0.220	0.00707	9.48427e+03	7.04115e+07	0	0	0
30.00000	4.58159	14.000000	675	0.01429	2.36354e+03	0.220	0.00707	2.93848e+05	7.04115e+07	0	0	0
30.00000	4.58159	14.000000	675	0.02042	7.33145e-02	0.300	0.01442	0.00000e+00	3.32140e+07	10	1	1
30.00000	4.58159	14.000000	675	0.02042	9.82388e-01	0.300	0.01442	0.00000e+00	3.32140e+07	10	1	1
30.00000	4.58159	14.000000	675	0.02042	1.31636e+01	0.300	0.01442	1.65978e+01	3.32140e+07	0	0	0
30.00000	4.58159	14.000000	675	0.02042	1.76388e+02	0.300	0.01442	0.00000e+00	3.32140e+07	10	1	1
30.00000	4.58159	14.000000	675	0.02042	2.36354e+03	0.300	0.01442	0.00000e+00	3.32140e+07	10	1	1
30.00000	4.58159	14.000000	675	0.05143	7.33145e-02	0.550	0.09151	0.00000e+00	4.28146e+06	10	1	1
30.00000	4.58159	14.000000	675	0.05143	9.82388e-01	0.550	0.09151	0.00000e+00	4.28146e+06	10	1	1
30.00000	4.58159	14.000000	675	0.05143	1.31636e+01	0.550	0.09151	0.00000e+00	4.28146e+06	10	1	1
30.00000	4.58159	14.000000	675	0.05143	1.76388e+02	0.550	0.09151	0.00000e+00	4.28146e+06	10	1	1
30.00000	4.58159	14.000000	675	0.05143	2.36354e+03	0.550	0.09151	0.00000e+00	4.28146e+06	10	1	1
30.00000	4.58159	14.000000	675	0.17002	7.33145e-02	1.000	1.00000	0.00000e+00	3.52692e+05	10	1	1
30.00000	4.58159	14.000000	675	0.17002	9.82388e-01	1.000	1.00000	0.00000e+00	3.52692e+05	10	1	1
30.00000	4.58159	14.000000	675	0.17002	1.31636e+01	1.000	1.00000	0.00000e+00	3.52692e+05	10	1	1
30.00000	4.58159	14.000000	675	0.17002	1.76388e+02	1.000	1.00000	0.00000e+00	3.52692e+05	10	1	1
30.00000	4.58159	14.000000	675	0.17002	2.36354e+03	1.000	1.00000	0.00000e+00	3.52692e+05	10	1	1
30.00000	4.58159	14.000000	950	0.00291	7.33145e-02	0.100	0.00115	0.00000e+00	1.90935e+14	10	1	1
30.00000	4.58159	14.000000	950	0.00291	9.82388e-01	0.100	0.00115	0.00000e+00	1.90935e+14	10	1	1
30.00000	4.58159	14.000000	950	0.00291	1.31636e+01	0.100	0.00115	0.00000e+00	1.90935e+14	10	1	1
30.00000	4.58159	14.000000	950	0.00291	1.76388e+02	0.100	0.00115	0.00000e+00	1.90935e+14	10	1	1
30.00000	4.58159	14.000000	950	0.00291	2.36354e+03	0.100	0.00115	0.00000e+00	1.90935e+14	10	1	1
30.00000	4.58159	14.000000	950	0.00722	7.33145e-02	0.220	0.00707	0.00000e+00	5.94387e+08	10	1	1
30.00000	4.58159	14.000000	950	0.00722	9.82388e-01	0.220	0.00707	1.04493e+05	5.94387e+08	0	0	0
30.00000	4.58159	14.000000	950	0.00722	1.31636e+01	0.220	0.00707	9.73147e+05	5.94387e+08	0	0	0
30.00000	4.58159	14.000000	950	0.00722	1.76388e+02	0.220	0.00707	4.67649e+06	5.94387e+08	0	0	0
30.00000	4.58159	14.000000	950	0.00722	2.36354e+03	0.220	0.00707	2.83603e+07	5.94387e+08	0	0	0
30.00000	4.58159	14.000000	950	0.01031	7.33145e-02	0.300	0.01442	4.25737e+02	2.14791e+08	0	0	0
30.00000	4.58159	14.000000	950	0.01031	9.82388e-01	0.300	0.01442	5.06037e+03	2.14791e+08	0	0	0
30.00000	4.58159	14.000000	950	0.01031	1.31636e+01	0.300	0.01442	4.66186e+04	2.14791e+08	0	0	0
30.00000	4.58159	14.000000	950	0.01031	1.76388e+02	0.300	0.01442	4.91528e+05	2.14791e+08	0	0	0
30.00000	4.58159	14.000000	950	0.01031	2.36354e+03	0.300	0.01442	6.89187e+06	2.14791e+08	0	0	0
30.00000	4.58159	14.000000	950	0.02597	7.33145e-02	0.550	0.09151	0.00000e+00	2.02197e+07	10	1	1
30.00000	4.58159	14.000000	950	0.02597	9.82388e-01	0.550	0.09151	0.00000e+00	2.02197e+07	10	1	1
30.00000	4.58159	14.000000	950	0.02597	1.31636e+01	0.550	0.09151	1.01685e+01	2.02197e+07	0	0	0
30.00000	4.58159	14.000000	950	0.02597	1.76388e+02	0.550	0.09151	0.00000e+00	2.02197e+07	10	1	1
30.00000	4.58159	14.000000	950	0.02597	2.36354e+03	0.550	0.09151	0.00000e+00	2.02197e+07	10	1	1
30.00000	4.58159	14.000000	950	0.08584	7.33145e-02	1.000	1.00000	0.00000e+00	1.46805e+06	10	1	1
30.00000	4.58159	14.000000	950	0.08584	9.82388e-01	1.000	1.00000	0.00000e+00	1.46805e+06	10	1	1
30.00000	4.58159	14.000000	950	0.08584	1.31636e+01	1.000	1.00000	0.00000e+00	1.46805e+06	10	1	1
30.00000	4.58159	14.000000	950	0.08584	1.76388e+02	1.000	1.00000	0.00000e+00	1.46805e+06	10	1	1
30.00000	4.58159	14.000000	950	0.08584	2.36354e+03	1.000	1.00000	0.00000e+00	1.46805e+06	10	1	1
30.00000	4.58159	14.000000	1225	0.00175	7.33145e-02	0.100	0.00115	0.00000e+00	7.23882e+08	10	1	1
30.00000	4.58159	14.000000	1225	0.00175	9.82388e-01	0.100	0.00115	0.00000e+00	7.23882e+08	10	1	1
30.00000	4.58159	14.000000	1225	0.00175	1.31636e+01	0.100	0.00115	0.00000e+00	7.23882e+08	10	1	1
30.00000	4.58159	14.000000	1225	0.00175	1.76388e+02	0.100	0.00115	0.00000e+00	7.23882e+08	10	1	1
30.00000	4.58159	14.000000	1225	0.00175	2.36354e+03	0.100	0.00115	0.00000e+00	7.23882e+08	10	1	1
30.00000	4.58159	14.000000	1225	0.00434	7.33145e-02	0.220	0.00707	0.00000e+00	2.04909e+10	10	1	1
30.00000	4.58159	14.000000	1225	0.00434	9.82388e-01	0.220	0.00707	0.00000e+00	2.04909e+10	10	1	1
30.00000	4.58159	14.000000	1225	0.00434	1.31636e+01	0.220	0.00707	0.00000e+00	2.04909e+10	10	1	1
30.00000	4.58159	14.000000	1225	0.00434	1.76388e+02	0.220	0.00707	0.00000e+00	2.04909e+10	10	1	1
30.00000	4.58159	14.000000	1225	0.00434	2.36354e+03	0.220	0.00707	0.00000e+00	2.04909e+10	10	1	1
30.00000	4.58159	14.000000	1225	0.00620	7.33145e-02	0.300	0.01442	0.00000e+00	1.80981e+09	10	1	1
30.00000	4.58159	14.000000	1225	0.00620	9.82388e-01	0.300	0.01442	0.00000e+00	1.80981e+09	10	1	1
30.00000	4.58159	14.000000	1225	0.00620	1.31636e+01	0.300	0.01442	0.00000e+00	1.80981e+09	10	1	1
30.00000	4.58159	14.000000	1225	0.00620	1.76388e+02	0.300	0.01442	0.00000e+00	1.80981e+09	10	1	1
30.00000	4.58159	14.000000	1225	0.00620	2.36354e+03	0.300	0.01442	0.00000e+00	1.80981e+09	10	1	1
30.00000	4.58159	14.000000	1225	0.01562	7.33145e-02	0.550	0.09151	1.71327e+01	7.54590e+07	0	0	0
30.00000	4.58159	14.000000	1225	0.01562	9.82388e-01	0.550	0.09151	2.28340e+02	7.54590e+07	0	0	0
30.00000	4.58159	14.000000	1225	0.01562	1.31636e+01	0.550	0.09151	3.74617e+03	7.54590e+07	0	0	0
30.00000	4.58159	14.000000	1225	0.01562	1.76388e+02	0.550	0.09151	7.37651e+04	7.54590e+07	0	0	0
30.00000	4.58159	14.000000	1225	0.01562	2.36354e+03	0.550	0.09151	1.56109e+06	7.54590e+07	0	0	0
30.00000	4.58159	14.000000	1225	0.05162	7.33145e-02	1.000	1.00000	0.00000e+00	4.41621e+06	10	1	1
30.00000	4.58159	14.000000	1225	0.05162	9.82388e-01	1.000	1.00000	0.00000e+00	4.41621e+06	10	1	1
30.00000	4.58159	14.000000	1225	0.05162	1.31636e+01	1.000	1.00000	0.00000e+00	4.41621e+06	10	1	1
30.00000	4.58159	14.000000	1225	0.05162	1.76388e+02	1.000	1.00000	0.00000e+00	4.41621e+06	10	1	1
30.00000	4.58159	14.000000	1225	0.05162	2.36354e+03	1.000	1.00000	0.00000e+00	4.41621e+06	10	1	1
30.00000	4.58159	14.000000	1500	0.00117	7.33145e-02	0.100	0.00115	0.00000e+00	2.61737e+08	10	1	1
30.00000	4.58159	14.000000	1500	0.00117	9.82388e-01	0.100	0.00115	0.00000e+00	2.61737e+08	10	1	1
30.00000	4.58159	14.000000	1500	0.00117	1.31636e+01	0.100	0.00115	0.00000e+00	2.61737e+08	10	1	1
30.00000	4.58159	14.000000	1500	0.00117	1.76388e+02	0.100	0.00115	0.00000e+00	2.61737e+08	10	1	1
30.00000	4.58159	14.000000	1500	0.00117	2.36354e+03	0.100	0.00115	0.00000e+00	2.61737e+08	10	1	1
30.00000	4.58159	14.000000	1500	0.00289	7.33145e-02	0.220	0.00707	0.00000e+00	6.57355e+09	10	1	1
30.00000	4.58159	14.000000	1500	0.00289	9.82388e-01	0.220	0.00707	0.00000e+00	6.57355e+09	10	1	1
30.00000	4.58159	14.000000	1500	0.00289	1.31636e+01	0.220	0.00707	0.00000e+00	6.57355e+09	10	1	1
30.00000	4.58159	14.000000	1500	0.00289	1.76388e+02	0.220	0.00707	0.00000e+00	6.57355e+09	10	1	1
30.00000	4.58159	14.000000	1500	0.00289	2.36354e+03	0.220	0.00707	0.00000e+00	6.57355e+09	10	1	1
30.00000	4.58159	14.000000	1500	0.00414	7.33145e-02	0.300	0.01442	0.00000e+00	1.24389e+12	10	1	1
30.00000	4.58159	14.000000	1500	0.00414	9.82388e-01	0.300	0.01442	0.00000e+00	1.24389e+12	10	1	1
30.00000	4.58159	14.000000	1500	0.00414	1.31636e+01	0.300	0.01442	0.00000e+00	1.24389e+12	10	1	1
30.00000	4.58159	14.000000	1500	0.00414	1.76388e+02	0.300	0.01442	0.00000e+00	1.24389e+12	10	1	1
30.00000	4.58159	14.000000	1500	0.00414	2.36354e+03	0.300	0.01442	0.00000e+00	1.24389e+12	10	1	1
30.00000	4.58159	14.000000	1500	0.01041	7.33145e-02	0.550	0.09151	4.53668e+03	2.78425e+08	0	0	0
30.00000	4.58159	14.000000	1500	0.01041	9.82388e-01	0.550	0.09151	5.36444e+04	2.78425e+08	0	0	0
30.00000	4.58159	14.000000	1500	0.01041	1.31636e+01	0.550	0.09151	4.55570e+05	2.78425e+08	0	0	0
30.00000	4.58159	14.000000	1500	0.01041	1.76388e+02	0.550	0.09151	2.50696e+06	2.78425e+08	0	0	0
30.00000	4.58159	14.000000	1500	0.01041	2.36354e+03	0.550	0.09151	2.04259e+07	2.78425e+08	0	0	0
30.00000	4.58159	14.000000	1500	0.03443	7.33145e-02	1.000	1.00000	0.00000e+00	1.11404e+07	10	1	1
30.00000	4.58159	14.000000	1500	0.03443	9.82388e-01	1.000	1.00000	0.00000e+00	1.11404e+07	10	1	1
30.00000	4.58159	14.000000	1500	0.03443	1.31636e+01	1.000	1.00000	0.00000e+00	1.11404e+07	10	1	1
30.00000	4.58159	14.000000	1500	0.03443	1.76388e+02	1.000	1.00000	0.00000e+00	1.11404e+07	10	1	1
30.00000	4.58159	14.000000	1500	0.03443	2.36354e+03	1.000	1.00000	0.00000e+00	1.11404e+07	10	1	1
30.00000	3.12983	30.000000	400	0.01644	7.33145e-02	0.100	0.00115	0.00000e+00	1.76832e+06	10	1	1
30.00000	3.12983	30.000000	400	0.01644	9.82388e-01	0.100	0.00115	0.00000e+00	1.76832e+06	10	1	1
30.00000	3.12983	30.000000	400	0.01644	1.31636e+01	0.100	0.00115	0.00000e+00	1.76832e+06	10	1	1
30.00000	3.12983	30.000000	400	0.01644	1.76388e+02	0.100	0.00115	0.00000e+00	1.76832e+06	10	1	1
30.00000	3.12983	30.000000	400	0.01644	2.36354e+03	0.100	0.00115	0.00000e+00	1.76832e+06	10	1	1
30.00000	3.12983	30.000000	400	0.04070	7.33145e-02	0.220	0.00707	0.00000e+00	1.27772e+06	10	1	1
30.00000	3.12983	30.000000	400	0.04070	9.82388e-01	0.220	0.00707	0.00000e+00	1.27772e+06	10	1	1
30.00000	3.12983	30.000000	400	0.04070	1.31636e+01	0.220	0.00707	0.00000e+00	1.27772e+06	10	1	1
30.00000	3.12983	30.000000	400	0.04070	1.76388e+02	0.220	0.00707	0.00000e+00	1.27772e+06	10	1	1
30.00000	3.12983	30.000000	400	0.04070	2.36354e+03	0.220	0.00707	0.00000e+00	1.27772e+06	10	1	1
30.00000	3.12983	30.000000	400	0.05815	7.33145e-02	0.300	0.01442	0.00000e+00	6.69869e+05	10	1	1
30.00000	3.12983	30.000000	400	0.05815	9.82388e-01	0.300	0.01442	0.00000e+00	6.69869e+05	10	1	1
30.00000	3.12983	30.000000	400	0.05815	1.31636e+01	0.300	0.01442	0.00000e+00	6.69869e+05	10	1	1
30.00000	3.12983	30.000000	400	0.05815	1.76388e+02	0.300	0.01442	0.00000e+00	6.69869e+05	10	1	1
30.00000	3.12983	30.000000	400	0.05815	2.36354e+03	0.300	0.01442	0.00000e+00	6.69869e+05	10	1	1
30.00000	3.12983	30.000000	400	0.14646	7.33145e-02	0.550	0.09151	0.00000e+00	1.01427e+05	10	1	1
30.00000	3.12983	30.000000	400	0.14646	9.82388e-01	0.550	0.09151	0.00000e+00	1.01427e+05	10	1	1
30.00000	3.12983	30.000000	400	0.14646	1.31636e+01	0.550	0.09151	0.00000e+00	1.01427e+05	10	1	1
30.00000	3.12983	30.000000	400	0.14646	1.76388e+02	0.550	0.09151	0.00000e+00	1.01427e+05	10	1	1
30.00000	3.12983	30.000000	400	0.14646	2.36354e+03	0.550	0.09151	0.00000e+00	1.01427e+05	10	1	1
30.00000	3.12983	30.000000	400	0.48417	7.33145e-02	1.000	1.00000	0.00000e+00	9.06755e+03	10	1	1
30.00000	3.12983	30.000000	400	0.48417	9.82388e-01	1.000	1.00000	0.00000e+00	9.06755e+03	10	1	1
30.00000	3.12983	30.000000	400	0.48417	1.31636e+01	1.000	1.00000	0.00000e+00	9.06755e+03	10	1	1
30.00000	3.12983	30.000000	400	0.48417	1.76388e+02	1.000	1.00000	0.00000e+00	9.06755e+03	10	1	1
30.00000	3.12983	30.000000	400	0.48417	2.36354e+03	1.000	1.00000	0.00000e+00	9.06755e+03	10	1	1
30.00000	3.12983	30.000000	675	0.00577	7.33145e-02	0.100	0.00115	0.00000e+00	2.33593e+07	10	1	1
30.00000	3.12983	30.000000	675	0.00577	9.82388e-01	0.100	0.00115	0.00000e+00	2.33593e+07	10	1	1
30.00000	3.12983	30.000000	675	0.00577	1.31636e+01	0.100	0.00115	0.00000e+00	2.33593e+07	10	1	1
30.00000	3.12983	30.000000	675	0.00577	1.76388e+02	0.100	0.00115	0.00000e+00	2.33593e+07	10	1	1
30.00000	3.12983	30.000000	675	0.00577	2.36354e+03	0.100	0.00115	0.00000e+00	2.33593e+07	10	1	1
30.00000	3.12983	30.000000	675	0.01429	7.33145e-02	0.220	0.00707	0.00000e+00	1.28217e+07	10	1	1
30.00000	3.12983	30.000000	675	0.01429	9.82388e-01	0.220	0.00707	0.00000e+00	1.28217e+07	10	1	1
30.00000	3.12983	30.000000	675	0.01429	1.31636e+01	0.220	0.00707	0.00000e+00	1.28217e+07	10	1	1
30.00000	3.12983	30.000000	675	0.01429	1.76388e+02	0.220	0.00707	0.00000e+00	1.28217e+07	10	1	1
30.00000	3.12983	30.000000	675	0.01429	2.36354e+03	0.220	0.00707	0.00000e+00	1.28217e+07	10	1	1
30.00000	3.12983	30.000000	675	0.02042	7.33145e-02	0.300	0.01442	0.00000e+00	6.36433e+06	10	1	1
30.00000	3.12983	30.000000	675	0.02042	9.82388e-01	0.300	0.01442	0.00000e+00	6.36433e+06	10	1	1
30.00000	3.12983	30.000000	675	0.02042	1.31636e+01	0.300	0.01442	0.00000e+00	6.36433e+06	10	1	1
30.00000	3.12983	30.000000	675	0.02042	1.76388e+02	0.300	0.01442	0.00000e+00	6.36433e+06	10	1	1
30.00000	3.12983	30.000000	675	0.02042	2.36354e+03	0.300	0.01442	0.00000e+00	6.36433e+06	10	1	1
30.00000	3.12983	30.000000	675	0.05143	7.33145e-02	0.550	0.09151	0.00000e+00	8.83335e+05	10	1	1
30.00000	3.12983	30.000000	675	0.05143	9.82388e-01	0.550	0.09151	0.00000e+00	8.83335e+05	10	1	1
30.00000	3.12983	30.000000	675	0.05143	1.31636e+01	0.550	0.09151	0.00000e+00	8.83335e+05	10	1	1
30.00000	3.12983	30.000000	675	0.05143	1.76388e+02	0.550	0.09151	0.00000e+00	8.83335e+05	10	1	1
30.00000	3.12983	30.000000	675	0.05143	2.36354e+03	0.550	0.09151	0.00000e+00	8.83335e+05	10	1	1
30.00000	3.12983	30.000000	675	0.17002	7.33145e-02	1.000	1.00000	0.00000e+00	7.54074e+04	10	1	1
30.00000	3.12983	30.000000	675	0.17002	9.82388e-01	1.000	1.00000	0.00000e+00	7.54074e+04	10	1	1
30.00000	3.12983	30.000000	675	0.17002	1.31636e+01	1.000	1.00000	0.00000e+00	7.54074e+04	10	1	1
30.00000	3.12983	30.000000	675	0.17002	1.76388e+02	1.000	1.00000	0.00000e+00	7.54074e+04	10	1	1
30.00000	3.12983	30.000000	675	0.17002	2.36354e+03	1.000	1.00000	0.00000e+00	7.54074e+04	10	1	1
30.00000	3.12983	30.000000	950	0.00291	7.33145e-02	0.100	0.00115	0.00000e+00	3.43304e+08	10	1	1
30.00000	3.12983	30.000000	950	0.00291	9.82388e-01	0.100	0.00115	0.00000e+00	3.43304e+08	10	1	1
30.00000	3.12983	30.000000	950	0.00291	1.31636e+01	0.100	0.00115	0.00000e+00	3.43304e+08	10	1	1
30.00000	3.12983	30.000000	950	0.00291	1.76388e+02	0.100	0.00115	0.00000e+00	3.43304e+08	10	1	1
30.00000	3.12983	30.000000	950	0.00291	2.36354e+03	0.100	0.00115	0.00000e+00	3.43304e+08	10	1	1
30.00000	3.12983	30.000000	950	0.00722	7.33145e-02	0.220	0.00707	0.00000e+00	7.59066e+07	10	1	1
30.00000	3.12983	30.000000	950	0.00722	9.82388e-01	0.220	0.00707	0.00000e+00	7.59066e+07	10	1	1
30.00000	3.12983	30.000000	950	0.00722	1.31636e+01	0.220	0.00707	0.00000e+00	7.59066e+07	10	1	1
30.00000	3.12983	30.000000	950	0.00722	1.76388e+02	0.220	0.00707	0.00000e+00	7.59066e+07	10	1	1
30.00000	3.12983	30.000000	950	0.00722	2.36354e+03	0.220	0.00707	0.00000e+00	7.59066e+07	10	1	1
30.00000	3.12983	30.000000	950	0.01031	7.33145e-02	0.300	0.01442	0.00000e+00	3.32961e+07	10	1	1
30.00000	3.12983	30.000000	950	0.01031	9.82388e-01	0.300	0.01442	0.00000e+00	3.32961e+07	10	1	1
30.00000	3.12983	30.000000	950	0.01031	1.31636e+01	0.300	0.01442	0.00000e+00	3.32961e+07	10	1	1
30.00000	3.12983	30.000000	950	0.01031	1.76388e+02	0.300	0.01442	0.00000e+00	3.32961e+07	10	1	1
30.00000	3.12983	30.000000	950	0.01031	2.36354e+03	0.300	0.01442	0.00000e+00	3.32961e+07	10	1	1
30.00000	3.12983	30.000000	950	0.02597	7.33145e-02	0.550	0.09151	0.00000e+00	3.89803e+06	10	1	1
30.00000	3.12983	30.000000	950	0.02597	9.82388e-01	0.550	0.09151	0.00000e+00	3.89803e+06	10	1	1
30.00000	3.12983	30.000000	950	0.02597	1.31636e+01	0.550	0.09151	0.00000e+00	3.89803e+06	10	1	1
30.00000	3.12983	30.000000	950	0.02597	1.76388e+02	0.550	0.09151	0.00000e+00	3.89803e+06	10	1	1
30.00000	3.12983	30.000000	950	0.02597	2.36354e+03	0.550	0.09151	0.00000e+00	3.89803e+06	10	1	1
30.00000	3.12983	30.000000	950	0.08584	7.33145e-02	1.000	1.00000	0.00000e+00	3.07728e+05	10	1	1
30.00000	3.12983	30.000000	950	0.08584	9.82388e-01	1.000	1.00000	0.00000e+00	3.07728e+05	10	1	1
30.00000	3.12983	30.000000	950	0.08584	1.31636e+01	1.000	1.00000	0.00000e+00	3.07728e+05	10	1	1
30.00000	3.12983	30.000000	950	0.08584	1.76388e+02	1.000	1.00000	0.00000e+00	3.07728e+05	10	1	1
30.00000	3.12983	30.000000	950	0.08584	2.36354e+03	1.000	1.00000	0.00000e+00	3.07728e+05	10	1	1
30.00000	3.12983	30.000000	1225	0.00175	7.33145e-02	0.100	0.00115	0.00000e+00	4.33774e+09	10	1	1
30.00000	3.12983	30.000000	1225	0.00175	9.82388e-01	0.100	0.00115	0.00000e+00	4.33774e+09	10	1	1
30.00000	3.12983	30.000000	1225	0.00175	1.31636e+01	0.100	0.00115	0.00000e+00	4.33774e+09	10	1	1
30.00000	3.12983	30.000000	1225	0.00175	1.76388e+02	0.100	0.00115	0.00000e+00	4.33774e+09	10	1	1
30.00000	3.12983	30.000000	1225	0.00175	2.36354e+03	0.100	0.00115	0.00000e+00	4.33774e+09	10	1	1
30.00000	3.12983	30.000000	1225	0.00434	7.33145e-02	0.220	0.00707	0.00000e+00	4.82373e+08	10	1	1
30.00000	3.12983	30.000000	1225	0.00434	9.82388e-01	0.220	0.00707	0.00000e+00	4.82373e+08	10	1	1
30.00000	3.12983	30.000000	1225	0.00434	1.31636e+01	0.220	0.00707	0.00000e+00	4.82373e+08	10	1	1
30.00000	3.12983	30.000000	1225	0.00434	1.76388e+02	0.220	0.00707	0.00000e+00	4.82373e+08	10	1	1
30.00000	3.12983	30.000000	1225	0.00434	2.36354e+03	0.220	0.00707	0.00000e+00	4.82373e+08	10	1	1
30.00000	3.12983	30.000000	1225	0.00620	7.33145e-02	0.300	0.01442	0.00000e+00	1.53892e+08	10	1	1
30.00000	3.12983	30.000000	1225	0.00620	9.82388e-01	0.300	0.01442	0.00000e+00	1.53892e+08	10	1	1
30.00000	3.12983	30.000000	1225	0.00620	1.31636e+01	0.300	0.01442	0.00000e+00	1.53892e+08	10	1	1
30.00000	3.12983	30.000000	1225	0.00620	1.76388e+02	0.300	0.01442	0.00000e+00	1.53892e+08	10	1	1
30.00000	3.12983	30.000000	1225	0.00620	2.36354e+03	0.300	0.01442	0.00000e+00	1.53892e+08	10	1	1
30.00000	3.12983	30.000000	1225	0.01562	7.33145e-02	0.550	0.09151	0.00000e+00	1.28777e+07	10	1	1
30.00000	3.12983	30.000000	1225	0.01562	9.82388e-01	0.550	0.09151	0.00000e+00	1.28777e+07	10	1	1
30.00000	3.12983	30.000000	1225	0.01562	1.31636e+01	0.550	0.09151	0.00000e+00	1.28777e+07	10	1	1
30.00000	3.12983	30.000000	1225	0.01562	1.76388e+02	0.550	0.09151	0.00000e+00	1.28777e+07	10	1	1
30.00000	3.12983	30.000000	1225	0.01562	2.36354e+03	0.550	0.09151	0.00000e+00	1.28777e+07	10	1	1
30.00000	3.12983	30.000000	1225	0.05162	7.33145e-02	1.000	1.00000	0.00000e+00	8.98872e+05	10	1	1
30.00000	3.12983	30.000000	1225	0.05162	9.82388e-01	1.000	1.00000	0.00000e+00	8.98872e+05	10	1	1
30.00000	3.12983	30.000000	1225	0.05162	1.31636e+01	1.000	1.00000	0.00000e+00	8.98872e+05	10	1	1
30.00000	3.12983	30.000000	1225	0.05162	1.76388e+02	1.000	1.00000	0.00000e+00	8.98872e+05	10	1	1
30.00000	3.12983	30.000000	1225	0.05162	2.36354e+03	1.000	1.00000	0.00000e+00	8.98872e+05	10	1	1
30.00000	3.12983	30.000000	1500	0.00117	7.33145e-02	0.100	0.00115	0.00000e+00	3.11507e+08	10	1	1
30.00000	3.12983	30.000000	1500	0.00117	9.82388e-01	0.100	0.00115	0.00000e+00	3.11507e+08	10	1	1
30.00000	3.12983	30.000000	1500	0.00117	1.31636e+01	0.100	0.00115	0.00000e+00	3.11507e+08	10	1	1
30.00000	3.12983	30.000000	1500	0.00117	1.76388e+02	0.100	0.00115	0.00000e+00	3.11507e+08	10	1	1
30.00000	3.12983	30.000000	1500	0.00117	2.36354e+03	0.100	0.00115	0.00000e+00	3.11507e+08	10	1	1
30.00000	3.12983	30.000000	1500	0.00289	7.33145e-02	0.220	0.00707	0.00000e+00	1.44026e+10	10	1	1
30.00000	3.12983	30.000000	1500	0.00289	9.82388e-01	0.220	0.00707	0.00000e+00	1.44026e+10	10	1	1
30.00000	3.12983	30.000000	1500	0.00289	1.31636e+01	0.220	0.00707	0.00000e+00	1.44026e+10	10	1	1
30.00000	3.12983	30.000000	1500	0.00289	1.76388e+02	0.220	0.00707	0.00000e+00	1.44026e+10	10	1	1
30.00000	3.12983	30.000000	1500	0.00289	2.36354e+03	0.220	0.00707	0.00000e+00	1.44026e+10	10	1	1
30.00000	3.12983	30.000000	1500	0.00414	7.33145e-02	0.300	0.01442	0.00000e+00	9.78296e+08	10	1	1
30.00000	3.12983	30.000000	1500	0.00414	9.82388e-01	0.300	0.01442	0.00000e+00	9.78296e+08	10	1	1
30.00000	3.12983	30.000000	1500	0.00414	1.31636e+01	0.300	0.01442	0.00000e+00	9.78296e+08	10	1	1
30.00000	3.12983	30.000000	1500	0.00414	1.76388e+02	0.300	0.01442	0.00000e+00	9.78296e+08	10	1	1
30.00000	3.12983	30.000000	1500	0.00414	2.36354e+03	0.300	0.01442	0.00000e+00	9.78296e+08	10	1	1
30.00000	3.12983	30.000000	1500	0.01041	7.33145e-02	0.550	0.09151	0.00000e+00	3.77127e+07	10	1	1
30.00000	3.12983	30.000000	1500	0.01041	9.82388e-01	0.550	0.09151	0.00000e+00	3.77127e+07	10	1	1
30.00000	3.12983	30.000000	1500	0.01041	1.31636e+01	0.550	0.09151	0.00000e+00	3.77127e+07	10	1	1
30.00000	3.12983	30.000000	1500	0.01041	1.76388e+02	0.550	0.09151	0.00000e+00	3.77127e+07	10	1	1
30.00000	3.12983	30.000000	1500	0.01041	2.36354e+03	0.550	0.09151	0.00000e+00	3.77127e+07	10	1	1
30.00000	3.12983	30.000000	1500	0.03443	7.33145e-02	1.000	1.00000	0.00000e+00	2.17373e+06	10	1	1
30.00000	3.12983	30.000000	1500	0.03443	9.82388e-01	1.000	1.00000	0.00000e+00	2.17373e+06	10	1	1
30.00000	3.12983	30.000000	1500	0.03443	1.31636e+01	1.000	1.00000	0.00000e+00	2.17373e+06	10	1	1
30.00000	3.12983	30.000000	1500	0.03443	1.76388e+02	1.000	1.00000	0.00000e+00	2.17373e+06	10	1	1
30.00000	3.12983	30.000000	1500	0.03443	2.36354e+03	1.000	1.00000	0.00000e+00	2.17373e+06	10	1	1
